Price,Close,High,Low,Open,Volume
Ticker,ACWI,ACWI,ACWI,ACWI,ACWI
Date,,,,,
2008-03-28,35.668975830078125,35.668975830078125,35.668975830078125,35.668975830078125,200
2008-03-31,35.11363220214844,35.597761982380305,35.11363220214844,35.597761982380305,400
2008-04-01,36.060546875,36.060546875,35.711687487776636,35.775763590903594,600
2008-04-02,36.45923614501953,36.59450941202221,36.34532338727192,36.3951600490431,10700
2008-04-03,36.66570281982422,42.50373759839257,36.27412789599525,42.50373759839257,29100
2008-04-04,36.64434814453125,39.12195280246981,36.64434814453125,39.12195280246981,9900
2008-04-07,36.857948303222656,37.72653515902596,36.487730999370356,37.72653515902596,11300
2008-04-08,37.08576202392578,37.08576202392578,36.544677040082426,36.544677040082426,800
2008-04-09,36.395164489746094,36.53755613327792,36.33108838595151,36.53755613327792,4300
2008-04-10,36.395164489746094,36.665708340867084,36.19581781833836,36.665708340867084,6900
2008-04-11,35.81847381591797,36.18156984110904,35.81847381591797,36.18156984110904,600
2008-04-14,35.960872650146484,36.44500262815249,35.882559823144035,36.44500262815249,3900
2008-04-15,36.060546875,36.060546875,35.88967636136322,36.024946927566944,3100
2008-04-16,36.55179977416992,36.87929869084257,36.44500535026166,36.44500535026166,2900
2008-04-17,37.043052673339844,37.66245606222503,36.772511473948406,36.79386927498053,16400
2008-04-18,37.44886016845703,37.93299015099999,37.16407958312843,37.93299015099999,9700
2008-04-21,37.619720458984375,43.03770105753487,37.35629774234106,40.05460643011281,59100
2008-04-22,37.27799606323242,37.520061078548025,37.11424659932703,37.27799606323242,3600
2008-04-23,37.37054443359375,37.619727765858684,37.14983725652007,37.448857255237996,21500
2008-04-24,37.384788513183594,37.477343504486704,37.021692340987016,37.021692340987016,7100
2008-04-25,37.534297943115234,37.648210723930205,37.42750352289717,37.648210723930205,1700
2008-04-28,37.840431213378906,38.08961452108433,37.70515794700079,38.08961452108433,16100
2008-04-29,37.406150817871094,37.74076812938065,37.235280265438,37.74076812938065,13600
2008-04-30,37.91162872314453,38.324564198781886,37.5342931936718,37.54141155336798,9700
2008-05-01,37.797733306884766,37.86892780010498,37.42751596716884,37.48447373446167,6300
2008-05-02,38.032657623291016,38.25336478347923,37.961463166917746,38.08961536110517,15400
2008-05-05,38.13945388793945,38.13945388793945,38.01842276301021,38.09673558249084,4500
2008-05-06,38.3957633972168,38.3957633972168,38.01130674471278,38.03266454233137,2200
2008-05-07,37.7549934387207,38.353036074578,37.73363564612039,38.353036074578,5300
2008-05-08,37.883148193359375,38.51678809845552,37.861790399311694,37.883148193359375,189500
2008-05-09,37.719398498535156,37.719398498535156,37.48445461800929,37.48445461800929,1000
2008-05-12,38.10386276245117,38.10386276245117,37.81907944562573,37.81907944562573,2700
2008-05-13,38.146583557128906,38.516798090840666,37.89739745971714,38.0469074886271,281400
2008-05-14,38.23201370239258,38.52391537020515,38.23201370239258,38.41712095100023,19400
2008-05-15,38.63782501220703,38.63782501220703,38.438478342834436,38.438478342834436,8400
2008-05-16,38.96533966064453,38.96533966064453,38.70903514433328,38.83006903965616,4400
2008-05-19,38.951072692871094,39.32841083784531,38.87275717757656,38.87275717757656,12300
2008-05-20,38.56663131713867,38.894132938271675,38.56663131713867,38.894132938271675,296200
2008-05-21,38.30320739746094,38.815816253856966,38.28184960040939,38.765979583473445,12200
2008-05-22,38.36016082763672,38.54526805167557,38.19641139824613,38.4455947221243,11400
2008-05-23,37.762123107910156,38.374405316816876,37.092883151247044,38.36016587987778,13800
2008-05-27,38.05403137207031,38.872778768786134,37.541422416981895,38.872778768786134,4000
2008-05-28,38.046905517578125,38.0540265943355,37.81196158659037,37.897395496413644,4800
2008-05-29,38.28184127807617,39.09346998032819,37.93298194533744,38.04689469800624,246700
2008-05-30,38.23912811279297,38.694779184661094,38.23200975299893,38.694779184661094,43300
2008-06-02,37.94722366333008,38.281843582642544,37.826192544537136,38.22488584493216,45500
2008-06-03,37.85467529296875,38.28185025254064,37.49869751793961,37.947230274926895,18700
2008-06-04,37.470218658447266,37.769238664283115,37.46309758255897,37.57701035371949,2900
2008-06-05,38.274723052978516,38.274723052978516,37.626843714708514,37.626843714708514,15500
2008-06-06,37.26375198364258,37.97570750284409,37.26375198364258,37.97570750284409,9500
2008-06-09,37.03593063354492,37.37055063459193,37.021691195639185,37.25663784724115,4300
2008-06-10,36.67283248901367,36.88642134596977,36.60163801395839,36.88642134596977,7200
2008-06-11,36.23141098022461,36.70842252508735,36.23141098022461,36.70842252508735,1900
2008-06-12,36.25278091430664,36.49484594741414,36.13886811730872,36.15310755642037,13800
2008-06-13,36.5019645690918,36.51620400724543,36.25277847524587,36.25277847524587,3900
2008-06-16,36.7440299987793,36.79386667492943,36.53756221707435,36.53756221707435,3300
2008-06-17,36.73689651489258,36.86504870054057,36.66570206326335,36.66570206326335,9400
2008-06-18,36.47346878051758,36.66569703261525,36.402274338656454,36.66569703261525,9800
2008-06-19,35.989349365234375,36.40228485178922,35.989349365234375,36.40228485178922,76300
2008-06-20,35.73303985595703,36.658584030740236,35.68320319619415,36.10325698269146,35700
2008-06-23,35.85408401489258,35.85408401489258,35.59777956746363,35.647616241586476,11300
2008-06-24,35.49810028076172,35.93239355337532,35.412666384542604,35.597773612333114,49500
2008-06-25,35.8825569152832,35.94663301647064,35.71168640681851,35.71168640681851,1800
2008-06-26,34.98549270629883,35.7615243070697,34.98549270629883,35.7615243070697,22000
2008-06-27,35.049564361572266,35.13499824996397,34.814620489521495,35.03532492752459,5500
2008-06-30,35.18484878540039,35.498111026187246,35.17773042351679,35.17773042351679,61200
2008-07-01,34.914302825927734,35.08517064682478,34.45865168234222,34.75055336594513,40100
2008-07-02,34.36610412597656,35.09229931154989,34.302028000311395,35.09229931154989,8100
2008-07-03,34.22370529174805,34.45865194212152,34.138271380655446,34.45865194212152,5600
2008-07-07,34.358970642089844,36.096143770284876,33.4619079225637,33.46902628244719,14900
2008-07-08,34.25929260253906,34.25929260253906,33.639892173758355,33.99586986871876,3100
2008-07-09,34.180992126464844,34.82175334590599,33.96028759657604,34.48713329620945,113700
2008-07-10,34.067073822021484,34.29489939306089,33.860608765444866,34.067073822021484,31000
2008-07-11,33.8178825378418,34.06706584913129,33.50462312995008,33.88195863444401,539500
2008-07-14,33.68260955810547,34.12402112739168,33.56869680745438,34.05282667669507,1231200
2008-07-15,33.33375549316406,33.47614713292751,32.85674662323535,33.4619076973617,22700
2008-07-16,33.654136657714844,33.71109168519035,33.05609393180133,33.14864890683054,640000
2008-07-17,34.102664947509766,34.26641436456831,33.94603388949971,34.19521719461177,123400
2008-07-18,34.13115310668945,36.032076116897834,33.83925139691457,36.032076116897834,6000
2008-07-21,34.28065872192383,34.992614228373796,34.27353764595828,34.992614228373796,306900
2008-07-22,34.26640701293945,34.316243663269745,34.03858154974562,34.17385206980016,17800
2008-07-23,34.72917938232422,34.87157098844443,34.608148282453136,34.608148282453136,4100
2008-07-24,33.99586486816406,34.75053844819484,33.99586486816406,34.75053844819484,13200
2008-07-25,33.98875045776367,34.180976017105394,33.96027159123371,33.99586881644906,25500
2008-07-28,33.58294677734375,34.09555571550594,33.58294677734375,33.95316404202808,43900
2008-07-29,33.960289001464844,34.010125685494664,33.55447445099597,33.55447445099597,15700
2008-07-30,34.159629821777344,34.34473980116961,33.94604368208214,34.13827202257636,39500
2008-07-31,34.07419204711914,34.40169093859283,34.07419204711914,34.19522318340058,9300
2008-08-01,33.67550277709961,34.031480613466194,33.654144976004126,34.031480613466194,13900
2008-08-04,33.33375549316406,33.55446267059214,33.24832159566385,33.504626004059126,15600
2008-08-05,33.87484359741211,33.90331975299907,33.52598421149888,33.68973364867622,30300
2008-08-06,34.25929260253906,34.25929260253906,33.92467541608439,34.02434873613022,8200
2008-08-07,33.60430145263672,34.11690758580303,33.554464782966306,34.11690758580303,41900
2008-08-08,33.98163604736328,34.024354355535756,33.404951108561164,33.404951108561164,43800
2008-08-11,34.03147888183594,34.07419719774861,34.02436052046477,34.02436052046477,5300
2008-08-12,33.7680549621582,34.05995665502785,33.72533664763028,34.02435941753548,76400
2008-08-13,33.60430145263672,33.70397479197753,33.305278718719464,33.56870421942854,8200
2008-08-14,33.632774353027344,33.675489938933765,33.46190386171868,33.46190386171868,2600
2008-08-15,33.497501373291016,33.59717469577886,33.39782805080317,33.55445910950941,21500
2008-08-18,33.191368103027344,33.56870640409684,33.08457639645276,33.56870640409684,4500
2008-08-19,32.77843475341797,32.88522645826938,32.685879769830805,32.84251086268679,28500
2008-08-20,32.97064971923828,33.127278032722714,32.78553982708327,32.878094773160775,7900
2008-08-21,33.305274963378906,33.36935106228664,33.01337333855358,33.06321000260465,76600
2008-08-22,33.419185638427734,33.504622242229935,33.30527288258579,33.30527288258579,7900
2008-08-25,32.85675048828125,33.31240161640828,32.771313864836216,33.31240161640828,40700
2008-08-26,33.01337432861328,33.01337432861328,32.79978823114697,32.79978823114697,5800
2008-08-27,33.24831008911133,34.00298090166075,33.01336355742759,33.12727628663657,21700
2008-08-28,33.6612548828125,33.6612548828125,33.4120715463031,33.4120715463031,13600
2008-08-29,33.5046272277832,33.78228944172121,33.483266715707,33.768050005635324,25100
2008-09-02,33.04895782470703,33.540208632214295,32.94216617830061,33.43341426991442,17600
2008-09-03,32.593318939208984,33.013372754417375,32.55772171064443,32.984896601102406,26700
2008-09-04,31.731861114501953,32.8781100737065,31.731861114501953,32.8781100737065,370800
2008-09-05,31.610820770263672,31.696254657607604,31.055493712792327,31.646417996999116,51600
2008-09-08,31.95256233215332,32.77130949511786,31.81728905435013,32.60756006252495,28200
2008-09-09,31.034135818481445,32.07359004476671,31.034135818481445,31.96679836490947,9900
2008-09-10,31.496906280517578,31.610819029333978,31.2121230505295,31.447066906759627,855900
2008-09-11,31.475547790527344,31.475547790527344,30.614082402639795,31.091091220167925,22100
2008-09-12,31.84577751159668,31.931211433473276,31.375886867432303,31.5040391081949,17600
2008-09-15,30.343538284301758,31.126690851173567,30.23674660420172,30.977178153602623,1915000
2008-09-16,30.564258575439453,30.56425857543945,29.68143230790577,29.766868947789835,37100
2008-09-17,29.247135162353516,30.32930520336068,29.22577464914379,30.32930520336068,62400
2008-09-18,30.40049934387207,30.585606572489223,28.93387008677231,30.35778103762445,25900
2008-09-19,32.09495544433594,35.27739470242899,30.898869979584614,34.124027545666905,103600
2008-09-22,31.411466598510742,32.40820508973107,31.41146659851074,32.40820508973107,49500
2008-09-23,30.7351131439209,31.390113520553463,30.64256089787808,31.254842973025596,53800
2008-09-24,30.72087860107422,31.012780225486733,30.59984476291101,30.863267517650474,71700
2008-09-25,31.447072982788086,31.511149086121122,30.97718246364403,30.97718246364403,27700
2008-09-26,31.283321380615234,31.283321380615234,30.742236435592055,31.04125641986669,103900
2008-09-29,28.357192993164062,30.9914265535958,28.086649103363122,30.507296525907837,71800
2008-09-30,29.396631240844727,29.581738400250867,28.613478881157608,28.613478881157608,114600
2008-10-01,29.517675399780273,29.652948687634634,28.983708756299897,29.339686518620148,82400
2008-10-02,28.278865814208984,29.33255934829118,28.243265875953618,29.33255934829118,25300
2008-10-03,27.766265869140625,29.36104746277217,27.63099529519259,28.26463528689391,124600
2008-10-06,26.342355728149414,27.089908523201693,25.238825152987005,27.089908523201693,126800
2008-10-07,25.16762351989746,26.98311205034855,25.139147366601,26.98311205034855,166000
2008-10-08,24.62653350830078,25.36696765926685,23.750828830403826,24.6122940766406,24900
2008-10-09,23.095834732055664,25.23882224205748,22.960564168937474,24.975399475608533,30200
2008-10-10,22.59746551513672,23.35213790172863,21.23763073262087,22.284204741138343,135000
2008-10-13,25.402568817138672,25.402568817138672,23.309420924804307,23.309420924804307,64000
2008-10-14,25.23882484436035,26.77664872699541,24.918444302999944,25.957898756396023,124600
2008-10-15,22.832408905029297,25.060830013244004,22.782572245513776,24.939796185924703,72100
2008-10-16,23.715242385864258,23.786436860623414,21.906874481672343,22.88937398554045,29700
2008-10-17,23.3378963470459,24.37023218502009,22.85376647428413,23.24534410364602,64200
2008-10-20,24.68349266052246,24.68349266052246,23.629798983922008,23.629798983922008,65600
2008-10-21,23.629804611206055,24.341760187853485,23.565728500671984,24.31328402886778,53900
2008-10-22,21.906871795654297,22.98192344171739,21.35866571636034,22.98192344171739,75100
2008-10-23,22.04214096069336,22.455076441818083,21.21627271433853,21.913990115249863,126700
2008-10-24,21.081003189086914,21.436980945833685,18.966494444924777,21.1023609854054,72500
2008-10-27,20.070024490356445,21.12371822911722,20.062904772911775,20.504316390903362,253000
2008-10-28,22.213010787963867,22.213010787963867,20.38328412391966,20.959969021458225,244600
2008-10-29,22.576112747192383,23.409102260272743,22.241494084444145,22.46219995315266,342900
2008-10-30,23.644039154052734,23.708115251322297,22.9890414627589,23.102954222805412,62600
2008-10-31,23.98577880859375,24.08545485575358,23.038879445679356,23.34502051507665,134100
2008-11-03,23.850515365600586,24.06410152718808,23.56573200622033,23.750842004586115,143100
2008-11-04,25.13914680480957,25.20322290110997,24.35599421492753,24.35599421492753,84600
2008-11-05,23.814912796020508,25.03947444920869,23.80779171988689,25.03947444920869,299600
2008-11-06,22.255735397338867,23.587093156969594,22.18453955558174,23.36638591172773,65000
2008-11-07,23.359262466430664,23.359262466430664,22.611708327579787,22.611708327579787,36800
2008-11-10,23.1171932220459,23.7152358800037,22.704257777218057,23.601323122101945,64900
2008-11-11,22.519153594970703,22.860893293225896,22.063502474560387,22.248611081713943,37200
2008-11-12,21.287471771240234,22.070623188218125,21.137961749844532,21.79296094394181,79000
2008-11-13,22.78257942199707,22.78257942199707,20.34769119195323,21.394265445290102,388900
2008-11-14,21.60072898864746,22.50491275811496,21.515293735066233,21.899750339260834,103400
2008-11-17,21.358665466308594,21.814316561713348,21.002687708536783,21.693284069753037,138800
2008-11-18,21.159317016601562,21.501056689375805,20.660948980299185,21.016926731064032,160600
2008-11-19,20.027307510375977,21.358664885751306,19.827960840528597,21.20915488336577,2424800
2008-11-20,18.703075408935547,20.062910603253055,18.653238730287413,19.42215078444573,115600
2008-11-21,19.813720703125,19.977470135543623,18.660352242636545,18.660352242636545,124500
2008-11-24,21.25899314880371,21.657687876414524,20.091385123879448,20.091385123879448,106300
2008-11-25,21.287471771240234,22.334047352800216,20.646712014784697,21.558015654643196,623600
2008-11-26,21.814315795898438,22.113337156247187,20.66806837951767,20.753502277933123,601400
2008-11-28,21.885509490966797,21.892629208134487,21.36578235925012,21.622086745498212,188100
2008-12-01,20.034425735473633,21.59360853617991,19.934752407976866,21.59360853617991,822900
2008-12-02,21.002685546875,21.009805264251337,20.304969539360727,20.62534867361251,318200
2008-12-03,21.23763084411621,21.273228073143876,20.29073015773959,20.59687121598757,215700
2008-12-04,20.853179931640625,21.216276088395222,20.376169630908137,20.846060212770286,265800
2008-12-05,21.202035903930664,21.26611200945552,19.956113742198905,20.518557897648027,158600
2008-12-08,22.056379318237305,23.316540779397577,21.529532452893132,21.529532452893132,812500
2008-12-09,21.792957305908203,22.312684471542717,21.74312064042918,22.070619503832642,230600
2008-12-10,22.39099884033203,22.576106057334023,21.71464063793866,21.71464063793866,286800
2008-12-11,22.163171768188477,22.782573585028203,21.956705401206708,22.568987500847445,469900
2008-12-12,22.298442840576172,22.433714746375802,21.451215537016395,21.78583544304984,607800
2008-12-15,22.17740821838379,22.39811399006526,21.86414749351695,22.37675619928942,162400
2008-12-16,23.437576293945312,23.565728515091866,22.14893843759774,22.14893843759774,799800
2008-12-17,23.31654167175293,23.558606640492407,23.04599783236302,23.223986700086325,388800
2008-12-18,22.483552932739258,23.252464760182665,22.44083598619997,22.981920930223602,502600
2008-12-19,22.512033462524414,22.88937036563165,22.319805152001063,22.568989848092738,300100
2008-12-22,22.17029571533203,22.533393214073662,21.7929601374231,22.533393214073662,466300
2008-12-23,21.87126922607422,22.298442734283476,21.735998678866554,22.10621445189724,739200
2008-12-24,22.035024642944336,22.825295731792508,21.864154117290056,21.89975270927946,246100
2008-12-26,22.198766708374023,22.227244214545767,22.013658165443264,22.198766708374023,181400
2008-12-29,22.06350326538086,22.4052416179375,21.835677697009768,22.362524663354797,697100
2008-12-30,22.725622177124023,22.725622177124023,22.084862426453956,22.084862426453956,202500
2008-12-31,23.081594467163086,23.24534661123053,22.63306448751771,22.640182847049353,221700
2009-01-02,23.587080001831055,23.644035013934154,22.98903743733173,23.10295017743189,96000
2009-01-05,23.480289459228516,23.679636108027026,23.288061169646635,23.35925834128496,171800
2009-01-06,23.779312133789062,23.943061554615543,23.515886672729838,23.73659383083217,252900
2009-01-07,23.124313354492188,23.601324931962658,23.010400587855067,23.537248830985867,169500
2009-01-08,23.1385555267334,23.231110509290907,22.89649052951024,23.117197729179708,293700
2009-01-09,22.540515899658203,23.12431931873532,22.497798940638514,23.12431931873532,3407400
2009-01-12,22.020784378051758,22.554751016286,21.878392731343673,22.490674911062104,630600
2009-01-13,21.80008316040039,21.970952357835202,21.643452044291063,21.81432124172587,133800
2009-01-14,21.066761016845703,21.358662630831287,20.888772161588776,21.358662630831287,121100
2009-01-15,21.173551559448242,21.337300961051124,20.468715938771158,21.230507932090422,268500
2009-01-16,21.344430923461914,21.686169323361582,20.917257244613484,21.664811522085163,203800
2009-01-20,19.913389205932617,21.009801017203078,19.84219476245539,21.009801017203078,557300
2009-01-21,20.79621696472168,20.817576115975548,19.991707945419876,20.134099571217966,396100
2009-01-22,20.31209373474121,20.61823350173189,19.94899621618292,20.38328820830565,343500
2009-01-23,20.404647827148438,20.532800055182125,19.721171088232186,19.96323610608525,351200
2009-01-26,20.66094398498535,20.952845561402036,20.383280483116852,20.468715720141088,350300
2009-01-27,20.988445281982422,21.10235803960385,20.753500049644828,20.824695862645015,168100
2009-01-28,21.743120193481445,21.82855408741867,21.436979131320665,21.536652460229845,93700
2009-01-29,20.831823348999023,21.33019150997312,20.774866948946336,21.20204062831534,1256300
2009-01-30,20.45448112487793,21.052523851636224,20.376166943527988,20.95285051649229,149300
2009-02-02,20.42600440979004,20.504318594202193,20.11274359829922,20.255135246598883,62800
2009-02-03,20.838939666748047,20.967091885432396,20.390406901352822,20.603994385142563,148500
2009-02-04,20.88877296447754,21.24475068867389,20.7463813316201,20.831816582924013,181000
2009-02-05,21.13083839416504,21.28034838982836,20.582632360838286,20.689425408875984,278500
2009-02-06,21.70040512084961,21.800079822552636,21.19491732557786,21.30883010642635,99000
2009-02-09,21.714637756347656,21.84990965046483,21.56512778754476,21.743116621613183,27300
2009-02-10,20.717905044555664,21.65768607471761,20.561273967563785,21.486816919956105,164300
2009-02-11,20.853179931640625,21.0098096729455,20.60399520296887,20.82470105615927,121100
2009-02-12,20.895896911621094,20.895896911621094,20.21241883668326,20.547038834247182,154600
2009-02-13,20.63247299194336,20.888777442857393,20.603995474034882,20.838940768056894,102100
2009-02-17,19.64997100830078,20.0273065337963,19.55741603785855,20.0273065337963,134000
2009-02-18,19.514698028564453,19.72116575297262,19.002090613055355,19.002090613055355,208200
2009-02-19,19.358068466186523,19.991708362518942,19.336709314487024,19.91339283090133,109000
2009-02-20,19.11600685119629,19.35807184761854,18.84546298086674,18.866822136297213,90900
2009-02-23,18.489484786987305,19.42214751716849,18.446767835038884,19.322472818692287,142900
2009-02-24,19.16584014892578,19.25839375693789,18.468124156381563,18.624753861458668,407300
2009-02-25,18.845457077026367,19.229913606648992,18.631871021422924,19.03768534183768,147000
2009-02-26,18.674592971801758,19.27263571749724,18.674592971801758,19.130245428203843,105700
2009-02-27,18.46812629699707,19.835080929580265,18.368451602261015,19.835080929580265,45400
2009-03-02,17.4357852935791,18.083664513871266,17.428665577560324,18.083664513871266,60800
2009-03-03,17.36458969116211,17.770404003273615,17.222199442988895,17.770404003273615,275100
2009-03-04,18.062313079833984,18.240301969096272,17.684976145736847,17.770410052132167,151700
2009-03-05,17.33611488342285,17.71345038987141,17.1723654614566,17.571060119532277,325400
2009-03-06,17.300519943237305,17.699216043280202,16.923184357270177,17.585303259824375,176000
2009-03-09,17.03709602355957,17.385954069760963,16.85198742309502,16.90182409284559,167000
2009-03-10,18.11214828491211,18.119268002859773,17.549702788572908,17.592419738311538,86600
2009-03-11,18.19046401977539,18.46812761165529,17.91992150439859,18.382692346935137,428400
2009-03-12,18.809860229492188,18.859696886265404,17.969752706894933,18.169100691934855,58100
2009-03-13,18.916658401489258,18.994973945105208,18.667473691940934,18.938017556461084,75500
2009-03-16,19.016328811645508,19.507578436714887,19.016328811645508,19.329589579887294,59800
2009-03-17,19.593017578125,19.593017578125,18.945138119191103,19.03057202699146,120400
2009-03-18,20.013065338134766,20.440237462099244,18.745784325318176,20.440237462099244,87200
2009-03-19,19.89203453063965,20.45447859826615,19.877795096535895,20.45447859826615,74800
2009-03-20,19.5716552734375,19.99170910006058,19.550296120950012,19.93475271804121,175900
2009-03-23,21.066761016845703,21.066761016845703,19.457741602369413,20.212413968433573,149800
2009-03-24,20.4971923828125,20.90300665969414,20.46159380539936,20.518550171313507,94500
2009-03-25,20.760623931884766,21.031167803974498,20.304972809983056,20.603994198217915,85900
2009-03-26,21.216276168823242,21.244755044412557,20.817581416205556,20.967092797154393,111700
2009-03-27,20.57550811767578,20.789095524720082,20.539910895475224,20.696540574283457,58400
2009-03-30,19.7923641204834,20.283613839483042,19.614375229623125,20.283613839483042,57500
2009-03-31,20.16969871520996,20.447360918157674,19.97035069174011,20.09850289554592,326100
2009-04-01,20.64670753479004,20.725023066878904,19.956111254383924,20.0629042976296,1575300
2009-04-02,21.472579956054688,21.8143183049169,20.426005753433852,20.426005753433852,56900
2009-04-03,21.657682418823242,21.67192185213653,21.337301959009707,21.45121470962183,210000
2009-04-06,21.436981201171875,21.46545871591818,21.145079545798442,21.372905095558448,438200
2009-04-07,20.952852249145508,21.173558091478185,20.60399418934629,21.152198935917944,119700
2009-04-08,21.166439056396484,21.33730823255321,21.038286834792068,21.145081258094084,42900
2009-04-09,21.89263153076172,21.89263153076172,21.67192570693702,21.771599041964816,55100
2009-04-13,22.220129013061523,22.234368448013964,21.750238523209052,22.16317263119902,35400
2009-04-14,21.921112060546875,22.1845348538875,21.82143736003243,22.070622074397374,190300
2009-04-15,22.04214096069336,22.049260678431438,21.66480542620634,21.66480542620634,101700
2009-04-16,22.355398178100586,22.405234836353838,21.949583837527427,22.20588820334083,58000
2009-04-17,22.298442840576172,22.512030274672508,22.21300895329536,22.362518935010357,224200
2009-04-20,21.387142181396484,21.849912948230077,21.37290274661459,21.792956567049746,93400
2009-04-21,21.814315795898438,21.84279466733514,21.26611110021517,21.287468895845368,64500
2009-04-22,21.657682418823242,22.0919756292489,21.522410518241184,21.522410518241184,325700
2009-04-23,22.06350326538086,22.120459657473635,21.707525475314153,21.94247076244028,203400
2009-04-24,22.512033462524414,22.583227926024307,22.255729048493283,22.36252210169047,346200
2009-04-27,22.11333656311035,22.40523819777037,22.035022384654663,22.184532381845127,146400
2009-04-28,22.056379318237305,22.24860761392899,21.757357977588207,21.785836847148712,139200
2009-04-29,22.56899070739746,22.846652927871492,22.305566565397108,22.36252295313402,71800
2009-04-30,22.746976852416992,23.081594062426966,22.590345786522235,22.94632350654161,415000
2009-05-01,22.875125885009766,23.024635854924327,22.640179318663368,22.732734273517472,52200
2009-05-04,23.92882537841797,23.95018317485727,23.145672679608207,23.145672679608207,182200
2009-05-05,23.75083351135254,23.914582933876446,23.62268131704784,23.772191305105178,457900
2009-05-06,24.256322860717773,24.320398962221745,23.82202958562361,24.163767888346573,257800
2009-05-07,23.878984451293945,24.491266521721116,23.708113962565367,24.377353767866822,249900
2009-05-08,24.655025482177734,24.754698840907416,24.106819293269144,24.320405449960656,365900
2009-05-11,24.071216583251953,24.256323819415858,24.00714047921546,24.242084383419446,73000
2009-05-12,24.19224739074707,24.320399597100394,23.914585182279765,24.185129030791742,321800
2009-05-13,23.42333984375,23.800675434889055,23.409100406135977,23.800675434889055,83300
2009-05-14,23.651165008544922,23.800675027087934,23.352142255563923,23.380621130304014,38700
2009-05-15,23.480289459228516,23.843388244847972,23.394855569156924,23.765072713993018,268700
2009-05-18,24.29191780090332,24.29191780090332,23.40197353942348,23.722354016735093,361800
2009-05-19,24.391590118408203,24.598057830377126,24.227840706951753,24.313277307976698,110500
2009-05-20,24.462785720825195,24.932676132822326,24.43430685563893,24.640774554398263,200100
2009-05-21,24.14240837097168,24.220723902322714,23.935940645754304,24.163766164651264,155500
2009-05-22,24.21360969543457,24.37736187974161,24.106817980850415,24.313285764633044,73000
2009-05-26,24.740449905395508,24.84724430069738,23.950178984665687,23.992897285965295,558400
2009-05-27,24.327518463134766,24.875724531518237,24.327518463134766,24.74045396239559,562800
2009-05-28,24.647897720336914,24.74045269229816,24.263443828910592,24.491269363050115,177400
2009-05-29,25.132028579711914,25.132028579711914,24.76893247009724,24.982518576687912,89900
2009-06-01,25.708717346191406,25.865348448469828,25.559207320868428,25.68023847015986,211100
2009-06-02,25.730066299438477,25.88669734786816,25.594795758636398,25.76566352429227,154600
2009-06-03,25.231698989868164,25.552079470558766,24.982515680383464,25.552079470558766,133000
2009-06-04,25.452407836914062,25.48800506693363,25.1605062053223,25.295776765754486,123700
2009-06-05,25.31001091003418,25.63750970318384,25.224577032667746,25.60191248060566,103600
2009-06-08,25.274415969848633,25.409686514218855,24.911319921331597,25.188982084767137,34600
2009-06-09,25.53072738647461,25.55920626132558,25.23882570898961,25.473769636772666,432100
2009-06-10,25.4951229095459,25.78702450412286,25.188981881587843,25.78702450412286,2074200
2009-06-11,25.8226261138916,26.100288322230004,25.64463724024958,25.665995036000325,2331700
2009-06-12,25.78702735900879,25.78702735900879,25.48800465668932,25.658875160285376,146400
2009-06-15,24.968280792236328,25.36697687589873,24.776052468822037,25.36697687589873,838400
2009-06-16,24.647897720336914,25.07507263376947,24.583821619116762,24.982517661808227,124300
2009-06-17,24.548219680786133,24.740447947581103,24.320394190338927,24.555340755053027,44800
2009-06-18,24.612302780151367,24.790291665004005,24.420074458603136,24.562466109664218,83000
2009-06-19,24.747570037841797,24.932679974178185,24.655017785568088,24.897082745157952,325500
2009-06-22,24.00714111328125,24.541107755723306,23.96442280416376,24.505507806844673,103200
2009-06-23,24.097558975219727,24.17649447628671,23.796158676867854,24.097558975219723,166400
2009-06-24,24.212377548217773,24.56400803681315,24.16214188378637,24.305665705402305,60200
2009-06-25,24.85106086730957,24.858235828017886,24.12626664872995,24.176499586157476,45600
2009-06-26,24.772123336791992,24.82235627568911,24.63577717942694,24.81518131477089,913300
2009-06-29,24.951519012451172,25.023279547262767,24.74340962901304,24.88693343612516,69300
2009-06-30,24.75058937072754,25.07351454155977,24.60706555175257,25.07351454155977,157400
2009-07-01,25.08787727355957,25.231401150179803,25.02329166595498,25.04482202681668,326900
2009-07-02,24.327199935913086,24.7218884551557,24.31284727771467,24.71471075731167,424900
2009-07-06,24.3056640625,24.3056640625,24.018619176159675,24.205198215406437,85700
2009-07-07,23.81768798828125,24.27696479645621,23.78898541198045,24.27696479645621,118200
2009-07-08,23.753101348876953,23.92533048650001,23.430176164253787,23.76745400513631,50900
2009-07-09,23.96120834350586,24.083204540670568,23.8248622290173,23.982735956980633,117000
2009-07-10,23.76028823852539,23.86792909588257,23.580884072106432,23.602411696079802,51300
2009-07-13,24.162141799926758,24.219552423369556,23.588049252944725,23.824863968412487,22200
2009-07-14,24.355894088745117,24.427657354910227,24.205195336031426,24.341541435512095,132900
2009-07-15,25.224214553833008,25.288800131648223,24.807995777359608,24.85105374173275,72100
2009-07-16,25.432323455810547,25.53996700752735,25.10939827563862,25.188333777743136,311100
2009-07-17,25.432323455810547,25.49690903934278,25.30315228874608,25.382090528339837,59600
2009-07-20,25.92748260498047,25.956185181934906,25.63325997565419,25.77678107289475,124600
2009-07-21,26.04230308532715,26.193001891265677,25.72655007765823,26.12841629765064,231300
2009-07-22,25.94900894165039,26.14994065786404,25.791132457488626,25.791132457488626,51700
2009-07-23,26.587682723999023,26.702501219720506,26.078175820327992,26.092528474479284,341500
2009-07-24,26.702512741088867,26.702512741088867,26.36523480421874,26.494403272335138,298400
2009-07-27,26.77426528930664,26.85320078326055,26.53745059497805,26.781440247851922,158200
2009-07-28,26.616390228271484,26.73838369238918,26.4011058732179,26.637917842530115,80000
2009-07-29,26.415462493896484,26.573336251307396,26.293466273976293,26.465695426366707,396500
2009-07-30,26.93931770324707,27.133074440975577,26.817321503571026,26.838851854978007,584500
2009-07-31,27.082841873168945,27.255068261756445,26.896260091795213,27.125897101571276,229700
2009-08-03,27.728696823120117,27.764577095059526,27.420121556960495,27.577998038481027,743000
2009-08-04,27.664108276367188,27.74304650867477,27.455998888917932,27.491881894504274,62400
2009-08-05,27.585176467895508,27.69282003474382,27.312484176861787,27.685645074449088,86600
2009-08-06,27.398591995239258,27.714342198364083,27.204835255541386,27.714342198364083,120200
2009-08-07,27.606704711914062,27.757403503981916,27.391417594686366,27.707170573292633,126800
2009-08-10,27.398591995239258,27.54929076917458,27.269420835440677,27.513410499783657,154300
2009-08-11,27.154605865478516,27.35553759021324,27.046962305805234,27.35553759021324,351900
2009-08-12,27.463180541992188,27.649759605474603,27.140252607609753,27.140252607609753,231400
2009-08-13,27.786113739013672,27.821994019076406,27.470360704485856,27.75023072146104,215300
2009-08-14,27.534936904907227,27.843512135600477,27.290947251277426,27.81480682635251,73100
2009-08-17,26.659448623657227,27.262246470009437,26.55180507565217,26.96802387461664,147400
2009-08-18,26.968032836914062,27.10437900387519,26.76709832969392,26.76709832969392,145100
2009-08-19,27.269420623779297,27.33400620317728,26.76708864373818,26.76708864373818,85100
2009-08-20,27.534936904907227,27.635402749786152,27.2981249473339,27.2981249473339,67000
2009-08-21,28.087507247924805,28.130565220164897,27.807637272087913,27.807637272087913,76100
2009-08-24,28.087507247924805,28.34584960638639,28.008569000896042,28.20232576974223,100800
2009-08-25,28.209497451782227,28.460662059233883,28.159264530291896,28.345843561900423,137000
2009-08-26,28.116212844848633,28.130565502406004,27.8722231413524,27.994216624355758,78500
2009-08-27,28.209497451782227,28.295610640410093,27.750220724959487,28.13773418001825,99700
2009-08-28,28.209497451782227,28.460662059233883,28.07314860417512,28.353018520332366,233100
2009-08-31,27.886566162109375,28.051617560747793,27.793275288969898,28.051617560747793,46100
2009-09-01,27.298128128051758,28.073152405628274,27.269422815459112,27.872220692458303,56000
2009-09-02,27.31964874267578,27.434467226133105,27.03977886034159,27.125892038562437,87600
2009-09-03,27.542123794555664,27.542123794555664,27.319661679859255,27.477538195933473,29500
2009-09-04,27.929630279541016,27.97986594837939,27.54929444575927,27.671290662956277,29700
2009-09-08,28.374553680419922,28.582663097579044,28.30279039649124,28.539605127221833,696800
2009-09-09,28.6544189453125,28.769237443281266,28.467837175182677,28.568305756208158,94400
2009-09-10,28.977346420288086,28.977346420288086,28.54677500582163,28.683123852272672,440000
2009-09-11,28.94147300720215,29.113699423783256,28.862534758981834,29.077819148452985,52000
2009-09-14,29.006057739257812,29.049115714937066,28.482198020530586,28.575488932424115,61100
2009-09-15,29.120880126953125,29.206993344131558,28.84818507881665,29.013236552362727,1886000
2009-09-16,29.651906967163086,29.680612277777275,29.300276493351085,29.501208192672227,157100
2009-09-17,29.565792083740234,30.247528115690212,29.422268276357777,29.659082969162174,55200
2009-09-18,29.6016788482666,29.687792056600852,29.450980049309276,29.572973532992005,1410600
2009-09-21,29.350507736206055,29.40074065815767,29.12087073943042,29.278744463783084,41300
2009-09-22,29.694976806640625,29.766737374380515,29.544275234402548,29.70215176841854,127600
2009-09-23,29.350507736206055,29.90306987767379,29.35050773620606,29.831309342739754,152100
2009-09-24,29.034759521484375,29.608852106531863,28.884060731188665,29.472505973048513,218300
2009-09-25,28.884065628051758,29.1065277401244,28.805127370945662,28.94865122591221,41300
2009-09-28,29.25722885131836,29.38640005717328,28.919948176309394,28.927125875240254,58700
2009-09-29,29.27875328063965,29.38639685294488,29.099349151790765,29.22134538290268,134600
2009-09-30,29.242860794067383,29.422264848018717,28.927110644608938,29.407912195203973,48200
2009-10-01,28.482194900512695,29.178283708215748,28.482194900512695,29.171108748466693,1058800
2009-10-02,28.252559661865234,28.47502175309662,27.979867374214663,28.03010030812343,169400
2009-10-05,28.704654693603516,28.74771266114003,28.36019916577898,28.446312363362814,55100
2009-10-06,29.1926326751709,29.379211717445735,28.998875936564875,29.092166826446828,838800
2009-10-07,29.285926818847656,29.300279475615607,29.070639704817804,29.27157416207971,291800
2009-10-08,29.6662654876709,29.781084015338887,29.45098109047963,29.637560171381494,187800
2009-10-09,29.7021427154541,29.7021427154541,29.537091269966496,29.616029512914775,48900
2009-10-12,29.694976806640625,29.98202181509038,29.680624145594606,29.73085709051057,183500
2009-10-13,29.71649742126465,29.838493642639673,29.53709330673456,29.838493642639673,214900
2009-10-14,30.326473236083984,30.333650934350533,30.075308546550733,30.319298275307233,546600
2009-10-15,30.441287994384766,30.441287994384766,30.15424306159905,30.168595718861756,123600
2009-10-16,30.161420822143555,30.211653758482704,29.92460879904325,30.08966026665612,80600
2009-10-19,30.49152183532715,30.54892972344642,30.190121525860732,30.362350665197155,125400
2009-10-20,30.297760009765625,30.57762991904761,30.118355940996267,30.57762991904761,80000
2009-10-21,30.161420822143555,30.64222530387647,30.1542458615907,30.18295117878156,102500
2009-10-22,30.469993591308594,30.53457918084462,29.95331161250987,30.168595998466795,37500
2009-10-23,29.946125030517578,30.541747817025524,29.92459741955564,30.541747817025524,29800
2009-10-26,29.61603355407715,30.36235537789323,29.558622919557575,30.03224970438514,143700
2009-10-27,29.472501754760742,29.7308440654289,29.422268831851824,29.7308440654289,99300
2009-10-28,28.61854362487793,29.278749417946972,28.53960538060024,29.228516487495604,726600
2009-10-29,29.472501754760742,29.5155597190351,28.891231555757393,28.998875097698786,97500
2009-10-30,28.4534912109375,29.328981353012214,28.424785898085396,29.178282566772626,124500
2009-11-02,28.76923942565918,29.06346201807095,28.403256293630534,28.740534114816782,75000
2009-11-03,28.733360290527344,28.819473488966015,28.388904759283434,28.539603540923416,46500
2009-11-04,29.11369514465332,29.379212428059034,29.01322929349922,29.01322929349922,936700
2009-11-05,29.565792083740234,29.565792083740234,29.171103666555172,29.171103666555172,40300
2009-11-06,29.623205184936523,29.68061581300302,29.3433352168359,29.465331432732494,46000
2009-11-09,30.426942825317383,30.426942825317383,30.039429231188358,30.139895110224053,87000
2009-11-10,30.340818405151367,30.38387637165192,30.032243155620222,30.261880168644915,73800
2009-11-11,30.462812423706055,30.713977033225742,30.31928861648526,30.513045345609992,723200
2009-11-12,30.053773880004883,30.46998994471096,29.974835642520326,30.19729769929597,80100
2009-11-13,30.35517692565918,30.426940217025685,29.9891937209038,30.15424518481228,181200
2009-11-16,30.857513427734375,31.001037293500914,30.627876337503928,30.699636901642172,122200
2009-11-17,30.771387100219727,30.7785620585823,30.462811878340467,30.71397648336364,78400
2009-11-18,30.792911529541016,30.79291152954102,30.534569255372844,30.77855887681072,117700
2009-11-19,30.15424346923828,30.38388051356698,29.931781384893196,30.38388051356698,50700
2009-11-20,30.053773880004883,30.096829109549795,29.874369790263312,30.046596183421286,149200
2009-11-23,30.520235061645508,30.74269720728,30.383888884476775,30.383888884476775,222700
2009-11-24,30.391054153442383,30.527403024613943,30.104009229244742,30.527403024613943,295100
2009-11-25,30.692453384399414,30.69962834381713,30.48434397392499,30.635042759100557,30600
2009-11-27,29.960487365722656,30.14706644182816,29.479685648938386,29.494035569224565,61000
2009-11-30,29.98919105529785,30.16141746428971,29.788256594821462,30.032246288801108,442400
2009-12-01,30.635028839111328,30.72831969408769,30.398216961079687,30.398216961079687,136100
2009-12-02,30.778566360473633,30.92209018518516,30.62068987954203,30.721158473082582,710600
2009-12-03,30.527406692504883,31.02256109404432,30.49870137538934,30.87186228542228,532300
2009-12-04,30.663753509521484,31.03691442767087,30.39105846597198,31.02973946698078,53800
2009-12-07,30.527406692504883,30.72116347680024,30.44129074115825,30.49152641485531,70100
2009-12-08,30.09682846069336,30.319290512672953,29.9533073819856,30.319290512672953,116700
2009-12-09,30.010717391967773,30.118360946113302,29.8169606369994,29.953309503915644,1097800
2009-12-10,30.22599983215332,30.333643379423364,30.125533981362146,30.312115764965007,75700
2009-12-11,30.297760009765625,30.391048154533728,30.190116473508475,30.240349393764788,152700
2009-12-14,30.49869728088379,30.59916313981076,30.347998492493335,30.59916313981076,72900
2009-12-15,30.254701614379883,30.441280638732263,30.211643652996038,30.26187657253279,229900
2009-12-16,30.44845962524414,30.627863699049495,30.405401662034844,30.405401662034844,230800
2009-12-17,29.960487365722656,30.13989148168507,29.895901774476606,30.00354533904988,86900
2009-12-18,30.03942108154297,30.18294490015186,29.73802078871539,30.168592244542054,100500
2009-12-21,30.211647033691406,30.304937925051284,30.0681259546628,30.211647033691403,120900
2009-12-22,30.39948081970215,30.464496072280642,30.233321543720134,30.464496072280642,527700
2009-12-23,30.572864532470703,30.623433795292247,30.341689972195617,30.623433795292247,176600
2009-12-24,30.695667266845703,30.75345950961136,30.50783627726859,30.50783627726859,87700
2009-12-28,30.695667266845703,30.926841749542756,30.62342351861712,30.926841749542756,448300
2009-12-29,30.782352447509766,30.984629400941564,30.67398821913313,30.984629400941564,1461600
2009-12-30,30.601770401000977,30.666788436078072,30.529526608793706,30.666788436078072,378600
2009-12-31,30.551185607910156,30.74623961407666,30.50783935460066,30.695670363124325,582200
2010-01-04,31.179689407348633,31.25915615613237,30.948514914059942,31.143568909488025,365600
2010-01-05,31.439769744873047,31.439769744873047,31.12190542119924,31.309733713411475,171200
2010-01-06,31.432544708251953,31.468667972342004,31.266388165546616,31.295285674491407,346600
2010-01-07,31.280826568603516,31.396413810314538,31.12189583363662,31.367516310932476,113400
2010-01-08,31.475881576538086,31.569797074667054,31.25915583577818,31.454209829207286,275100
2010-01-11,31.678159713745117,31.699834217677743,31.512003214621163,31.62759046426467,118100
2010-01-12,31.280826568603516,31.461431806015565,31.194136826274555,31.461431806015565,171500
2010-01-13,31.540904998779297,31.591474255126304,31.20136620117698,31.324179220746707,211000
2010-01-14,31.605920791625977,31.670938796058596,31.475884782760737,31.5625745367317,56200
2010-01-15,31.295272827148438,31.569793537791355,31.11466760411281,31.569793537791355,48100
2010-01-19,31.656490325927734,31.656490325927734,31.071328280830688,31.208590044641017,203700
2010-01-20,30.97017478942871,31.259144173174,30.76789787429678,31.259144173174,136800
2010-01-21,30.38503646850586,31.064111400040105,30.30556969608648,30.86905734659749,243400
2010-01-22,29.684280395507812,30.348906423955427,29.669831644130575,30.327234674798344,74900
2010-01-25,30.002153396606445,30.124966441173992,29.87211735215532,30.031050907777438,277400
2010-01-26,29.82154083251953,30.059941107970587,29.619263815155737,29.843215338535423,72600
2010-01-27,29.82154083251953,29.85766409060679,29.474779050259734,29.604815063084366,241000
2010-01-28,29.31585693359375,30.016603702872192,29.21471563927024,30.016603702872192,677300
2010-01-29,28.93296241760254,29.604814212623562,28.860721415138652,29.395311447333654,625200
2010-02-01,29.467552185058594,29.510895679766985,29.193031443363758,29.193031443363758,172900
2010-02-02,29.944351196289062,29.95157419377647,29.518122693278947,29.76374594511219,418700
2010-02-03,29.691503524780273,29.908232040581083,29.619262523391704,29.821539531933738,34300
2010-02-04,28.61510467529297,29.31585413345703,28.61510467529297,29.21471284879414,366800
2010-02-05,28.52840805053711,28.788477309762076,27.950469014523676,28.65844130224081,181300
2010-02-08,28.311681747436523,28.7379103041179,28.27556124381629,28.521184526578743,404700
2010-02-09,28.889619827270508,29.156914851776666,28.513960539841964,28.83904781697376,175800
2010-02-10,28.882396697998047,28.947414710496464,28.58620414235369,28.947414710496464,88400
2010-02-11,29.164138793945312,29.164138793945312,28.61509997505018,28.737910238240993,124400
2010-02-12,29.026880264282227,29.026880264282227,28.636772205582293,28.860723740573253,109700
2010-02-16,29.63370704650879,29.63370704650879,29.106340095331134,29.106340095331134,87300
2010-02-17,29.705961227416992,29.74930749480205,29.554253425296874,29.74930749480205,88000
2010-02-18,29.857669830322266,29.857669830322266,29.640941263406415,29.655390018255353,33600
2010-02-19,29.749300003051758,29.828766762003095,29.510899726197742,29.64816149377467,97200
2010-02-22,29.792644500732422,29.937126502131612,29.727626497775773,29.807090496218315,161400
2010-02-23,29.460338592529297,29.799877472256913,29.286959030494497,29.799877472256913,90300
2010-02-24,29.59759521484375,29.677061981784583,29.35919491402125,29.40254117484842,179500
2010-02-25,29.402538299560547,29.42421004994586,28.98353275332652,29.16413802205132,205300
2010-02-26,29.56147003173828,29.68428305152478,29.301400751130817,29.547024034886025,78700
2010-03-01,29.97324562072754,29.97324562072754,29.684276146184068,29.742068387602473,2895200
2010-03-02,30.08161163330078,30.21887339448089,29.97325013090432,30.21887339448089,1173500
2010-03-03,30.269437789916992,30.45726601742365,30.20441979658447,30.305558284920142,93500
2010-03-04,30.175521850585938,30.34890132635574,30.067157611367,30.33445533322249,194200
2010-03-05,30.782352447509766,30.81124994251911,30.39224453233404,30.536729251563955,70400
2010-03-08,30.75346565246582,30.869052916902337,30.65232714056109,30.746242654108812,372900
2010-03-09,30.710124969482422,30.890730275187213,30.55841717408678,30.630660949859656,243900
2010-03-10,30.832923889160156,30.9846316150749,30.731785405216996,30.782354647188576,108800
2010-03-11,30.991863250732422,30.99186325073242,30.695670739033975,30.71011673449656,151900
2010-03-12,31.1002254486084,31.244710208830092,30.955740688386708,31.244710208830092,147700
2010-03-15,31.013538360595703,31.027987113441583,30.76791507385136,30.89795109364647,88300
2010-03-16,31.324167251586914,31.324167251586914,31.020749073625044,31.020749073625044,168100
2010-03-17,31.555356979370117,31.649272503257823,31.425320948085012,31.519236471972714,175200
2010-03-18,31.36030387878418,31.548132176409506,31.295285861179618,31.548132176409506,227500
2010-03-19,31.1002254486084,31.533679729273473,31.03520744429952,31.1002254486084,349000
2010-03-22,31.223033905029297,31.3025006493508,30.688441196931922,30.78957968758941,264400
2010-03-23,31.425312042236328,31.425312042236328,31.186911800502926,31.331396544964022,484100
2010-03-24,31.042430877685547,31.208587374984656,30.99908462611376,31.208587374984656,108300
2010-03-25,31.027984619140625,31.418092647165665,31.01353586745626,31.266382132388635,825200
2010-03-26,31.194141387939453,31.40364415537013,31.07132837551478,31.2952798947494,184100
2010-03-29,31.519224166870117,31.5336729153519,31.230254708868404,31.230254708868404,184600
2010-03-30,31.555356979370117,31.649272503257823,31.44699270135984,31.504787717850142,175100
2010-03-31,31.432544708251953,31.584255252303024,31.338631937908588,31.497562725468658,50000
2010-04-01,31.880443572998047,31.880443572998047,31.678163793209578,31.865994820454745,516600
2010-04-05,32.08993911743164,32.126062371658065,31.873213371160016,32.08993911743164,33600
2010-04-06,32.16218948364258,32.16941248248271,31.793753158982877,31.86599692647397,612600
2010-04-07,31.931013107299805,32.08994387502583,31.793751334850946,31.945461859969043,129700
2010-04-08,32.02492904663086,32.032152045152415,31.605923481117205,31.786528758152162,201800
2010-04-09,32.277774810791016,32.306672316046125,32.06827203141815,32.169410543993244,150100
2010-04-12,32.3355712890625,32.40781506163655,32.24165851844346,32.40781506163655,127100
2010-04-13,32.25609588623047,32.36445737311163,32.104385395289384,32.36445737311163,615100
2010-04-14,32.71845245361328,32.71845245361328,32.41503415698168,32.55229593043176,229400
2010-04-15,32.59563446044922,32.73289621295991,32.508944712843835,32.61008321101968,164500
2010-04-16,32.03215026855469,32.55229431942834,31.873216751717145,32.55229431942834,747400
2010-04-19,31.9743595123291,32.03937752733453,31.678166945263936,31.750410715168876,261400
2010-04-20,32.3355712890625,32.35724579874378,32.19108925555069,32.27055327165493,461900
2010-04-21,32.14773941040039,32.306672936538234,32.01048039152906,32.306672936538234,49100
2010-04-22,32.1766357421875,32.22720499760119,31.678163430512964,31.90933795692346,413900
2010-04-23,32.458377838134766,32.458377838134766,31.967131306073206,32.0971673149023,147800
2010-04-26,32.277774810791016,32.50894934119632,32.26332605816346,32.50894934119632,178800
2010-04-27,31.367515563964844,32.14773149379756,31.223033582129588,32.07549050287993,273800
2010-04-28,31.432544708251953,31.56980649783063,31.12190613245894,31.562580742685366,682100
2010-04-29,31.887666702270508,31.967133463676024,31.642043419661526,31.642043419661526,213100
2010-04-30,31.36030387878418,32.01048405482983,31.360303878784183,32.01048405482983,135400
2010-05-03,31.735965728759766,31.786534995787594,31.461444882167,31.62760143894678,143100
2010-05-04,30.688451766967773,31.165249641303305,30.507846469782827,31.165249641303305,431000
2010-05-05,30.0960636138916,30.47894592391145,29.994925098476386,30.081614860858306,667600
2010-05-06,29.113563537597656,30.890718401222678,27.740965395339938,30.05271021510393,873900
2010-05-07,28.71623992919922,29.48923031814871,28.290011352092854,29.416989307446443,625800
2010-05-10,30.305557250976562,30.507834220746766,30.067157031618517,30.44281622963248,562300
2010-05-11,30.0960636138916,30.500620431370326,29.705955549446177,29.705955549446177,237800
2010-05-12,30.551185607910156,30.551185607910156,30.06716209131532,30.06716209131532,158800
2010-05-13,30.269437789916992,30.565630258250224,30.197194044093568,30.55840450575932,771700
2010-05-14,29.583141326904297,30.276664844866126,29.344741067457583,29.88655683258104,176800
2010-05-17,29.59759521484375,29.749302994011902,29.012433094857766,29.590369460130237,200500
2010-05-18,29.077449798583984,29.879337674954048,28.969085529305598,29.778199160063743,340600
2010-05-19,28.990751266479492,29.178579486480714,28.593420325687553,28.889612782185218,242800
2010-05-20,27.805997848510742,28.355036839726132,27.697633548069685,28.355036839726132,197800
2010-05-21,28.376699447631836,28.383925201767955,27.39420632726843,28.275560936268146,401800
2010-05-24,27.892675399780273,28.60064765286028,27.89267539978027,28.60064765286028,84200
2010-05-25,27.82765769958496,27.89989869842331,26.975200685368616,27.199152191075438,181700
2010-05-26,27.618148803710938,28.26832867195366,27.545907820935902,28.094946455149987,441900
2010-05-27,28.82461166381836,28.82461166381836,28.275569919388673,28.441726491676476,668600
2010-05-28,28.420047760009766,28.781258330037435,28.326132240173546,28.68011981136056,259300
2010-06-01,28.02993392944336,28.68733692171974,27.993813431018424,28.304454677944147,137500
2010-06-02,28.8968448638916,28.8968448638916,28.07328522620155,28.116628729773947,1481300
2010-06-03,28.8968448638916,29.11357064920721,28.600652314269425,29.11357064920721,168900
2010-06-04,27.76264762878418,28.578984376770308,27.647060344134502,28.578984376770308,101500
2010-06-07,27.379756927490234,28.008262424143474,27.379756927490234,28.008262424143474,103300
2010-06-08,27.79875946044922,27.79875946044922,27.235271968165904,27.632602962873815,463600
2010-06-09,27.704849243164062,28.23221909337401,27.545918468462926,28.10218306946168,351900
2010-06-10,28.622323989868164,28.643998497414547,28.13107740802419,28.13107740802419,126500
2010-06-11,28.723461151123047,28.723461151123047,28.31168135279321,28.362250608320192,1499100
2010-06-14,28.723461151123047,29.156915455977114,28.723461151123047,29.062999943219403,194400
2010-06-15,29.474782943725586,29.518129205665506,29.005210840557638,29.026882593618577,1546900
2010-06-16,29.467552185058594,29.662606178698297,29.149685192838053,29.236377693889462,883900
2010-06-17,29.50367546081543,29.677057723427556,29.214705941734405,29.677057723427556,176300
2010-06-18,29.460338592529297,29.58315164180419,29.41699507992982,29.58315164180419,60700
2010-06-21,29.55424690246582,29.99492421158894,29.409762132222827,29.835990688739873,123600
2010-06-22,29.164138793945312,29.648162359963738,29.091897786870454,29.482005839037345,514300
2010-06-23,29.107275009155273,29.267646558977816,28.844849847901056,29.2530670743801,753300
2010-06-24,28.633459091186523,29.027096937532512,28.575143918072172,29.027096937532512,221500
2010-06-25,28.822982788085938,28.903168565158012,28.473083490568882,28.779244333114146,316800
2010-06-28,28.582426071166992,28.903169186348737,28.560558233587322,28.888589701044793,101600
2010-06-29,27.678524017333984,28.137765353888803,27.518152437789393,28.072159051416275,1763500
2010-06-30,27.408809661865234,27.897212789205014,27.386941819705555,27.67852602534898,63600
2010-07-01,27.57646942138672,27.64936407458026,27.051619019984365,27.437965687265113,2515700
2010-07-02,27.467126846313477,27.773287750989894,27.314046393975268,27.751419909442433,165100
2010-07-06,27.817028045654297,28.247113235829964,27.612920762436413,28.15234794829887,95200
2010-07-07,28.59701156616211,28.648038385072997,27.773288548274333,27.773288548274333,173000
2010-07-08,28.903165817260742,28.903165817260742,28.55326377225733,28.866715717873436,92500
2010-07-09,29.0781192779541,29.08541041144104,28.742799437124102,28.742799437124102,129200
2010-07-12,28.93233299255371,29.07083674902561,28.786543662640668,28.98335981417392,241400
2010-07-13,29.384286880493164,29.500920005202204,29.231203644950707,29.274942109498987,273100
2010-07-14,29.49362564086914,29.544652453544305,29.238491577493335,29.39157201551882,145600
2010-07-15,29.522777557373047,29.588383840952847,29.136430987820926,29.522777557373047,265800
2010-07-16,28.70635223388672,29.32596510678079,28.63345480247098,29.32596510678079,117900
2010-07-19,28.888599395751953,28.983361910900136,28.61159464352218,28.925046730866903,95100
2010-07-20,29.18016815185547,29.18016815185547,28.502237447037626,28.538687547034968,746300
2010-07-21,28.67719841003418,29.296811394173773,28.611592100357374,29.296811394173773,458700
2010-07-22,29.51549530029297,29.602969436209555,29.158304842441893,29.289517436693092,681500
2010-07-23,29.741472244262695,29.792499058469843,29.369705057788767,29.52278550041022,76900
2010-07-26,30.01118278503418,30.06950072726646,29.67586295945618,29.799787196323507,394100
2010-07-27,30.084081649780273,30.31005951559531,29.938289567988402,30.31005951559531,85000
2010-07-28,29.865398406982422,30.08408516484555,29.85081891902448,30.06950567688761,154000
2010-07-29,29.96015739440918,30.317347855611597,29.697734984197247,30.317347855611597,143300
2010-07-30,29.96745491027832,30.069508554999008,29.56652868569565,29.69045017406984,353300
2010-08-02,30.813045501708984,30.813045501708984,30.324642346169814,30.47043445740926,298900
2010-08-03,30.747426986694336,30.783874304849547,30.47042236336091,30.667241218301598,188400
2010-08-04,30.791179656982422,30.798468011678533,30.52875439586769,30.70370271610857,117100
2010-08-05,30.71099281311035,30.740149011662346,30.492306029827123,30.492306029827123,159900
2010-08-06,30.674537658691406,30.674537658691406,30.324635557743974,30.50687496080915,148800
2010-08-09,30.813045501708984,30.84949283433054,30.616226568648713,30.747439190688894,489400
2010-08-10,30.674537658691406,30.674537658691406,30.24445255622749,30.521454446744677,184500
2010-08-11,29.479045867919922,29.879974793262566,29.479045867919922,29.879974793262566,276000
2010-08-12,29.391569137573242,29.500913885886256,29.13643509917949,29.13643509917949,166600
2010-08-13,29.362417221069336,29.530077169541553,29.33326102450039,29.413444041006397,113800
2010-08-16,29.51549530029297,29.588389950098016,29.172884328553433,29.29680578937254,103700
2010-08-17,29.843523025512695,30.040341910428637,29.68315424505539,29.76334002566032,123700
2010-08-18,29.894548416137695,30.011181514913623,29.705020673408974,29.821653772184902,74400
2010-08-19,29.42072868347168,29.843522638331702,29.253068771996798,29.836234285986063,97900
2010-08-20,29.18016815185547,29.27493340649458,28.997928774877604,29.27493340649458,81200
2010-08-23,29.034395217895508,29.384294684955847,29.034395217895508,29.32597671673557,329800
2010-08-24,28.61157989501953,28.844846056416856,28.473078980674863,28.662606694028195,229700
2010-08-25,28.61157989501953,28.640738860382193,28.24710117024221,28.502235165285537,886800
2010-08-26,28.509540557861328,28.910466799514726,28.480381577912947,28.80112201508499,153100
2010-08-27,29.085412979125977,29.107280820011983,28.429349945016735,28.757381462071358,90200
2010-08-30,28.626171112060547,28.997938340196317,28.611591623402834,28.97607049758631,455600
2010-08-31,28.684484481811523,28.85943555394732,28.47308886145333,28.618878177354716,148400
2010-09-01,29.566530227661133,29.602977562568867,29.194760181643343,29.23120751655108,158800
2010-09-02,29.909130096435547,29.909130096435547,29.551942421795562,29.63941655711008,681600
2010-09-03,30.17155647277832,30.259030611541892,30.003896548167834,30.17884760644771,66500
2010-09-07,29.78521728515625,30.120537218522085,29.777926149657226,30.120537218522085,110600
2010-09-08,30.018474578857422,30.178846142773224,29.879973634136334,29.89455033926268,56500
2010-09-09,30.222591400146484,30.426701486401537,30.113249392522135,30.426701486401537,116300
2010-09-10,30.28818702697754,30.35379332069817,30.200712895600866,30.22258073325691,112100
2010-09-13,30.805747985839844,30.813039119305856,30.630799713192683,30.68182652444416,256100
2010-09-14,30.90781593322754,31.046316932533,30.623520017673652,30.681837984173022,140100
2010-09-15,30.97341537475586,30.995283216958576,30.62351321499398,30.769305318102585,81900
2010-09-16,30.90781593322754,30.90781593322754,30.732864814483122,30.864077458353012,63400
2010-09-17,30.783885955810547,31.039022840964453,30.74014748901906,31.039022840964453,73500
2010-09-20,31.323312759399414,31.38162792847806,30.871356990463603,31.017149084289578,522800
2010-09-21,31.206680297851562,31.46181438185669,31.06817655446053,31.44723489409169,343400
2010-09-22,31.126493453979492,31.374339176105668,31.017148689812437,31.28686225247088,755000
2010-09-23,30.856775283813477,31.148356643465497,30.7984573434316,31.00256457326326,83000
2010-09-24,31.578445434570312,31.585736568351663,31.25770506701035,31.439944481005217,57400
2010-09-27,31.469104766845703,31.629476361860522,31.42536908148031,31.614896873154343,220000
2010-09-28,31.534711837768555,31.60031814815534,31.177524088470772,31.40350199774819,446900
2010-09-29,31.563861846923828,31.70236556324704,31.43994039626876,31.578441331839556,155600
2010-09-30,31.498260498046875,31.87731882308233,31.33060056633457,31.64405258933018,379200
2010-10-01,31.782550811767578,31.811709783665698,31.55657573143867,31.74610348727123,154000
2010-10-04,31.461803436279297,31.724228563245568,31.301431907410574,31.724228563245568,186800
2010-10-05,32.21263122558594,32.21263122558594,31.72423103077334,31.72423103077334,538500
2010-10-06,32.35841369628906,32.380281525174375,32.18346550370379,32.24907177111112,670500
2010-10-07,32.198062896728516,32.54067393347468,32.074141412396685,32.54067393347468,334900
2010-10-08,32.460479736328125,32.53337716185611,32.1980545659323,32.28553147656588,77800
2010-10-11,32.482357025146484,32.569831172991854,32.38030060844836,32.52609270869266,85400
2010-10-12,32.44590759277344,32.504225546391446,32.07414037109438,32.30740662406027,131900
2010-10-13,32.846839904785156,32.97076139766738,32.64272982716537,32.79581308056855,309700
2010-10-14,32.89787292480469,32.97076760719889,32.686474452806074,32.7885281204595,165000
2010-10-15,32.80309295654297,33.145703928374374,32.62085355122884,33.145703928374374,116000
2010-10-18,32.890560150146484,32.94887808229888,32.67187346607909,32.78850654963184,1369100
2010-10-19,32.21992874145508,32.51880126723797,32.06684830207298,32.263664420848386,172900
2010-10-20,32.68647384643555,32.78123915639311,32.31470652391561,32.387601204957534,159000
2010-10-21,32.65729904174805,32.93430370087663,32.39487386791596,32.8468295698501,81500
2010-10-22,32.737491607666016,32.737491607666016,32.620858481866,32.67188530060644,62700
2010-10-25,32.846839904785156,33.1092623804334,32.80310143513377,33.072815046100594,159400
2010-10-26,32.730201721191406,32.78851689098409,32.526091675034664,32.62814530773657,224900
2010-10-27,32.51150894165039,32.52608842783127,32.22721591300487,32.51150894165039,107500
2010-10-28,32.679176330566406,32.80309780975289,32.51880474032219,32.80309780975289,167600
2010-10-29,32.679176330566406,32.722912014630786,32.613570023716775,32.65001735402144,54600
2010-11-01,32.722904205322266,32.97074988530002,32.540664816537216,32.86140792048043,176600
2010-11-02,33.036354064941406,33.131119319663284,32.978038910248706,33.04364519724813,266900
2010-11-03,33.218605041503906,33.26234350836039,32.766652006999635,33.072812932735474,241300
2010-11-04,33.96941375732422,33.96941375732422,33.568487743124926,33.655961852590714,880200
2010-11-05,33.90382385253906,34.04232760522588,33.76532288060539,33.91840334128258,286300
2010-11-08,33.772621154785156,33.838224696869645,33.61953788099348,33.838224696869645,790200
2010-11-09,33.49559783935547,34.07147493445595,33.327937947253844,34.07147493445595,307700
2010-11-10,33.583072662353516,33.685126270046005,33.25504122280463,33.685126270046005,345300
2010-11-11,33.42271423339844,33.502900036836465,33.21860693792226,33.36439905501382,190700
2010-11-12,33.08009719848633,33.40812867991107,32.905146148142265,33.30607227843801,253300
2010-11-15,33.05093765258789,33.32065118562919,33.03635816691639,33.27691550936726,218800
2010-11-16,32.35114669799805,32.788520248870086,32.22722243077393,32.77394075974059,449000
2010-11-17,32.42403793334961,32.59169786947533,32.35843162958276,32.47506474952905,285800
2010-11-18,33.1384162902832,33.18215475324295,32.956176865747,32.99991532870674,89000
2010-11-19,33.19673156738281,33.19673156738281,32.81038212756888,33.02178051038652,167900
2010-11-22,33.04364776611328,33.08738344034483,32.62813939564653,32.8249582719458,138100
2010-11-23,32.263668060302734,32.51880493547265,32.13245822656913,32.49693709330923,342200
2010-11-24,32.7010383605957,32.74477403688688,32.47506050366523,32.47506050366523,545200
2010-11-26,32.40217208862305,32.511514081135665,32.21993265368226,32.35843362316614,498300
2010-11-29,32.21992874145508,32.329270720691106,31.877317755526114,32.21263760772102,337300
2010-11-30,31.964792251586914,32.445904195548735,31.7242376699824,31.870029758009302,459100
2010-12-01,32.788509368896484,32.83953617354126,32.49692802531953,32.49692802531953,243000
2010-12-02,33.34981155395508,33.357099906719846,32.82496117080608,32.846831790605734,268400
2010-12-03,33.52476501464844,33.53934172122414,33.23318082958262,33.298787132184785,240800
2010-12-06,33.4737434387207,33.53934975704173,33.320662956222826,33.40084876536558,115800
2010-12-07,33.38625717163086,33.89652804239812,33.38625717163086,33.874660204469635,482200
2010-12-08,33.45185852050781,33.54662377210829,33.25503966599242,33.42999068581236,139600
2010-12-09,33.59037780761719,33.70701094802891,33.40084721647725,33.70701094802891,269200
2010-12-10,33.63410568237305,33.72887095592418,33.502893082303096,33.553919895579995,163200
2010-12-13,33.87465286254883,34.071471703504635,33.81633493304255,33.94754749367975,334400
2010-12-14,33.92570114135742,34.115228970753044,33.86738317492573,33.98401632703543,725400
2010-12-15,33.604949951171875,33.896534152960925,33.54663477926589,33.69971523386627,173000
2010-12-16,33.765323638916016,33.7944826170579,33.5101895320575,33.5101895320575,350200
2010-12-17,33.83821487426758,33.83821487426758,33.619528121872094,33.75074072945997,1282300
2010-12-20,33.78718566894531,33.94755724038002,33.626816878263334,33.721579369790454,428600
2010-12-21,34.08014678955078,34.12431213821229,33.98445660473067,34.06542500666361,488400
2010-12-22,34.146392822265625,34.168474092270735,34.035983664347164,34.13167103963124,1908100
2010-12-23,34.13166809082031,34.219998778995254,33.99917486645059,34.15375216681039,1932800
2010-12-27,34.12430953979492,34.16111259026396,33.9550132613231,34.043341144027366,921600
2010-12-28,34.18318557739258,34.18318557739258,34.087498230933825,34.087498230933825,249800
2010-12-29,34.30833435058594,34.426105819995406,34.26416899659739,34.35249689668117,500500
2010-12-30,34.345130920410156,34.36721218928656,34.183194127602434,34.36721218928656,451900
2010-12-31,34.455543518066406,34.47762478735135,34.27888494010832,34.39665638944943,307000
2011-01-03,34.71316909790039,34.8677436049676,34.69844731514738,34.71316909790039,522000
2011-01-04,34.67637252807617,34.875112420558935,34.44082957577663,34.875112420558935,168500
2011-01-05,34.67637252807617,34.69845380238754,34.3672206482496,34.462910850088,346800
2011-01-06,34.455543518066406,34.71316768603358,34.345131555856,34.71316768603358,1656300
2011-01-07,34.330406188964844,34.51442423483871,34.05806026728144,34.51442423483871,165400
2011-01-10,34.24943542480469,34.27151949814527,33.96236774240835,34.102223244626714,158000
2011-01-11,34.35984802246094,34.440816407836856,34.22735481146259,34.43345411395228,378900
2011-01-12,34.91925811767578,34.94134218922319,34.64691223698947,34.698437057446554,329700
2011-01-13,34.897186279296875,35.11064791192493,34.889826792054784,35.081204347170804,1421000
2011-01-14,35.162166595458984,35.162166595458984,34.801490010045555,34.801490010045555,1684600
2011-01-18,35.27259063720703,35.2799529341652,35.11065660674372,35.191625025922164,637500
2011-01-19,35.00022888183594,35.34618367811973,34.88245745448925,35.33146189871485,850500
2011-01-20,34.77204895019531,34.86037682033106,34.49970023811384,34.86037682033106,536400
2011-01-21,34.84565734863281,35.00759412785107,34.77941073967012,34.889822690572124,209600
2011-01-24,35.06647872924805,35.09592229078165,34.77205153758971,34.81621407199755,558900
2011-01-25,35.051761627197266,35.051761627197266,34.772056178970594,34.94135246854767,161500
2011-01-26,35.206336975097656,35.31674612757914,35.088562719822285,35.25786180783424,510600
2011-01-27,35.294654846191406,35.36090144204442,35.13271809901915,35.27993306845829,559000
2011-01-28,34.470272064208984,35.25050701623698,34.455550279165934,35.25050701623698,443000
2011-01-31,34.823577880859375,34.86774041718791,34.61011626229582,34.61011626229582,471200
2011-02-01,35.53020477294922,35.57437011497264,35.07384080361073,35.07384080361073,355000
2011-02-02,35.45659255981445,35.57436679421639,35.3903487648018,35.45659255981445,138000
2011-02-03,35.52284240722656,35.544926482140134,35.16216860905122,35.39771148358401,437000
2011-02-04,35.486053466796875,35.544940612786526,35.32411943111267,35.544940612786526,285100
2011-02-07,35.647987365722656,35.75839935138599,35.463969261546055,35.463969261546055,218300
2011-02-08,35.83936309814453,35.83936309814453,35.53021404696485,35.53757353527676,1043400
2011-02-09,35.67005920410156,35.78783064730545,35.515484711376345,35.78047116055826,1269200
2011-02-10,35.500762939453125,35.55965006501711,35.1032832655743,35.1032832655743,389300
2011-02-11,35.65533447265625,35.7215810794706,35.257857639662596,35.40506982556786,110100
2011-02-14,35.684783935546875,35.751030553318955,35.618537317774795,35.662702665587155,486400
2011-02-15,35.677425384521484,35.75839378702265,35.581735199029836,35.714228438051194,523000
2011-02-16,35.96448516845703,36.00128821383639,35.721580014747,35.721580014747,203000
2011-02-17,36.07490921020508,36.133796353457235,35.87617212146289,35.964500028447596,333100
2011-02-18,36.24419403076172,36.26627529681491,36.06753547865888,36.14114157076448,153000
2011-02-22,35.27259063720703,35.84672906052076,35.198984514986755,35.59646431392082,912600
2011-02-23,35.154815673828125,35.434523964760494,34.94135681738111,35.36827733816844,189900
2011-02-24,35.19161605834961,35.32410929089887,34.91190781097974,35.257862674624235,145200
2011-02-25,35.62590026855469,35.655341026411726,35.368273280081524,35.449241681947576,790400
2011-02-28,35.90559005737305,36.0160019768271,35.773096877184884,35.78045916935742,731100
2011-03-01,35.41242599487305,36.126416766174245,35.40506370211565,36.08961091817119,287100
2011-03-02,35.57436752319336,35.73630148302973,35.25049398773592,35.522839890640476,715900
2011-03-03,36.15585708618164,36.17794115630085,35.79518336630732,35.83198640598341,285300
2011-03-04,35.854087829589844,36.13379614261842,35.66271023092409,36.13379614261842,392600
2011-03-07,35.47867965698242,36.09698040083628,35.368267706765025,36.09698040083628,484300
2011-03-08,35.773109436035156,35.83199656252193,35.346189000577,35.46396044565781,281700
2011-03-09,35.75839614868164,35.81728047663959,35.60381882101902,35.78047742067922,240300
2011-03-10,34.97816467285156,35.243151215568375,34.91191803717236,35.243151215568375,287100
2011-03-11,35.07383728027344,35.206330485141564,34.77940731214598,34.80885087053718,270500
2011-03-14,34.76469802856445,34.77941981305156,34.41874311285058,34.51443330807015,316800
2011-03-15,34.21263122558594,34.35248391519398,33.30726287015101,33.32934413485431,811000
2011-03-16,33.373512268066406,34.1243062176925,33.049641524418725,34.1243062176925,793400
2011-03-17,33.896121978759766,34.227355008159144,33.72682572104284,34.10958357636074,731900
2011-03-18,34.29360580444336,34.455542595913194,34.153753089560254,34.300965291377096,552400
2011-03-21,34.88983154296875,34.94871587260233,34.59540147112105,34.71317293828148,356100
2011-03-22,34.933990478515625,34.97079353172043,34.80149724066392,34.84566258924548,588400
2011-03-23,34.963436126708984,35.11065115618954,34.62484352442889,34.83830517678105,379000
2011-03-24,35.346187591552734,35.41979368883426,34.97815148935984,35.184250808062224,488100
2011-03-25,35.162166595458984,35.41243123630501,35.14008532970246,35.34618463114305,555100
2011-03-28,35.05912399291992,35.3682730072312,35.04440221015849,35.25786384835987,311000
2011-03-29,35.346187591552734,35.346187591552734,34.926626659684246,35.04439810007027,91600
2011-03-30,35.64061737060547,35.74366984531507,35.50812694747879,35.64061737060547,1016800
2011-03-31,35.596458435058594,35.699508112305445,35.50813054140317,35.699508112305445,987900
2011-04-01,35.868797302246094,36.001290520414436,35.67741976927658,35.68477925566702,1044000
2011-04-04,35.97184753417969,36.067537706140605,35.89824143752828,36.001291095997296,1461400
2011-04-05,36.00129699707031,36.10434667243049,35.78783535074249,35.86144426735194,351000
2011-04-06,36.18531036376953,36.35460663808155,36.07489840718257,36.236835194738724,77300
2011-04-07,36.04545974731445,36.2368373009101,35.92032600204998,36.17059068468606,190000
2011-04-08,36.104339599609375,36.435572639730886,35.993930458163874,36.288357643244375,287100
2011-04-11,35.94241714477539,36.26628799448412,35.86880821900517,36.11171346220677,444800
2011-04-12,35.62590026855469,35.824637317634846,35.48604473518861,35.824637317634846,142300
2011-04-13,35.7436637878418,35.971844352011246,35.567005240456474,35.91296004147771,523100
2011-04-14,35.78783416748047,35.79519646284452,35.47868515162142,35.486044639092505,514000
2011-04-15,35.75101852416992,35.84670867495337,35.61116584832641,35.758380816941255,80500
2011-04-18,35.24314498901367,35.35355415704343,34.838305757118164,35.33147288501612,167400
2011-04-19,35.537559509277344,35.55228128798406,35.33881970857496,35.46395342363595,559400
2011-04-20,36.163230895996094,36.21475572953045,36.07490020317191,36.082262498187006,308700
2011-04-21,36.413490295410156,36.472374607526646,36.27363478933518,36.472374607526646,90500
2011-04-25,36.33989715576172,36.43558736333018,36.1926820997857,36.413506087696554,189800
2011-04-26,36.7005729675293,36.7373760286123,36.39878337401894,36.47238949618495,787300
2011-04-27,37.075965881347656,37.11276893964943,36.6122422925373,36.83306345024128,1042300
2011-04-28,37.20108413696289,37.2305276944843,36.96554129257603,36.98026307133673,807300
2011-04-29,37.31150817871094,37.370395317290104,37.16429594804965,37.25998333640082,217000
2011-05-02,37.25997543334961,37.53232417967158,37.19372882044598,37.524961884964114,211100
2011-05-03,36.958194732666016,37.186378188758255,36.78889841668534,37.1127692636188,213200
2011-05-04,36.64167022705078,36.9729032515965,36.49445804537924,36.9729032515965,418000
2011-05-05,36.12643814086914,36.4723902920709,35.97922308543108,36.36198110641258,456000
2011-05-06,36.251556396484375,36.73000445685392,36.06753834371034,36.59014893969436,387800
2011-05-09,36.49445343017578,36.56069721881514,36.14113637674701,36.32515438845732,309000
2011-05-10,36.77417755126953,36.781539847914274,36.52391281532377,36.59015944565922,423600
2011-05-11,36.24419403076172,36.62694907918174,36.060175992605295,36.56070247312973,516800
2011-05-12,36.37668991088867,36.45765830912875,35.883522842179595,36.038097343605465,156400
2011-05-13,35.802555084228516,36.384052856631406,35.677424144996266,36.33252802190132,559000
2011-05-16,35.67005920410156,36.07489836462162,35.574371836924634,35.78783064730545,350800
2011-05-17,35.75839614868164,35.773115124751236,35.39771946132643,35.60381882101902,157600
2011-05-18,36.05281448364258,36.11170160492316,35.721581446170546,35.79519034777127,229000
2011-05-19,36.207393646240234,36.22211542846369,35.935047694838524,36.08962219634548,229500
2011-05-20,35.81727600097656,36.04545941204652,35.68478276976082,35.99393457856182,130500
2011-05-23,35.154815673828125,35.272587142448074,35.02968471687275,35.26522765411265,124400
2011-05-24,35.25786590576172,35.46396526066242,35.213700554900235,35.42716220555774,163000
2011-05-25,35.39771270751953,35.53020593001197,35.15480753031918,35.21369465493478,238000
2011-05-26,35.75839614868164,35.773115124751236,35.3388323254753,35.46396608521236,451300
2011-05-27,35.94241714477539,36.06018861811433,35.78783980460463,35.78783980460463,358700
2011-05-31,36.582786560058594,36.582786560058594,36.192666409661676,36.509177660034446,1034000
2011-06-01,35.7436637878418,36.465014141204854,35.70685793487944,36.465014141204854,535700
2011-06-02,35.868797302246094,35.91296264426639,35.53756425682525,35.9056003499834,1343800
2011-06-03,35.67005920410156,35.88352082237507,35.42715683094661,35.4345163176938,217300
2011-06-06,35.206336975097656,35.596454368072564,35.18425289828713,35.515485971517144,231800
2011-06-07,35.382999420166016,35.63326414407383,35.353555850790194,35.552295732236985,190400
2011-06-08,35.04439926147461,35.27994215005276,34.97815264856871,35.27994215005276,622200
2011-06-09,35.4197883605957,35.53020029780123,35.0664740925871,35.10327713569154,648400
2011-06-10,34.74997329711914,35.17689658736042,34.63220183910311,35.13273123764451,568800
2011-06-13,34.779422760009766,34.948719084116554,34.57332337551341,34.86039117760291,148500
2011-06-14,35.198974609375,35.33146783840042,35.08120316222937,35.08120316222937,340200
2011-06-15,34.41875076293945,34.84567418427599,34.256816713375514,34.70582141240398,463800
2011-06-16,34.3377685546875,34.51442430667426,34.07278211881481,34.264159651449226,232700
2011-06-17,34.41875076293945,34.74998396778782,34.33778514210444,34.74998396778782,595100
2011-06-20,34.55123519897461,34.56595698296475,34.220004886822665,34.39666067891795,616900
2011-06-21,35.140098571777344,35.22106417935953,34.77942185044773,34.80150312452529,217400
2011-06-22,34.87342834472656,35.23840140184293,34.87342834472656,35.09687990314808,453600
2011-06-23,34.63508224487305,34.66487654593025,34.113693341735804,34.38183636856873,205100
2011-06-24,34.352054595947266,34.80640790808213,34.299915970752316,34.80640790808213,315700
2011-06-27,34.62763214111328,34.73935649855103,34.26265908759895,34.40417774355638,197200
2011-06-28,35.059654235839844,35.059654235839844,34.65743954478032,34.68723385700888,360200
2011-06-29,35.521453857421875,35.543801011727915,35.11924201735832,35.3948322955027,570000
2011-06-30,35.93855667114258,35.97579813051282,35.60337785412793,35.70020792156354,677500
2011-07-01,36.422706604003906,36.452498068688705,35.81938469300958,35.94600623160884,481800
2011-07-05,36.31098175048828,36.43760329736397,36.19925451625783,36.385464679080854,462000
2011-07-06,36.20670700073242,36.273742777606635,35.960908205079704,36.191809845722396,281700
2011-07-07,36.534427642822266,36.63125770786653,36.422703267470716,36.534427642822266,151200
2011-07-08,36.214149475097656,36.25884093434915,35.953456399484175,36.14711370689113,409400
2011-07-11,35.305450439453125,35.64807648072395,35.22351750755319,35.57359070565956,233800
2011-07-12,35.089447021484375,35.46931454117515,35.0745498660182,35.09689417854652,564900
2011-07-13,35.514007568359375,35.83428932160324,35.33524453625085,35.38738316200292,412100
2011-07-14,35.21605682373047,35.68530711955475,35.11922960753983,35.51399415090101,723500
2011-07-15,35.439517974853516,35.55869236010195,35.16392490037657,35.55869236010195,291200
2011-07-18,34.97026824951172,35.17137556116356,34.73936663065038,35.17137556116356,409800
2011-07-19,35.521453857421875,35.543801011727915,35.15648348607913,35.15648348607913,442000
2011-07-20,35.6331787109375,35.7672502623985,35.55124578045114,35.74490595093558,544500
2011-07-21,36.25138854980469,36.33332146569936,35.84917680839456,35.99069549135912,991600
2011-07-22,36.318424224853516,36.355668525690085,36.05028401168237,36.3333213769199,720300
2011-07-25,36.1024284362793,36.26629145271143,35.983254041900615,36.04283981841911,1089300
2011-07-26,36.154563903808594,36.28118544370843,36.03538951982109,36.258841134629975,297500
2011-07-27,35.37247848510742,35.97579750388392,35.29799272632311,35.97579750388392,173400
2011-07-28,35.21605682373047,35.55868560237887,35.141573912608294,35.39481978830098,2530000
2011-07-29,35.11923599243164,35.38737622602555,34.85854007342606,35.01495592002454,296400
2011-08-01,34.806400299072266,35.60337950007301,34.605292999566274,35.57358519466294,1280900
2011-08-02,34.001983642578125,34.731927285317404,33.95729217171329,34.6202000288264,356100
2011-08-03,34.09879684448242,34.10624684055992,33.45823356618521,34.10624684055992,802800
2011-08-04,32.19945526123047,33.38375179883702,32.08773088830371,33.3688546475119,1457500
2011-08-05,32.31118392944336,32.79532858326044,31.335441783799645,32.75063996861527,1991200
2011-08-08,30.076656341552734,31.581234300217282,29.87554909129483,31.35777990570362,1069200
2011-08-09,31.648279190063477,31.73020927152647,29.90535202582607,30.858747110078504,2545300
2011-08-10,30.173494338989258,31.08220086704849,30.13625287369899,30.881093544871035,821100
2011-08-11,31.54399299621582,31.871724623845466,30.292660770253914,30.42673228313133,995100
2011-08-12,31.81214141845703,32.0355930307112,31.46951542357788,31.871730030440226,1083200
2011-08-15,32.564430236816406,32.564430236816406,32.13242134758375,32.139871344345,340700
2011-08-16,32.05794143676758,32.45270606192649,31.812142664719676,32.12497720720414,881900
2011-08-17,32.25905990600586,32.57934171538998,31.990916731512876,32.393131493252355,761300
2011-08-18,30.799156188964844,31.22371508319408,30.5235659758237,31.164129315563603,679800
2011-08-19,30.210735321044922,31.12688890480633,30.203285324001712,30.456531237985125,825100
2011-08-22,30.374603271484375,31.0598582027893,30.35225895939396,31.03751104935706,986000
2011-08-23,31.39502716064453,31.41737146566747,30.486320871832707,30.665080994698062,667200
2011-08-24,31.52165412902832,31.611034205918706,31.07475090323499,31.21626959508988,1278000
2011-08-25,30.963031768798828,31.722769724290277,30.851304512478084,31.618492467106734,987800
2011-08-26,31.335453033447266,31.469524608197855,30.404402009536085,30.791719576444205,649700
2011-08-29,32.221797943115234,32.259042240220936,31.864274853359863,31.90896630508214,273300
2011-08-30,32.2367057800293,32.40057164932425,31.81959679104853,32.02815128553892,778700
2011-08-31,32.534629821777344,32.832567126761155,32.3260754130931,32.65380417550273,567200
2011-09-01,32.31118392944336,32.787881427933314,32.25904531812984,32.609118445328974,582600
2011-09-02,31.54399299621582,31.812136021970648,31.424818633807114,31.745100265531942,385200
2011-09-06,30.992822647094727,31.007719802375615,30.315017709194525,30.434192110099772,494500
2011-09-07,31.871736526489258,31.871736526489258,31.305655962636855,31.3503474307332,561600
2011-09-08,31.402477264404297,31.856830451481297,31.320544349837466,31.529101634555175,580200
2011-09-09,30.46398162841797,30.985367774521308,30.30756294324557,30.985367774521308,502200
2011-09-12,30.44908905029297,30.449089050292972,29.75638696200502,30.002182919048778,714300
2011-09-13,30.702341079711914,30.77682402898399,30.30012633442098,30.426747916451987,456600
2011-09-14,31.067298889160156,31.327994788399774,30.32245833363194,30.814052986626915,1315600
2011-09-15,31.58124542236328,31.618486887450878,31.149236471590527,31.365240946976904,1145600
2011-09-16,31.655729293823242,31.819595154691214,31.402483345818986,31.655729293823242,308000
2011-09-19,31.134328842163086,31.283297493734725,30.694872882764138,30.821497231069273,362900
2011-09-20,31.067298889160156,31.514204927281828,30.985365973437457,31.24606187267707,289800
2011-09-21,30.173494338989258,31.126892330201812,30.16604718246787,31.08220086704849,1029100
2011-09-22,28.929609298706055,29.279685293336307,28.579533304075802,29.20519952780783,1790800
2011-09-23,29.205204010009766,29.27223978860284,28.706162090416107,28.840233647602254,711000
2011-09-26,29.80851936340332,29.83086367083263,28.966848740357516,29.339269017999225,437300
2011-09-27,30.374603271484375,30.92578664756316,30.21074024725162,30.62784922676244,619300
2011-09-28,29.771286010742188,30.612954021636178,29.734041699763267,30.508676770116,595300
2011-09-29,30.180940628051758,30.54591092092516,29.674448806587943,30.493772307657533,281000
2011-09-30,29.13815689086914,29.741478663394457,29.1307097367425,29.622304307982873,975900
2011-10-03,28.30394172668457,29.264786746170245,28.281597418761137,28.84767500310466,1040300
2011-10-04,28.84766960144043,28.855119596914108,27.62613174710741,27.916619061084074,925600
2011-10-05,29.436100006103516,29.480791463700672,28.631670817402547,28.92960818536764,935000
2011-10-06,30.121341705322266,30.16603314768284,29.272224189853798,29.480781412862793,845600
2011-10-07,29.845754623413086,30.449076370755,29.73402742679178,30.449076370755,1659400
2011-10-10,31.0002498626709,31.015147008368963,30.441619685023504,30.56079400926801,259500
2011-10-11,30.970476150512695,31.05985623455224,30.6650887508061,30.79916029753624,517600
2011-10-12,31.45461082458496,31.81213388782635,31.3652307691098,31.42481652564633,435400
2011-10-13,31.387588500976562,31.499315749125557,31.03751244202887,31.313105563105204,481100
2011-10-14,31.98346519470215,31.99091519438149,31.62594192633764,31.841946455560684,599200
2011-10-17,31.253511428833008,31.76745327008517,31.208822810526872,31.76745327008517,189400
2011-10-18,31.864274978637695,32.08027940079985,30.94812152478617,31.275853156022816,1352200
2011-10-19,31.387588500976562,31.89408043425929,31.283311251419878,31.760008873017277,1828800
2011-10-20,31.335453033447266,31.454627450854208,30.903446835850442,31.32800587544656,229800
2011-10-21,32.05794143676758,32.080285746465925,31.76000404786252,31.834489815759543,379200
2011-10-24,32.549530029296875,32.63891009265328,31.99834681569354,31.99834681569354,680000
2011-10-25,31.96856117248535,32.46015875744225,31.931319706112127,32.42291444972727,653300
2011-10-26,32.437808990478516,32.54953622193619,31.819592742746263,32.54953622193619,409300
2011-10-27,33.76362228393555,34.01686533416186,33.219886201564044,33.66679222033419,1153400
2011-10-28,33.65190124511719,33.70403986400832,33.40610246348044,33.57741831565603,1422300
2011-10-31,32.437808990478516,33.0560280795523,32.437808990478516,32.951750845573955,327800
2011-11-01,31.45461082458496,31.84192818676498,30.83639474898238,31.275850713634636,856500
2011-11-02,32.02069091796875,32.13241527620612,31.70785646395455,31.841927966911964,543100
2011-11-03,32.691062927246094,32.7729958715397,31.92387779675547,32.46761125093586,207400
2011-11-04,32.363319396972656,32.46759660947016,32.020693458383455,32.39311369806936,476200
2011-11-07,32.59423065185547,32.59423065185547,32.154774486506014,32.35588183417529,165300
2011-11-08,32.94430160522461,33.048578841599465,32.37822396147186,32.624019898449504,340500
2011-11-09,31.462074279785156,32.05049630818203,31.357794188887862,32.02070483783904,456500
2011-11-10,31.730207443237305,32.01324765806907,31.46951437782733,32.01324765806907,1037100
2011-11-11,32.46015548706055,32.527188414973686,32.19945956602974,32.24415102597997,272700
2011-11-14,32.072845458984375,32.27395281336269,31.894082419089607,32.110086930237664,234800
2011-11-15,32.1622200012207,32.31863585826401,31.78234967258222,31.938768370967168,404100
2011-11-16,31.618484497070312,32.11752634246782,31.54399873118464,31.81959180294946,218700
2011-11-17,31.022605895996094,31.648271987991773,30.858740087677443,31.514200479611212,472500
2011-11-18,31.067298889160156,31.268406180113725,30.93322736185778,31.268406180113725,1050900
2011-11-21,30.29265594482422,30.583146070679312,30.039412951219038,30.583146070679312,1386600
2011-11-22,30.233083724975586,30.449088207027767,30.031976397686492,30.22563656826491,1481000
2011-11-23,29.525489807128906,30.00218747984805,29.495695492248394,30.00218747984805,368600
2011-11-25,29.383956909179688,29.778721446355753,29.35416260866126,29.383956909179688,236800
2011-11-28,30.478870391845703,30.59804759365099,30.27776596715148,30.553356142974007,586200
2011-11-29,30.598060607910156,30.76937364635843,30.434194727071766,30.59061060895818,458500
2011-11-30,32.06538391113281,32.10262536897307,31.58868643155885,31.752552255665314,435900
2011-12-01,31.96110725402832,32.19945599800181,31.856830033707563,31.990901557360296,715700
2011-12-02,31.946210861206055,32.36332259373822,31.908969401827036,32.34097544503783,401700
2011-12-05,32.25905990600586,32.54954739792576,32.09519400129515,32.54954739792576,472500
2011-12-06,32.19945526123047,32.355871088132574,31.99090082536099,32.2292495638807,1197200
2011-12-07,32.37821960449219,32.48249682683496,31.827036347527393,32.03559079221294,679400
2011-12-08,31.50676155090332,32.072842083202985,31.43227861623634,32.028150617597696,494900
2011-12-09,32.110076904296875,32.16221551604032,31.670620861501202,31.69296516900804,331800
2011-12-12,31.39502716064453,31.581237279411482,31.14922844002851,31.581237279411482,812500
2011-12-13,30.977922439575195,31.74510739222854,30.89598951427405,31.603588693016647,448600
2011-12-14,30.642738342285156,30.95557283618256,30.523563973500686,30.814051319829012,518900
2011-12-15,30.83639907836914,31.05240067264871,30.72467186233329,30.977917756185565,532600
2011-12-16,30.799156188964844,31.08964639569019,30.642740352425918,30.970472019087968,827700
2011-12-19,30.419288635253906,30.910883292027684,30.322458566715376,30.761914611508697,1071000
2011-12-20,31.4217529296875,31.474473760261894,31.00751372793187,31.037640737708603,962600
2011-12-21,31.399141311645508,31.43680149250124,31.075283293151468,31.293699700613665,1118200
2011-12-22,31.68535041809082,31.723007735856278,31.444340136708885,31.50459414358896,1340400
2011-12-23,31.90377426147461,31.926368082745082,31.62510659788271,31.62510659788271,1145000
2011-12-27,31.85105323791504,31.9414313955223,31.820926227689345,31.820926227689345,1558400
2011-12-28,31.399141311645508,31.828440941171383,31.3539536915281,31.745596013266663,1077800
2011-12-29,31.77572250366211,31.81338268732437,31.421740336399633,31.51211845643807,929700
2011-12-30,31.76066017150879,31.896228793080745,31.70040904695944,31.70040904695944,1673300
2012-01-03,32.3707275390625,32.61173784720731,32.348133720508145,32.348133720508145,638000
2012-01-04,32.36318588256836,32.40084319131885,32.12217565888301,32.34058919886326,717100
2012-01-05,32.23515701293945,32.302941337742595,31.88117475947356,32.03933722632445,267200
2012-01-06,31.98661231994629,32.22008939651474,31.903764503201756,32.22008939651474,611800
2012-01-09,32.09959030151367,32.114653804942726,31.911300818254798,32.06946616772508,858800
2012-01-10,32.38578796386719,32.604204432695,32.38578796386719,32.57407742877339,716000
2012-01-11,32.49876403808594,32.54395167263168,32.220093550730304,32.340598697967835,431600
2012-01-12,32.51381301879883,32.61925749878964,32.2953994929172,32.54394001308192,390200
2012-01-13,32.250213623046875,32.28787093476299,31.964012882480695,32.22761981063095,382100
2012-01-17,32.521358489990234,32.75483847428699,32.49123148432561,32.596673131082404,694900
2012-01-18,33.025970458984375,33.05609746241672,32.58160721409935,32.589140401492024,408100
2012-01-19,33.30464553833008,33.36489668046045,33.13894986959981,33.24439152313013,320700
2012-01-20,33.364891052246094,33.39501805476404,33.214258912725455,33.22932241398443,296200
2012-01-23,33.49292755126953,33.63602649582819,33.34982573364194,33.4251432358325,384900
2012-01-24,33.39502716064453,33.42515417137726,33.13142299940783,33.13895331555607,985700
2012-01-25,33.703800201416016,33.80171148690711,33.17658934432216,33.327221428215836,626100
2012-01-26,33.66615676879883,34.01260869334108,33.53058812474852,33.88457323677646,463400
2012-01-27,33.703800201416016,33.7565209998186,33.515510814815926,33.515510814815926,507100
2012-01-30,33.432674407958984,33.51552222596139,33.146473638424034,33.28957545972602,996300
2012-01-31,33.50046157836914,33.78666237227979,33.37242612005629,33.77912918469124,1128600
2012-02-01,33.92975616455078,34.118045602614956,33.85444153855264,33.86950503836603,1871500
2012-02-02,34.08790969848633,34.185820985162415,33.92974730136439,34.012595092161995,1000600
2012-02-03,34.5699462890625,34.5699462890625,34.283745503053304,34.38165682751656,775100
2012-02-06,34.42684555053711,34.42684555053711,34.23855608302412,34.31387359387088,630000
2012-02-07,34.55487823486328,34.607599047304795,34.25361398685282,34.27620779987952,1040500
2012-02-08,34.65279006958008,34.75823457786622,34.47956411557075,34.62266594028169,1253100
2012-02-09,34.66032409667969,34.76576573445207,34.509691954260944,34.697981414017086,920600
2012-02-10,34.22349166870117,34.268682174004766,34.080392711510235,34.268682174004766,546400
2012-02-13,34.600059509277344,34.630186503161646,34.43436678905023,34.57746570039825,425600
2012-02-14,34.43436813354492,34.50215243589711,34.17076123636712,34.47955575306746,541000
2012-02-15,34.351524353027344,34.66031890585877,34.30633385514882,34.64525540656593,1029700
2012-02-16,34.77329635620117,34.81848686124717,34.306339296335864,34.37412361737028,835500
2012-02-17,34.8712043762207,34.96158250467934,34.76576274750747,34.85614087596611,644500
2012-02-21,34.93898391723633,35.119743022525995,34.83354230292923,35.067022215372454,708000
2012-02-22,34.86367416381836,34.938988792241005,34.788356662326805,34.87873766411667,417900
2012-02-23,35.014305114746094,35.02183542810724,34.690447051909494,34.848609490112814,823000
2012-02-24,35.187538146972656,35.23272578238751,35.08209650024546,35.097157130004156,744400
2012-02-27,35.036895751953125,35.134807055185625,34.713037718472876,34.84860633123524,725800
2012-02-28,35.3682975769043,35.3682975769043,35.02184560028763,35.15741426471496,1064400
2012-02-29,35.157405853271484,35.52645156130828,35.08209122352857,35.436073431002995,1768300
2012-03-01,35.4210090637207,35.4737298778645,35.27037980792065,35.277910121483096,810200
2012-03-02,35.20259475708008,35.31556669656654,35.11974694428204,35.247782383647134,624300
2012-03-05,35.014305114746094,35.12727705357612,34.878736489695015,35.07455624084168,423600
2012-03-06,34.09545135498047,34.37411891530536,34.065324355737566,34.37411891530536,566800
2012-03-07,34.47956466674805,34.554882173870716,34.268681392942824,34.34399602699637,556300
2012-03-08,35.04442596435547,35.149867579964805,34.826012420479785,34.83354273313679,345700
2012-03-09,35.097145080566406,35.1875260665056,34.991703470039084,35.104678265928875,426500
2012-03-12,35.02935791015625,35.08208158417237,34.88625900373582,35.0519545913255,667100
2012-03-13,35.601768493652344,35.61683199397335,35.15740528992397,35.22518960483402,475500
2012-03-14,35.451148986816406,35.6243749925862,35.34570732009305,35.59424798121668,1709500
2012-03-15,35.69214630126953,35.71474011501323,35.436072544255055,35.49632654499676,1684300
2012-03-16,35.759925842285156,35.88043095461449,35.74486234411043,35.759925842285156,497700
2012-03-19,35.910560607910156,36.0084719167559,35.654486866130405,35.77499198737566,525100
2012-03-20,35.64695358276367,35.66954739328057,35.39841017480388,35.54150909652503,394700
2012-03-21,35.48126983642578,35.63943230904395,35.330637678807285,35.62436880597516,635200
2012-03-22,35.172462463378906,35.22518326848447,34.99923655045084,35.11220847293346,794100
2012-03-23,35.33816146850586,35.36075815547122,35.014306268070705,35.17246871148369,235000
2012-03-26,35.805110931396484,35.82017442729712,35.60928835775637,35.66200915687454,416300
2012-03-27,35.69214630126953,35.88796893061119,35.669552487525834,35.88796893061119,503400
2012-03-28,35.48880386352539,35.6921568666205,35.300514365074704,35.6921568666205,933000
2012-03-29,35.29296875,35.360753054980954,35.006768031961705,35.24024794313354,1833400
2012-03-30,35.5490608215332,35.58671814972315,35.33817461214356,35.5490608215332,2018200
2012-04-02,35.918094635009766,36.01600595397969,35.39088647071555,35.45867078799181,565800
2012-04-03,35.556575775146484,35.887967015402964,35.405943654399785,35.82771301787679,414300
2012-04-04,34.95404815673828,35.13480726586149,34.848606540194986,35.13480726586149,467600
2012-04-05,34.90885925292969,35.014303747349516,34.758230007038776,34.758230007038776,357800
2012-04-09,34.63019561767578,34.74317043794225,34.449439352932266,34.53981748530402,723000
2012-04-10,33.9674072265625,34.592529424968,33.94481341753474,34.494618130733876,384900
2012-04-11,34.32139205932617,34.47955446789656,34.27620156841965,34.472024155946286,913800
2012-04-12,34.931453704833984,34.9465172030737,34.46449387860861,34.48709056250242,534400
2012-04-13,34.396705627441406,34.77328442103144,34.396705627441406,34.76575410930965,527100
2012-04-16,34.47956466674805,34.68291762637556,34.328935398640965,34.66785412495103,171100
2012-04-17,34.976646423339844,35.06702742594856,34.61513103211179,34.750699662955924,708100
2012-04-18,34.86367416381836,34.96158260615402,34.74316903450078,34.81848366292343,717500
2012-04-19,34.682918548583984,35.021840156975,34.50969258719951,34.886271513618595,317300
2012-04-20,34.81095504760742,35.0143080019521,34.81095504760742,34.9163966817708,357400
2012-04-23,34.396705627441406,34.41930230874318,34.11050781292207,34.27620052841532,546200
2012-04-24,34.5699462890625,34.68291824214856,34.45697146290726,34.51722546967517,878100
2012-04-25,34.976646423339844,34.99170992377463,34.81095366469507,34.89380148055192,579700
2012-04-26,35.142337799072266,35.232715917666624,34.83354326022866,34.8561370716101,713400
2012-04-27,35.2703742980957,35.36075241207094,35.1122090073035,35.32309510400363,650600
2012-04-30,35.142337799072266,35.232715917666624,35.02183268325692,35.232715917666624,363900
2012-05-01,35.315574645996094,35.51139731542852,35.051970521455694,35.051970521455694,516300
2012-05-02,35.157405853271484,35.17999966758056,34.91639559041142,34.99171022015433,524700
2012-05-03,34.856136322021484,35.157400541615395,34.78835201626629,35.142337043328844,901300
2012-05-04,34.26866912841797,34.675374902115756,34.23854213635115,34.667841717565004,558900
2012-05-07,34.38166046142578,34.44191160149265,34.133116966842564,34.133116966842564,460200
2012-05-08,33.997535705566406,34.087913818693224,33.658614190005316,34.020129515581004,330400
2012-05-09,33.66615676879883,33.88457323677646,33.3498289749917,33.52305493726283,593500
2012-05-10,33.74898910522461,33.97493578393118,33.71886211524563,33.9372784829914,756000
2012-05-11,33.620967864990234,33.92223217124917,33.4628053970855,33.568247042355324,318800
2012-05-14,33.131412506103516,33.31970195394367,33.09375231808031,33.12387931927129,246000
2012-05-15,32.777427673339844,33.11634925663602,32.72470685739033,32.98831093713792,1415900
2012-05-16,32.506282806396484,32.95064591769499,32.483688997149066,32.86779811969671,931500
2012-05-17,31.99414825439453,32.51382618744881,31.964021247909493,32.48370205403324,1511600
2012-05-18,31.835975646972656,32.189960677829305,31.775721653180646,32.18242749207103,1259100
2012-05-21,32.408382415771484,32.45357292254004,31.896234831338344,31.926361835850713,1001800
2012-05-22,32.333065032958984,32.67951693623472,32.144775580343605,32.54394830050612,585100
2012-05-23,32.20502853393555,32.242688725045355,31.692883837058687,32.07699307798363,678000
2012-05-24,32.13724136352539,32.29540668218658,31.90376428852796,32.287873495404696,819200
2012-05-25,32.001678466796875,32.16737124091829,31.941424459429662,32.08452341732298,907100
2012-05-29,32.45356369018555,32.55900530291364,32.24268046472936,32.45356369018555,298600
2012-05-30,31.8435115814209,32.08452185300056,31.798323951167877,32.06946122496226,1037000
2012-05-31,31.881166458129883,32.039328883797815,31.542244922363896,31.941417579450178,787700
2012-06-01,31.08281898498535,31.43680402748101,31.07528579897938,31.35395621982725,940500
2012-06-04,31.173206329345703,31.3163081751147,30.924665705912943,31.218396839546884,1200600
2012-06-05,31.399141311645508,31.42173799477263,31.158131094124606,31.180727777251732,691800
2012-06-06,32.22761917114258,32.23514948410889,31.670281200369594,31.77572282030994,1238400
2012-06-07,32.28786849975586,32.66444733465457,32.227617380167686,32.61925971323056,1803300
2012-06-08,32.3180046081543,32.340598425236635,31.903768347585398,32.0242734938067,348000
2012-06-11,31.911291122436523,32.641855014891156,31.888697310692528,32.566540393698745,525700
2012-06-12,32.3707275390625,32.38579104245524,31.91130074132725,32.11465372752496,425200
2012-06-13,32.12971115112305,32.45356923011061,32.06192683521707,32.19749546702902,194700
2012-06-14,32.43098449707031,32.52889296840805,32.08452963372141,32.152313968608176,234600
2012-06-15,32.807552337646484,32.84520965020369,32.54394540360848,32.57407240288176,636100
2012-06-18,32.837677001953125,32.91299450137053,32.64185724960554,32.74729887572108,594900
2012-06-19,33.289573669433594,33.44773610998558,33.048563415334705,33.063626915349495,939300
2012-06-20,33.32722854614258,33.54564497078371,33.10881212150144,33.304634734306816,1376600
2012-06-21,32.475074768066406,33.437187741413744,32.44453376460428,33.437187741413744,720900
2012-06-22,32.69651412963867,32.77287100832491,32.528525501135086,32.77287100832491,475400
2012-06-25,32.10092544555664,32.36054293632769,32.016931123126525,32.36054293632769,1256100
2012-06-26,32.284183502197266,32.39872174550146,32.01693148492551,32.223098575175946,679200
2012-06-27,32.574337005615234,32.61251543983604,32.36053544371648,32.44452974669894,730200
2012-06-28,32.5208854675293,32.54379194468788,32.16200179029699,32.32235586889023,1512900
2012-06-29,33.498268127441406,33.50590556189441,33.246288134220336,33.35318891394005,545600
2012-07-02,33.696800231933594,33.719706709357155,33.383732418224625,33.605168496583836,1440200
2012-07-03,34.02513885498047,34.04041081035747,33.696799096444025,33.71207105182103,428100
2012-07-05,33.7197151184082,33.84188788318101,33.59754235363539,33.68153667557204,292300
2012-07-06,33.33791732788086,33.43718358707712,33.16992872198378,33.39900515287174,230800
2012-07-09,33.261566162109375,33.27683812097544,33.078305568544856,33.19284380362622,253800
2012-07-10,33.04012680053711,33.48300195195326,32.93322600236177,33.47536742901001,617500
2012-07-11,33.07830047607422,33.200473215365726,32.91031186723795,33.15465734582096,2074800
2012-07-12,32.81105422973633,32.9332269902914,32.543799313452595,32.7957822705634,860000
2012-07-13,33.292118072509766,33.32266200024718,32.8568772971541,32.8568772971541,823700
2012-07-16,33.24628829956055,33.330282601994554,33.06302773853837,33.31501064584039,600400
2012-07-17,33.42191696166992,33.4830018835761,33.00194829276946,33.35319460400779,568400
2012-07-18,33.66625213623047,33.71970251879466,33.28446202487055,33.32264045344107,912200
2012-07-19,33.849517822265625,33.95641860366129,33.704435693661935,33.79606451873996,403300
2012-07-20,33.368465423583984,33.53645113771263,33.35319346542171,33.528816615045585,779900
2012-07-23,32.841590881347656,32.91031323210093,32.52088851971768,32.65833322122423,928700
2012-07-24,32.55144119262695,32.864509116333934,32.34527408489375,32.84923715507643,120000
2012-07-25,32.61252212524414,32.79578272503047,32.45217092094886,32.69651644544503,546600
2012-07-26,33.33791732788086,33.414274196291636,33.13938772231616,33.22337911243688,195600
2012-07-27,34.017513275146484,34.15495800860798,33.56700062942907,33.59754455082688,872800
2012-07-30,34.00223159790039,34.132041770331945,33.89533081638489,33.91823729447312,446100
2012-07-31,33.773170471191406,34.101510370799545,33.76553594663655,33.99460955005809,1299900
2012-08-01,33.73497772216797,34.03277357166025,33.73497772216797,33.97168866262916,767600
2012-08-02,33.41427993774414,33.69680680763075,33.169934421451295,33.47536777323151,751000
2012-08-03,34.223670959472656,34.35348113328471,34.00223195950542,34.09386369848847,518900
2012-08-06,34.41456604003906,34.559645257493415,34.33057173573417,34.36111564872284,922900
2012-08-07,34.68946075439453,34.84981195294918,34.59783191419592,34.59783191419592,719400
2012-08-08,34.68946075439453,34.80399898926403,34.536744078844634,34.536744078844634,322700
2012-08-09,34.77344512939453,34.84980198892387,34.6512724064511,34.65890692727304,99900
2012-08-10,34.83454132080078,34.84981328022024,34.50620147535344,34.61310519128967,800400
2012-08-13,34.75818634033203,34.83454322878318,34.582563166631516,34.81927126852724,629800
2012-08-14,34.77344512939453,34.90325237315991,34.68181340256635,34.87270846421718,232800
2012-08-15,34.72763442993164,34.81162873560024,34.681818559704794,34.735271864716736,305100
2012-08-16,35.10941696166992,35.14759538879478,34.781077245307074,34.88797800638758,317300
2012-08-17,35.117069244384766,35.15524768765375,35.025437485145005,35.132338291429555,157800
2012-08-20,35.10179138183594,35.11706333914112,34.89562432745804,35.04070355261522,470600
2012-08-21,35.12468719482422,35.422482989771474,35.04833034431415,35.32321675384668,279700
2012-08-22,35.117069244384766,35.170519647527044,34.872720799240575,34.92617411521136,108100
2012-08-23,34.84218215942383,35.07889027147004,34.796366276691316,35.07889027147004,416500
2012-08-24,34.971981048583984,35.03306887753819,34.66655064229695,34.67418516450222,459500
2012-08-27,34.88798141479492,35.063604526988705,34.8498029839402,34.97961314423934,231400
2012-08-28,34.88798141479492,34.95670375546445,34.74290221241594,34.74290221241594,445000
2012-08-29,34.84980773925781,34.918530089304625,34.78872282412062,34.81162930319357,1436900
2012-08-30,34.475650787353516,34.68181489954695,34.42220040081038,34.67418037839548,196300
2012-08-31,34.71235275268555,34.88797583680019,34.51382319628595,34.85743484469593,624600
2012-09-04,34.613101959228516,34.735274710347674,34.468019814705166,34.72763727493689,468600
2012-09-05,34.55201721191406,34.6818244972045,34.48329485122253,34.6283740958698,635200
2012-09-06,35.323238372802734,35.33851033481711,34.750552904993924,34.750552904993924,415600
2012-09-07,35.6973876953125,35.6973876953125,35.52176453319582,35.567580410941716,877100
2012-09-10,35.43013381958008,35.712657768689596,35.41486186113791,35.65156993492092,2111300
2012-09-11,35.68210983276367,35.78137609504283,35.468308264311254,35.468308264311254,451500
2012-09-12,35.83483123779297,35.903553595738636,35.73556496235405,35.87300967824539,708900
2012-09-13,36.46097183227539,36.544966160140554,35.70502579431763,35.81956404373897,818200
2012-09-14,36.712947845458984,36.96492786838423,36.613681575662675,36.674766494348624,1015200
2012-09-17,36.52968978881836,36.70531294731889,36.46096743002873,36.54496174775254,518400
2012-09-18,36.476234436035156,36.49150639289563,36.346424259135105,36.483868958051424,556400
2012-09-19,36.4991340637207,36.606034828849914,36.407505252585295,36.537312492291505,173000
2012-09-20,36.33116149902344,36.36170250519889,36.04100009414335,36.178444816832425,515000
2012-09-21,36.30825424194336,36.583143703512725,36.30825424194336,36.5373278223083,227800
2012-09-24,36.208984375,36.29297869248752,36.010454735070844,36.033361216993505,2286800
2012-09-25,35.88064193725586,36.3922393737284,35.865369980712636,36.27006663421049,426600
2012-09-26,35.65156555175781,35.75846924770977,35.4912143770717,35.70501594331986,355400
2012-09-27,36.040992736816406,36.12498704051648,35.74319686939094,35.81955373848491,201800
2012-09-28,35.65156555175781,35.8271886830085,35.5599367251983,35.8271886830085,331400
2012-10-01,35.84245681762695,36.1478900906936,35.77373447682834,35.9646295442881,555100
2012-10-02,35.93408966064453,36.1326192553099,35.78900754067016,36.06389691238195,395400
2012-10-03,35.9188232421875,36.01045207594029,35.76610657738077,35.97990816041332,622000
2012-10-04,36.23188781738281,36.254794295542276,36.02572077546411,36.117349600929806,514800
2012-10-05,36.2777099609375,36.55259941977748,36.193718548806245,36.51442097556716,1013200
2012-10-08,36.086795806884766,36.13261166348625,36.002804439022626,36.048617382797055,879500
2012-10-09,35.64393997192383,36.01809280672224,35.64393997192383,35.97991436214689,1347000
2012-10-10,35.52939987182617,35.74320439338556,35.45304298665897,35.69738851458817,632400
2012-10-11,35.66683578491211,35.90354673098326,35.66683578491211,35.85009634200392,289600
2012-10-12,35.60575866699219,35.81192574653112,35.52939887114719,35.727931427515806,748600
2012-10-15,35.84245681762695,35.87300072749913,35.60574879818649,35.75846543471982,1142000
2012-10-16,36.2777099609375,36.30061935772655,36.07918030334673,36.178446588556405,622400
2012-10-17,36.56022644042969,36.59076743939976,36.32351549323819,36.47623213939955,593000
2012-10-18,36.46097183227539,36.65186697275851,36.34643358285405,36.4686063562501,1105500
2012-10-19,35.9035530090332,36.36170011263216,35.84246517504495,36.34642815413509,264400
2012-10-22,36.071537017822266,36.117349974615195,35.79664762575321,36.04862762659793,257100
2012-10-23,35.48358154296875,35.59811685340901,35.26977705372317,35.59811685340901,654300
2012-10-24,35.46830368041992,35.88063772014097,35.42248781617507,35.766099515942614,1079500
2012-10-25,35.64393997192383,35.85774159180863,35.445407399606275,35.76611274226209,305900
2012-10-26,35.52176284790039,35.651570126112595,35.36904617548796,35.50649088937632,440200
2012-10-31,35.46830368041992,35.88063772014097,35.35376547622156,35.88063772014097,848200
2012-11-01,35.94172668457031,35.956998641042986,35.62865885895012,35.65920277189547,1188700
2012-11-02,35.64393997192383,36.05627416412619,35.59048956695263,36.05627416412619,1203300
2012-11-05,35.67448425292969,35.72793465844059,35.49122363915756,35.56758344190788,162700
2012-11-06,35.78900909423828,36.04099200018832,35.743196138849385,35.743196138849385,586000
2012-11-07,35.31560516357422,35.727939414833294,35.09416607536149,35.727939414833294,471000
2012-11-08,34.94908142089844,35.41486601309322,34.9185375004332,35.3155997279955,922000
2012-11-09,34.91853332519531,35.17815079244996,34.80399800638864,34.903261366788776,958700
2012-11-12,34.956722259521484,35.071260525543124,34.90327184546582,35.00253814849596,260900
2012-11-13,34.78109359741211,35.071255023067614,34.636014340998685,34.636014340998685,398500
2012-11-14,34.338218688964844,34.92617606925327,34.269496322104416,34.92617606925327,535200
2012-11-15,34.376399993896484,34.544388663046576,34.246589773327166,34.52147926363498,296400
2012-11-16,34.498565673828125,34.521472155694376,34.11677544097286,34.422208792388396,1030400
2012-11-19,35.1705207824707,35.17815530623946,34.84981544043947,34.84981544043947,504600
2012-11-20,35.17815399169922,35.20106047497812,34.926173937145826,35.063615749647724,412000
2012-11-21,35.29267883300781,35.29267883300781,35.1552341598656,35.201047109028075,868900
2012-11-23,35.84245681762695,35.84245681762695,35.5904768432504,35.60574879818649,276600
2012-11-26,35.7661018371582,35.7661018371582,35.544662848178035,35.682107537005194,585500
2012-11-27,35.56757354736328,35.789009631666296,35.521757678458606,35.71265276298634,400600
2012-11-28,35.81190872192383,35.827177761005714,35.21631424878573,35.36903085504747,743100
2012-11-29,36.04862976074219,36.109717590519764,35.850100139621155,35.97990740865644,371500
2012-11-30,36.033348083496094,36.10207041704437,35.949356709450214,36.06389199014583,720000
2012-12-03,35.979915618896484,36.2242611681078,35.9570091339169,36.18608272219892,1003300
2012-12-04,35.987545013427734,36.14789619810766,35.94172914087859,36.033357973148824,1414800
2012-12-05,36.16318130493164,36.30826058484751,35.934107684548486,36.12500285367263,842700
2012-12-06,36.26243591308594,36.2700704357438,36.10208180898902,36.201348080510314,566200
2012-12-07,36.32352828979492,36.361706736578356,36.16317706560722,36.33880025107405,521000
2012-12-10,36.399879455566406,36.42278885029452,36.27007217436312,36.323522574014866,1984200
2012-12-11,36.590763092041016,36.69002933717621,36.42277742276691,36.42277742276691,481800
2012-12-12,36.6671257019043,36.88856468403553,36.62894727015041,36.65948826785694,754700
2012-12-13,36.46097183227539,36.68241089431469,36.37697750441023,36.575510081696734,1478100
2012-12-14,36.468605041503906,36.55259936634095,36.39988267689438,36.47624247803195,1414700
2012-12-17,36.73585510253906,36.751127060740465,36.415149805966,36.415149805966,3527700
2012-12-18,37.11066436767578,37.14922432084245,36.76361890530403,36.84845256743222,943600
2012-12-19,36.97184371948242,37.26490463950851,36.94870833751098,37.24176925753707,3766200
2012-12-20,37.27261734008789,37.27261734008789,37.01040556473396,37.033540946050735,2422200
2012-12-21,36.94871139526367,36.964135965166335,36.71734873059549,36.71734873059549,1111500
2012-12-24,36.85615921020508,36.9795528016857,36.79446094349712,36.97183904737957,165700
2012-12-26,36.75590896606445,36.97956081846321,36.68649987193849,36.97184706248482,794600
2012-12-27,36.80217742919922,36.940995597659686,36.501405711513385,36.940995597659686,1085700
2012-12-28,36.52455139160156,36.76362490541511,36.50141600431285,36.67108041432394,1011100
2012-12-31,37.07980728149414,37.110653469807716,36.37800280704682,36.37800280704682,1015900
2013-01-02,37.8201789855957,37.84331436857238,37.56567800510916,37.72763156981745,2298300
2013-01-03,37.65822219848633,37.851024885289306,37.573388545583335,37.642797630509826,1567500
2013-01-04,37.8201789855957,37.866449751549055,37.59652714370191,37.66593623456772,1400200
2013-01-07,37.66593933105469,37.70449928649772,37.53483195222514,37.62737937561165,1497400
2013-01-08,37.4808464050293,37.59652921014258,37.3497419717078,37.565680069854245,306300
2013-01-09,37.6119499206543,37.68906982152536,37.55796540165742,37.6042361654058,407500
2013-01-10,38.01298522949219,38.036120614623734,37.72763508383489,37.920437805093904,522100
2013-01-11,37.997554779052734,38.036114728950594,37.86644741907729,37.997554779052734,425700
2013-01-14,38.00526809692383,38.03611723564941,37.88187448395728,38.02840642193591,474000
2013-01-15,37.97441864013672,37.997554021226904,37.78932676560863,37.78932676560863,280900
2013-01-16,37.92815017700195,37.96671013145905,37.78933198740762,37.86645189632183,841300
2013-01-17,38.19035720825195,38.2829016757585,38.06696360426469,38.151797258618856,1519400
2013-01-18,38.24433898925781,38.25976355639435,38.03611174581769,38.205779042384165,922300
2013-01-22,38.344608306884766,38.344608306884766,38.0746827167449,38.20579010439826,1289200
2013-01-23,38.29061508178711,38.321461276051046,38.17493229200681,38.259765945587624,663600
2013-01-24,38.36003494262695,38.50656396783129,38.2752012652163,38.29062583764882,479200
2013-01-25,38.59910583496094,38.59910583496094,38.42172767695691,38.50656134859714,594600
2013-01-28,38.467994689941406,38.591388297576565,38.35231189568659,38.591388297576565,1063700
2013-01-29,38.714786529541016,38.74563567061853,38.498845483934424,38.629952862545856,1115500
2013-01-30,38.59138488769531,38.737913864460076,38.56053575302839,38.69935391709413,1856800
2013-01-31,38.47570037841797,38.653078481896046,38.47570037841797,38.64536766954277,858000
2013-02-01,38.82275390625,38.884449243806976,38.63766200970728,38.76105562675713,1962500
2013-02-04,38.27519226074219,38.58367481101096,38.25205393656866,38.58367481101096,1279800
2013-02-05,38.52968215942383,38.63765117632768,38.40628857697156,38.41400233071331,1055100
2013-02-06,38.552833557128906,38.552833557128906,38.3368925081317,38.37545246411603,824000
2013-02-07,38.39857864379883,38.529683041057694,38.12094234144461,38.529683041057694,1949200
2013-02-08,38.606807708740234,38.64536765436201,38.50654949657539,38.52197406321116,1303300
2013-02-11,38.545108795166016,38.60680706067339,38.47569971743783,38.60680706067339,221500
2013-02-12,38.6916389465332,38.78418634762556,38.55282372876529,38.560534541222,914100
2013-02-13,38.77647399902344,38.89215678361516,38.699354103919234,38.845883081391385,292100
2013-02-14,38.69935607910156,38.74562978368711,38.53740252595552,38.545113339085326,331500
2013-02-15,38.637657165527344,38.761050767106774,38.514263563947914,38.761050767106774,856800
2013-02-19,38.92300796508789,38.95385415959028,38.76876522483365,38.8227497426323,1050700
2013-02-20,38.514259338378906,38.99241206623254,38.50654852622297,38.97698749998546,441700
2013-02-21,38.159507751464844,38.267476786305465,38.00526501229157,38.267476786305465,679400
2013-02-22,38.52968215942383,38.53739591316557,38.26747042897089,38.421713142519984,426400
2013-02-25,37.81246566772461,38.79961752057024,37.797041098249665,38.74563299837585,1300200
2013-02-26,38.0361213684082,38.128665852704444,37.76619873007078,38.01298598281817,591800
2013-02-27,38.49112319946289,38.5682430872393,37.98983510311077,37.997548857049495,1486900
2013-02-28,38.4371452331543,38.69164325969021,38.414009851269846,38.46799437029067,357600
2013-03-01,38.47570037841797,38.49883575741307,38.10551960481999,38.259762329302966,605300
2013-03-04,38.56053924560547,38.56053924560547,38.2829028923274,38.39087193150539,487400
2013-03-05,38.91529846191406,39.015556695323916,38.79190484461574,38.79190484461574,348400
2013-03-06,39.015560150146484,39.108104635831054,38.9075910931918,39.108104635831054,1044000
2013-03-07,39.1235237121582,39.154372850365654,39.054114622159325,39.11581289857422,356300
2013-03-08,39.25463104248047,39.28547723872381,39.07724996891862,39.24691728696783,273800
2013-03-11,39.34717559814453,39.34717559814453,39.14665914149295,39.200646604388176,289900
2013-03-12,39.16207504272461,39.339453135465405,39.0926659680056,39.339453135465405,911500
2013-03-13,39.13894271850586,39.200640986151676,38.98469999132666,39.14665353099392,786100
2013-03-14,39.354896545410156,39.40117026469169,39.20836751392337,39.27006286436225,992300
2013-03-15,39.33945846557617,39.416581304566186,39.2392031877924,39.37030760117218,425800
2013-03-18,39.000125885009766,39.20064231974483,38.86130772001946,39.000125885009766,773100
2013-03-19,38.86904525756836,39.11583260367874,38.62996872892639,39.100408026804686,913000
2013-03-20,39.13894271850586,39.18521641924022,39.03097369206102,39.11580733910635,863200
2013-03-21,38.714786529541016,39.00013372966799,38.714786529541016,38.86131553675519,761200
2013-03-22,39.02326965332031,39.046407980415935,38.86131607333121,38.89987602924251,529300
2013-03-25,38.79961395263672,39.185219328243356,38.629946645950426,39.185219328243356,783600
2013-03-26,39.054115295410156,39.069539864779784,38.86902634684624,38.92301086867203,2136800
2013-03-27,39.007843017578125,39.03868921318621,38.70706833942995,38.79961575206124,905100
2013-03-28,39.13894271850586,39.177502664816835,38.97698917883859,39.023259937637626,631300
2013-04-01,38.85360336303711,39.10810141318215,38.77648051304171,39.07725227318399,495400
2013-04-02,39.115806579589844,39.24691098288854,39.04639750080369,39.09266825870428,826400
2013-04-03,38.78419494628906,39.223784902163615,38.70707209494688,39.20064951772894,735000
2013-04-04,38.938438415527344,39.00784751203023,38.7533465108743,38.85360474847537,1684300
2013-04-05,38.791900634765625,38.80732520299596,38.383159873436085,38.44485520442187,2239700
2013-04-08,38.953853607177734,38.953853607177734,38.691641835044685,38.79190005607849,457700
2013-04-09,39.1312370300293,39.27776602197225,38.89216062449908,39.03868961644203,453300
2013-04-10,39.640235900878906,39.67879585210665,39.324039593714254,39.324039593714254,383700
2013-04-11,39.83302688598633,39.95642045879246,39.68649499569885,39.755904064273224,509300
2013-04-12,39.67879104614258,39.71735099269988,39.432003857853445,39.578532831545324,387900
2013-04-15,38.76105880737305,39.378029885184986,38.75334799277166,39.34718074290716,317000
2013-04-16,39.33945846557617,39.35488303337417,39.02326218055586,39.19292948439839,392100
2013-04-17,38.653076171875,39.02325692334989,38.47569807899755,39.02325692334989,566100
2013-04-18,38.49112319946289,38.7764703145578,38.39086499180544,38.7764703145578,899400
2013-04-19,38.861305236816406,38.87672980326698,38.61451805747767,38.73791164714704,239600
2013-04-22,39.007843017578125,39.07724916414808,38.66079757504998,38.89987103617496,1141700
2013-04-23,39.39345169067383,39.439722458905955,39.12352612759742,39.200648977877506,910500
2013-04-24,39.57853698730469,39.68650602577605,39.44743256685679,39.51684165472204,224300
2013-04-25,39.794471740722656,39.979563606883524,39.72506265865425,39.76362554797535,1240800
2013-04-26,39.73278045654297,39.80218954567451,39.624811416101835,39.72506670111963,1032200
2013-04-29,40.102962493896484,40.18779615449715,39.856175267750444,39.856175267750444,429800
2013-04-30,40.24949264526367,40.31119092453888,40.002705412034615,40.11067445883034,1774700
2013-05-01,39.92558288574219,40.24949000488093,39.87930917932135,40.23406543607399,621400
2013-05-02,40.16465759277344,40.22635292345949,39.97185490373425,39.97956571684417,444800
2013-05-03,40.604251861572266,40.72764547816962,40.49627987285569,40.573402721938955,882800
2013-05-06,40.65822219848633,40.696782138605684,40.55796400062813,40.59652394074748,691600
2013-05-07,40.812477111816406,40.85875082230104,40.63509896786256,40.77391715738052,628700
2013-05-08,41.159523010253906,41.159523010253906,40.889600384481945,40.889600384481945,459600
2013-05-09,40.88960647583008,41.11325836589352,40.78163740943708,41.11325836589352,460600
2013-05-10,40.966712951660156,40.97442670640594,40.73535032218918,40.866457675448515,695900
2013-05-13,40.951290130615234,40.97442845390396,40.78933657727202,40.89730561283417,598000
2013-05-14,41.2057991027832,41.221223673995375,40.95129809068658,40.95901184726074,600000
2013-05-15,41.360023498535156,41.383158874107316,41.10552259950206,41.12094716386178,446800
2013-05-16,41.1286735534668,41.383171588757556,41.08239984617041,41.259777977902935,667400
2013-05-17,41.46028518676758,41.475709753520505,41.182651811020776,41.24434713609719,608200
2013-05-20,41.57597351074219,41.645382599418646,41.42944451995219,41.46800447100896,626200
2013-05-21,41.668514251708984,41.77648328177736,41.42172705671399,41.52198527403553,1459100
2013-05-22,41.2597770690918,42.05412323760069,41.12095889219607,41.707080737297055,1161800
2013-05-23,41.005271911621094,41.03612104599008,40.48085133702522,40.64280487955933,837600
2013-05-24,40.812477111816406,40.812477111816406,40.51170534850615,40.604252769475416,662000
2013-05-28,40.93586730957031,41.31375892300856,40.86645822560107,41.16722994215594,1637600
2013-05-29,40.66594314575195,40.87417040461907,40.442291318605534,40.72764141886913,761100
2013-05-30,40.80476760864258,40.928161231963266,40.60425407397247,40.60425407397247,3091100
2013-05-31,40.095245361328125,40.61966592779005,40.095245361328125,40.488561521658404,1482500
2013-06-03,40.24177551269531,40.27262464748909,39.92557923589765,40.15694186298013,5054200
2013-06-04,40.095245361328125,40.42686325387739,39.94100263381093,40.32660798163625,1042700
2013-06-05,39.478275299072266,39.93328973695519,39.43971535184871,39.91015435700813,2240500
2013-06-06,39.76362228393555,39.76362228393555,39.28546956140941,39.44742603423157,1590000
2013-06-07,40.180076599121094,40.195501166270766,39.732775919522126,39.88701864908346,814700
2013-06-10,40.1338005065918,40.29575402723975,40.0258314928265,40.29575402723975,507300
2013-06-11,39.67879104614258,39.948713613979024,39.52454831797803,39.6479419121226,1596600
2013-06-12,39.48598861694336,40.05668289018479,39.447428670146294,40.048972077599515,1377900
2013-06-13,40.05669021606445,40.12609930976739,39.41658674474706,39.41658674474706,866300
2013-06-14,39.69422149658203,40.079826903179686,39.64794778869343,39.902448769177056,820500
2013-06-17,40.118385314941406,40.31118801083678,39.910158050342126,40.1029607462375,542600
2013-06-18,40.3806037902832,40.434588318724536,40.172376491179726,40.18780106243956,794400
2013-06-19,39.69422149658203,40.40373403259254,39.66337235798963,40.27262960647851,1477100
2013-06-20,38.498836517333984,39.13123199439044,38.39858124508611,39.13123199439044,2294200
2013-06-21,38.614524841308594,38.83817668123042,38.20578405533375,38.799616729297355,2499300
2013-06-24,37.96670913696289,38.259770078645175,37.635088241833536,37.96670913696289,3674100
2013-06-25,38.421714782714844,38.51425923802093,38.051534019555305,38.39857940437212,1302700
2013-06-26,38.78419494628906,38.85360404152904,38.57596766056912,38.68393671051221,1398400
2013-06-27,39.15362548828125,39.27859205461433,39.07551952217435,39.122383101838494,1849100
2013-06-28,39.05208969116211,39.27078044001246,38.91150192991889,39.11457446479821,2171600
2013-07-01,39.30201721191406,39.5441412060057,39.2551536383822,39.286396020736774,1916500
2013-07-02,39.161434173583984,39.47385207577235,38.989604029436585,39.23172805260447,1916600
2013-07-03,39.13800811767578,39.239544393812835,38.8412113763573,38.96617795489588,613700
2013-07-05,39.38013458251953,39.45824056695514,39.044289277481724,39.45824056695514,453600
2013-07-08,39.56759262084961,39.692559237526844,39.48948960271602,39.55978351081191,668800
2013-07-09,39.8565559387207,39.88779832095573,39.63005611611067,39.87998921511575,578800
2013-07-10,39.89562225341797,40.09088273121401,39.79408597072126,39.84875866614908,752300
2013-07-11,40.778202056884766,40.793823254399015,40.43454464988767,40.61418395214334,893600
2013-07-12,40.64541244506836,40.715706320120205,40.55168529204073,40.61417006072582,817600
2013-07-15,40.825050354003906,40.86410184343919,40.71570499181005,40.76256558735732,1651200
2013-07-16,40.7313346862793,40.82505887637676,40.598556019156135,40.79381648653151,1227200
2013-07-17,40.87973403930664,40.98127032272053,40.786009843545294,40.93440673512063,980500
2013-07-18,41.03593444824219,41.12184951784622,40.87191639505514,40.87191639505514,1262700
2013-07-19,41.059364318847656,41.09060670372989,40.87191596842987,40.95001895119764,622700
2013-07-22,41.20774841308594,41.24680287180986,41.05154249593781,41.145266642114066,1091600
2013-07-23,41.254634857177734,41.37960144786928,41.19996215996509,41.37960144786928,1538100
2013-07-24,41.09060287475586,41.37177835361938,40.98906662306903,41.36396626840788,1985000
2013-07-25,41.19996643066406,41.2312088264351,40.87193021338468,40.98908472836781,1203000
2013-07-26,41.129661560058594,41.129661560058594,40.77819214997318,40.98126468888388,1174700
2013-07-29,40.91097640991211,40.981270301556435,40.80944012655065,40.91097640991211,570300
2013-07-30,40.832855224609375,41.06717009579141,40.73913106379898,40.97344295554365,511900
2013-07-31,40.84067153930664,41.13746524251871,40.75475647489979,40.87972302873584,1044300
2013-08-01,41.410831451416016,41.45769502619451,41.18432864247648,41.18432864247648,1998700
2013-08-02,41.53580093383789,41.53580093383789,41.278055723536426,41.41083437172023,621900
2013-08-05,41.47331237792969,41.48112446328285,41.332724635948566,41.46550327201411,1671900
2013-08-06,41.231197357177734,41.48113049494461,41.15309138947682,41.442079000813166,2080000
2013-08-07,41.059364318847656,41.13746730161543,40.98126133607988,41.11403700267266,903300
2013-08-08,41.39521789550781,41.434269391974425,41.10623324632904,41.309302815618345,1324700
2013-08-09,41.37958526611328,41.4655003222608,41.22337634397573,41.270239914448204,729700
2013-08-12,41.348350524902344,41.37959291098936,41.145280974212604,41.23119604623293,1201400
2013-08-13,41.55923843383789,41.5748596292389,41.22339018131202,41.51237782707322,1433300
2013-08-14,41.449893951416016,41.606102929401956,41.41865155993114,41.55923934217464,1302000
2013-08-15,41.004695892333984,41.09842007727379,40.746950659451876,41.067180668585934,1234500
2013-08-16,40.950016021728516,41.09841287014645,40.871913044548045,41.020309892965976,680400
2013-08-19,40.614166259765625,40.926584115077276,40.606357154129704,40.90315083929454,1441200
2013-08-20,40.66102600097656,40.80161372467745,40.49700500370073,40.575110949888554,819700
2013-08-21,40.27051544189453,40.61417275413959,40.15335798255933,40.43453350141345,730100
2013-08-22,40.62978744506836,40.684460122825,40.426714945311566,40.504820898847825,982900
2013-08-23,40.88753890991211,40.94221160005979,40.68446934356903,40.84067830660733,706600
2013-08-26,40.692264556884766,40.9500097048084,40.653213074318586,40.87190673967604,796400
2013-08-27,40.01276779174805,40.39547955347458,39.973716300821934,40.27051299484836,729000
2013-08-28,40.05182647705078,40.21584753550344,39.87218720297245,39.98153258898201,740700
2013-08-29,40.12211608886719,40.3017553437994,39.99714952111269,40.11430698188665,784700
2013-08-30,39.90342330932617,40.15335643211516,39.84093853891,40.14554732553206,661600
2013-09-03,40.301753997802734,40.590741596876775,40.1533571346248,40.536068911525014,1299700
2013-09-04,40.653221130371094,40.692272620675915,40.254891162161506,40.340806228494756,1333900
2013-09-05,40.7313346862793,40.77038618386672,40.59074691141396,40.63760751674355,761000
2013-09-06,40.864105224609375,41.04374447442549,40.5360691108855,40.88753552432168,904000
2013-09-09,41.37178421020508,41.39521451028132,41.05155719826533,41.05155719826533,1314000
2013-09-10,41.75448989868164,41.76230198441588,41.582662745218855,41.70762930202712,839700
2013-09-11,41.902889251708984,41.91069835791575,41.61390167161775,41.61390167161775,565000
2013-09-12,41.69200897216797,41.87164821507985,41.66857569391839,41.777924040394915,792500
2013-09-13,41.83259582519531,41.85602612350373,41.64514450041479,41.71543837477777,536100
2013-09-16,42.12939453125,42.41057006204584,42.09815512294675,42.324654985476215,1481700
2013-09-17,42.23093032836914,42.25436062919349,42.13720614563368,42.18406674728239,1105300
2013-09-18,43.09008026123047,43.16037415151952,42.14502027579638,42.33247164304666,1204100
2013-09-19,42.97291564941406,43.14474578066426,42.91043088189119,43.08226101314139,1380700
2013-09-20,42.699554443359375,43.00416325284903,42.68393622902069,42.95729967151876,4902300
2013-09-23,42.598018646240234,42.73079431637223,42.42618850424551,42.58239745338272,1546600
2013-09-24,42.5120964050293,42.715165919050854,42.41056015829982,42.519905510422,815500
2013-09-25,42.44180679321289,42.605824837837716,42.37151291988258,42.488670368578994,1057400
2013-09-26,42.590206146240234,42.6995515157424,42.44961839132664,42.46523958403235,680900
2013-09-27,42.41056442260742,42.48867038157481,42.33246144307772,42.433997700016484,576000
2013-09-30,42.11376953125,42.24654817743145,41.93413028712977,42.082530125770084,898400
2013-10-01,42.457427978515625,42.48867036208825,42.11376771809209,42.11376771809209,1159200
2013-10-02,42.44180679321289,42.4496158993884,42.11376772452556,42.26216755679937,861100
2013-10-03,42.14502716064453,42.42620276773384,41.98881815899059,42.41839365839864,1012100
2013-10-04,42.371517181396484,42.410568675076995,42.082532552835126,42.14501434683634,566700
2013-10-07,42.012245178222656,42.21531476447036,41.82479380831533,41.82479380831533,858300
2013-10-08,41.590476989746094,42.08253417147308,41.574855795785446,42.043482676290516,981100
2013-10-09,41.660770416259766,41.80135818092667,41.41864638168052,41.74668549238266,867000
2013-10-10,42.5120964050293,42.558959975697675,42.0278514258722,42.090333207326,718500
2013-10-11,42.76984405517578,42.77765614100318,42.3949443802806,42.3949443802806,864900
2013-10-14,42.902626037597656,42.94948961789522,42.504293053663375,42.582399020825974,1336100
2013-10-15,42.67612838745117,42.910440358533634,42.61364658556708,42.816716165988325,4980600
2013-10-16,43.10569381713867,43.12912709604086,42.847951584717556,42.90262426975955,1975300
2013-10-17,43.519649505615234,43.52745861256493,43.0978862238203,43.0978862238203,1318800
2013-10-18,43.76176834106445,43.800822812152184,43.550886710829595,43.69928655031218,797300
2013-10-21,43.79301071166992,43.83987428929699,43.714907728395964,43.79301071166992,2871200
2013-10-22,44.12104034423828,44.253815983247364,43.9413981582044,43.964831431716796,691200
2013-10-23,43.78520202636719,43.87111411701996,43.64461427157123,43.87111411701996,647500
2013-10-24,43.949214935302734,43.98826642274362,43.8164363026787,43.957024041015906,502900
2013-10-25,43.996089935302734,43.996089935302734,43.83206887834867,43.97265665320171,1269400
2013-10-28,44.02732467651367,44.09761855648537,43.91017019618615,43.996085269422444,419800
2013-10-29,44.18354415893555,44.1913562471485,44.0429563654892,44.0429563654892,736300
2013-10-30,44.019508361816406,44.285062644956575,43.82424794713797,44.285062644956575,489000
2013-10-31,43.777400970458984,44.07419774752448,43.76959186186401,43.98047354719171,718800
2013-11-01,43.76957702636719,43.85549208898447,43.56650451846495,43.746143749647636,1841400
2013-11-04,43.97265625,43.980468337108135,43.78520787154025,43.832068476436056,767800
2013-11-05,43.69147872924805,43.78520589368235,43.50403035925569,43.675857535175666,1185800
2013-11-06,43.933597564697266,44.0507550166449,43.855494583024026,43.894546073860646,572000
2013-11-07,43.26190185546875,43.96484061898897,43.238471556497345,43.95702853303996,1791700
2013-11-08,43.69147872924805,43.69147872924805,43.19161243668426,43.19161243668426,790300
2013-11-11,43.707096099853516,43.75395967797107,43.628993115762114,43.699286993219516,588600
2013-11-12,43.58212661743164,43.70709317126724,43.46497214914446,43.65242049017902,559600
2013-11-13,43.847686767578125,43.847686767578125,43.277526603409044,43.35562959268884,586500
2013-11-14,44.066375732421875,44.09761811864087,43.808633494710065,43.82425468781956,721500
2013-11-15,44.38660430908203,44.39441341566923,44.20696208376024,44.20696208376024,523500
2013-11-18,44.33974075317383,44.60529506883748,44.26163479007402,44.519379999146615,783300
2013-11-19,44.22257995605469,44.38660097644922,44.136664892856984,44.347546508132,1107000
2013-11-20,43.949214935302734,44.37097815031435,43.86329987527027,44.33192368343595,766200
2013-11-21,44.23820114135742,44.26163143879441,44.03513161154907,44.08980429186045,1949000
2013-11-22,44.4334602355957,44.44908142656547,44.167905947984664,44.167905947984664,1686700
2013-11-25,44.30069351196289,44.48033277517194,44.25382992960648,44.44909038693433,825000
2013-11-26,44.25382614135742,44.370983597500384,44.1991534563408,44.33192912582748,1442500
2013-11-27,44.378787994384766,44.456890970565986,44.324115315170395,44.35535769741791,638100
2013-11-29,44.45689392089844,44.66777554590774,44.4490848145371,44.511569583178854,1040900
2013-12-02,44.19915008544922,44.48813468127419,44.183528893859,44.41784080883701,1374100
2013-12-03,43.98046875,44.12886563262698,43.84769008285941,44.07419294010976,987300
2013-12-04,43.855499267578125,43.97265375260219,43.535272241411406,43.7539629970068,1026300
2013-12-05,43.65242385864258,43.855496386444166,43.62118147291343,43.824254000715015,887600
2013-12-06,44.16791534423828,44.22258803454474,43.97265488473286,44.128863848224825,465300
2013-12-09,44.23820114135742,44.308495013106004,44.17571935504624,44.22257994992022,1096800
2013-12-10,44.15229415893555,44.23820923784553,44.07419116689274,44.07419116689274,3442800
2013-12-11,43.64461135864258,44.15228667979995,43.60555986923627,44.15228667979995,733200
2013-12-12,43.34001922607422,43.56651912777378,43.246292046641365,43.44155253463524,9388300
2013-12-13,43.32438659667969,43.42591987844721,43.22285033547435,43.41030166543514,6322800
2013-12-16,43.66804122924805,43.74614420729669,43.54307467670765,43.56650497423471,4815600
2013-12-17,43.496219635009766,43.65242860118869,43.418116641639415,43.65242860118869,1157800
2013-12-18,44.20340347290039,44.21915419955898,43.282005490308414,43.66789078308405,1249200
2013-12-19,44.148284912109375,44.17190950402822,43.91990384307905,44.07740813220839,1389200
2013-12-20,44.34516143798828,44.42391207500311,44.171906431582585,44.19553102185818,1439900
2013-12-23,44.636539459228516,44.691665502336,44.5420381002077,44.66016404794772,582200
2013-12-24,44.77829360961914,44.78616747125142,44.6365400670855,44.68379224931141,404400
2013-12-26,44.95941925048828,44.99092070305073,44.7940411307512,44.84129030545101,309400
2013-12-27,45.101173400878906,45.156299441546636,45.04604736021117,45.14054871504958,666400
2013-12-30,45.187801361083984,45.21929981025939,45.10904772778563,45.15629990776464,652000
2013-12-31,45.37681579589844,45.42406798808515,45.25081295421193,45.298065146398635,1597400
2014-01-02,44.731040954589844,45.03817262545168,44.62078886803883,45.03817262545168,1530400
2014-01-03,44.70741653442383,44.8491700759938,44.63653976363884,44.746791850605696,834700
2014-01-06,44.565670013427734,44.78617422209818,44.54991928364491,44.77042349231536,1400600
2014-01-07,44.80192184448242,44.84917403055355,44.7074204764845,44.7074204764845,2486000
2014-01-08,44.78617858886719,44.86493224545999,44.6759264737821,44.72317866773778,510500
2014-01-09,44.746795654296875,44.896423070164644,44.51841459522687,44.896423070164644,793600
2014-01-10,45.03818130493164,45.04605817214272,44.809803226268954,44.94367992741106,1145500
2014-01-13,44.605037689208984,45.00667371945751,44.51841019232621,44.998796853844155,953200
2014-01-14,44.9987907409668,45.02241532630953,44.6129084943653,44.72316056482287,1177500
2014-01-15,45.187801361083984,45.2271766756612,44.990921784053995,45.014546371971534,670300
2014-01-16,45.1484375,45.1641852265107,44.9909331975907,45.1641852265107,1225800
2014-01-17,44.99092483520508,45.14842910833933,44.92792192429372,45.14842910833933,907000
2014-01-21,45.10905075073242,45.25080429602503,44.9121711605087,45.172053661593196,2054800
2014-01-22,45.17205047607422,45.21929965174367,45.04604766738249,45.14054902286531,1396200
2014-01-23,44.77042770385742,45.01455953223979,44.56567420570868,45.01455953223979,2046500
2014-01-24,43.707275390625,44.38454176022395,43.69152466061752,44.38454176022395,1650100
2014-01-27,43.4788818359375,43.80176419808188,43.242626961905174,43.80176419808188,1306000
2014-01-28,43.80177307128906,43.833274528646484,43.56551814939706,43.60489346902167,985700
2014-01-29,43.337127685546875,43.612760871394975,43.24262633812587,43.408004447148535,2419300
2014-01-30,43.691524505615234,43.78602588118031,43.4788941574854,43.62064772290529,1044400
2014-01-31,43.27413558959961,43.53401509289129,42.974877763985496,43.116631312742484,1262500
2014-02-03,42.35274124145508,43.28989011876187,42.3133659198195,43.28989011876187,1622900
2014-02-04,42.75437545776367,42.801624639996284,42.50236980537527,42.69924940906273,1608700
2014-02-05,42.72287368774414,42.801624326985475,42.4393665798444,42.596870862471405,1216200
2014-02-06,43.431636810302734,43.431636810302734,42.84887192818205,42.864622655173854,1346100
2014-02-07,43.9356575012207,43.98290668820809,43.518270656582665,43.69152568658882,1431600
2014-02-10,43.880523681640625,43.888397543363574,43.74664399919757,43.888397543363574,658200
2014-02-11,44.47903823852539,44.57353960402015,43.95927622208785,43.95927622208785,1189300
2014-02-12,44.549922943115234,44.715301113202756,44.447544693189485,44.58142440526851,794700
2014-02-13,44.73892593383789,44.76255052691349,44.171911666866684,44.26641304331369,527300
2014-02-14,44.9200439453125,45.00667143780362,44.63653688048478,44.63653688048478,3758300
2014-02-18,45.09329605102539,45.172049682664436,44.95154552236285,45.08542218993342,505700
2014-02-19,44.81767272949219,45.20355807339147,44.778297409701075,45.046053790082695,1450100
2014-02-20,45.02241516113281,45.085418060673774,44.68378509060274,44.71528353622963,1185400
2014-02-21,45.05393600463867,45.250815644236795,45.046062140878504,45.077563604208976,1127900
2014-02-24,45.368934631347656,45.61306340799603,45.18780576333155,45.25080567196383,1555400
2014-02-25,45.23505401611328,45.487059653762834,45.18780483664409,45.361056834938054,1284900
2014-02-26,45.179931640625,45.376811248790354,45.07755640736299,45.32956206548309,1051300
2014-02-27,45.43193054199219,45.455558134276274,45.06179897650644,45.06179897650644,1176000
2014-02-28,45.52643585205078,45.746940023673254,45.29805481478806,45.43193148923198,1432900
2014-03-03,44.904300689697266,45.10118029478846,44.69954421808158,45.014552787885236,1470900
2014-03-04,45.652442932128906,45.707568980187155,45.494938650186356,45.494938650186356,600000
2014-03-05,45.61305618286133,45.723311262755736,45.5736808706852,45.644557634259726,3054800
2014-03-06,45.912315368652344,46.030444312941476,45.84143860290763,45.84143860290763,862100
2014-03-07,45.754825592041016,46.05408347591422,45.58944742101035,46.05408347591422,743300
2014-03-10,45.597312927246094,45.6288113775858,45.34530729966418,45.518559291036716,960800
2014-03-11,45.345306396484375,45.7390655572563,45.258678900451514,45.69968723786392,645400
2014-03-12,45.282310485839844,45.290184348448605,44.95155418167174,45.09330473764061,516000
2014-03-13,44.6444206237793,45.439815954403706,44.53416851952907,45.34531457992416,847400
2014-03-14,44.502662658691406,44.786169758235836,44.455413478196824,44.455413478196824,3722900
2014-03-17,44.9987907409668,45.07754436568192,44.738911289765895,44.77828660005165,677200
2014-03-18,45.298057556152344,45.3531836023941,45.022424320799345,45.022424320799345,726300
2014-03-19,44.872798919677734,45.34531177109563,44.62079326724593,45.25080739832545,665600
2014-03-20,44.97516632080078,45.01454163123115,44.56565648320896,44.683785418643694,766700
2014-03-21,44.872798919677734,45.32168417583092,44.82554673329264,45.1169307097842,724800
2014-03-24,44.81767272949219,45.1090537009196,44.62866698869279,44.983050875101455,1835200
2014-03-25,45.1641731262207,45.2350498931085,44.927918237976016,45.1720499915104,1268500
2014-03-26,45.01455307006836,45.47131519873254,45.01455307006836,45.40043842028963,764200
2014-03-27,45.14054489135742,45.227172377681356,44.93579147252747,45.085418855359215,2952600
2014-03-28,45.45555877685547,45.613060038874735,45.34530669178438,45.34530669178438,1341200
2014-03-31,45.786319732666016,45.86507337590481,45.69181836492378,45.770569004018256,1227500
2014-04-01,46.11708068847656,46.12495455101213,45.91232421281866,45.91232421281866,1410900
2014-04-02,46.227333068847656,46.266708390052855,46.08557950919339,46.18008088091475,1377600
2014-04-03,46.13282775878906,46.29032903016405,45.96744661721463,46.29032903016405,667300
2014-04-04,45.794193267822266,46.400579753856405,45.723316496135354,46.25882921462667,1196300
2014-04-07,45.471309661865234,45.809939779698354,45.36105457226708,45.628810924431704,942400
2014-04-08,45.628822326660156,45.731200576226975,45.35319204414731,45.4240688316713,689700
2014-04-09,46.14857864379883,46.17220623943892,45.69969338051416,45.84144693777715,1510500
2014-04-10,45.26655960083008,46.101330229277664,45.22718427963276,46.0147027201569,1258900
2014-04-11,44.9200439453125,45.2980523637015,44.888542492744115,45.13267424393329,1910000
2014-04-14,45.2271842956543,45.29806107549235,44.92005258440419,45.14055678650284,764100
2014-04-15,45.219303131103516,45.32168135983793,44.660165812270606,45.148429362146025,772100
2014-04-16,45.770565032958984,45.770565032958984,45.447682634054054,45.447682634054054,1604600
2014-04-17,45.912315368652344,46.006816721597346,45.69968507141821,45.79418942850705,292500
2014-04-21,46.01470184326172,46.022575705693356,45.85719755732954,45.91232360678415,199300
2014-04-22,46.187950134277344,46.258826902421546,46.05407045927432,46.124947227418524,2662800
2014-04-23,46.054073333740234,46.1800761511784,45.99894728887004,46.1800761511784,418900
2014-04-24,46.08557891845703,46.180080288967055,45.849323990109774,46.12495423915751,1221500
2014-04-25,45.7469482421875,45.959578590513146,45.6524468665354,45.880824940682594,661700
2014-04-28,45.88081741333008,46.022570955623976,45.50280896859439,45.82569136956513,833600
2014-04-29,46.180076599121094,46.25095337237657,46.03832305261014,46.16432587127053,601100
2014-04-30,46.32970428466797,46.353328872981194,46.04619720833326,46.164323154043394,721700
2014-05-01,46.30607223510742,46.43207503422313,46.22732161221399,46.2903215097,3009900
2014-05-02,46.28245544433594,46.47145817277103,46.20370180403447,46.353332218535144,1389500
2014-05-05,46.28245544433594,46.29032930629398,45.92019771138183,46.085575849798595,3007300
2014-05-06,46.06982421875,46.29820526493156,46.06195035694629,46.21945162617371,501700
2014-05-07,46.250953674316406,46.258830540365196,45.8886959438209,46.172203038693624,766800
2014-05-08,46.21945571899414,46.518713564485545,46.14070507740691,46.313960093872105,775800
2014-05-09,46.26671600341797,46.27458986729691,46.0225841651418,46.18008848002498,453800
2014-05-12,46.65259552001953,46.66834324578427,46.376962252823674,46.376962252823674,409400
2014-05-13,46.71558380126953,46.77858670521621,46.68408234929619,46.74708525324287,2999700
2014-05-14,46.605342864990234,46.77859788811819,46.55021681293035,46.77859788811819,660900
2014-05-15,46.31395721435547,46.62896276526369,46.08557616214966,46.62896276526369,2746400
2014-05-16,46.49509048461914,46.49509048461914,46.219457221812846,46.44783829564376,289600
2014-05-19,46.55021286010742,46.56596358852199,46.30608107589805,46.40058244224118,224800
2014-05-20,46.19582748413086,46.5423344855897,46.10132612085012,46.46358385021311,1445600
2014-05-21,46.57384490966797,46.58959564060508,46.32971609050453,46.32971609050453,415000
2014-05-22,46.6998405456543,46.75496659335401,46.56596385956763,46.636840635773595,1150900
2014-05-23,46.84947967529297,46.86522740258296,46.636849307139904,46.636849307139904,324200
2014-05-27,47.085723876953125,47.085723876953125,46.92821960274762,46.97547178625252,952100
2014-05-28,46.99909973144531,47.06997650969085,46.912472224240275,47.06997650969085,367700
2014-05-29,47.25897979736328,47.26685666400663,47.046352464303475,47.18810301829521,747400
2014-05-30,47.25897979736328,47.274730526505564,47.1487276975117,47.25110593486435,1183000
2014-06-02,47.33772659301758,47.36135118124018,47.180222328530974,47.29047441242841,1832000
2014-06-03,47.44798278808594,47.44798278808594,47.16447568827413,47.25897705349665,798400
2014-06-04,47.35348129272461,47.37710588292925,47.1251002402656,47.1251002402656,334800
2014-06-05,47.660614013671875,47.707866199248265,47.29835627001911,47.510986598896416,520300
2014-06-06,47.9126091003418,47.92048296079673,47.75510485395036,47.75510485395036,343900
2014-06-09,47.94411849975586,48.007118406271864,47.81023881667514,47.888992455000306,241700
2014-06-10,47.97561264038086,47.97561264038086,47.778733068473564,47.90473887847234,296900
2014-06-11,47.72361373901367,47.833868838265396,47.65273696299542,47.833868838265396,1150600
2014-06-12,47.550350189208984,47.81022963541565,47.455845841366965,47.692103706828455,1449800
2014-06-13,47.660614013671875,47.68423860438792,47.50310973256154,47.50310973256154,637700
2014-06-16,47.644866943359375,47.72361758788894,47.48736265015573,47.48736265015573,245600
2014-06-17,47.67635726928711,47.70785872140042,47.463726973738,47.463726973738,420200
2014-06-18,48.07012176513672,48.09374635478248,47.6369872648142,47.66848571629384,619300
2014-06-19,48.18037796020508,48.259128601829225,48.07012586027351,48.259128601829225,975400
2014-06-20,48.19612121582031,48.21974580381533,48.12524444769134,48.148869035686346,1231200
2014-06-23,48.15675354003906,48.243378044476344,48.00712311461815,48.16462740257175,657700
2014-06-24,47.82598876953125,48.21974794234558,47.794487314711525,48.03861908334828,1001500
2014-06-25,47.94257354736328,48.00645280659672,47.70302099460493,47.77488706504003,391900
2014-06-26,47.990482330322266,47.99846914154058,47.67107994133722,47.918616259737334,510100
2014-06-27,48.0863037109375,48.0863037109375,47.838764357156236,47.838764357156236,664600
2014-06-30,48.11825180053711,48.16616353749054,47.99847702726827,47.99847702726827,1314100
2014-07-01,48.48556137084961,48.589365548746926,48.253992581246074,48.253992581246074,3003100
2014-07-02,48.581382751464844,48.581382751464844,48.46160494864186,48.581382751464844,1883900
2014-07-03,48.82094192504883,48.836912503993915,48.54944817513539,48.54944817513539,1063600
2014-07-07,48.597347259521484,48.661226512594205,48.517494385585984,48.661226512594205,1462000
2014-07-08,48.198097229003906,48.46959093752943,48.09429000472402,48.4216792079981,1163800
2014-07-09,48.397727966308594,48.42168230957061,48.20608408198384,48.285936969650905,940700
2014-07-10,48.07033157348633,48.150181403169434,47.66308952230553,47.918612632582374,645300
2014-07-11,48.09428787231445,48.134212788782364,47.92660139550371,48.08630410745122,486100
2014-07-14,48.38175964355469,48.517504989800656,48.37377587745401,48.5015374575993,516400
2014-07-15,48.2779426574707,48.49354085156252,48.094285613483386,48.42966159742924,614400
2014-07-16,48.53347396850586,48.58138570175989,48.42966978223649,48.57340193592234,563800
2014-07-17,47.91861343383789,48.47757138919332,47.870704753657236,48.33383925649976,391000
2014-07-18,48.397727966308594,48.46160723036604,48.09429308532615,48.198100316255235,591400
2014-07-21,48.2779426574707,48.32585438262746,48.07033127394287,48.238017742877936,573900
2014-07-22,48.509521484375,48.59735814233621,48.46160974928443,48.51750525051858,2210600
2014-07-23,48.62131118774414,48.66123610954803,48.54146134413636,48.565415688003434,433900
2014-07-24,48.64525604248047,48.73309268096068,48.61331793891323,48.64525604248047,1574500
2014-07-25,48.43764877319336,48.5813809127104,48.34182836220731,48.5813809127104,854600
2014-07-28,48.509521484375,48.54944640724563,48.25399832271132,48.51750525051858,556500
2014-07-29,48.29391860961914,48.613324054075676,48.29391860961914,48.565412323584376,443700
2014-07-30,48.31787109375,48.49354438605314,48.118243460160414,48.49354438605314,689100
2014-07-31,47.423545837402344,47.9585495435644,47.40757525927013,47.9585495435644,1120300
2014-08-01,47.22391128540039,47.51935932252156,47.056224808608036,47.22391128540039,709700
2014-08-04,47.559288024902344,47.65510843512059,47.152045950841924,47.32771924130532,899300
2014-08-05,47.00033187866211,47.383616580544114,46.85659973469685,47.367646003872856,582000
2014-08-06,46.96040344238281,47.096148764806216,46.72883466710968,46.84062564935856,605100
2014-08-07,46.648983001708984,47.112120564287906,46.52122144066582,47.04025449582138,1773100
2014-08-08,47.10414123535156,47.12809557840431,46.50525829042346,46.648987394816125,1923400
2014-08-11,47.27182388305664,47.439510362936026,47.12010493319592,47.30376503524584,1228900
2014-08-12,47.255859375,47.32772545361592,47.12809779591351,47.247872562889164,1475500
2014-08-13,47.52735137939453,47.59921745539161,47.407573570707335,47.4315309600905,275200
2014-08-14,47.750938415527344,47.750938415527344,47.607206248355375,47.607206248355375,264200
2014-08-15,47.7589225769043,47.99847516020022,47.391605366702414,47.87071357937064,826100
2014-08-18,48.1022834777832,48.1022834777832,47.94258073663727,48.02243058417202,394900
2014-08-19,48.29391860961914,48.31787295182676,48.1501864642213,48.19011138325935,5075300
2014-08-20,48.30989074707031,48.34981566739811,48.142204254047854,48.158174831394206,1666400
2014-08-21,48.43764877319336,48.48556050172435,48.33384155108084,48.3737695145613,1014500
2014-08-22,48.269962310791016,48.41369445036268,48.15018451245598,48.34182838057684,744100
2014-08-25,48.56541442871094,48.62929673880173,48.43765285460555,48.43765285460555,567000
2014-08-26,48.62131118774414,48.73310218722554,48.57340250000998,48.57340250000998,692800
2014-08-27,48.70116424560547,48.71713177752114,48.605340777653694,48.65325251162958,737200
2014-08-28,48.55742645263672,48.56541021766771,48.38973692622663,48.42167807850245,1099200
2014-08-29,48.64525604248047,48.64525604248047,48.42966089757991,48.581376789270294,2565100
2014-09-02,48.613319396972656,48.701156038087355,48.45361669004373,48.701156038087355,895500
2014-09-03,48.78101348876953,48.964670564301,48.73310175538366,48.94869998650571,1407100
2014-09-04,48.62131118774414,48.9646709981949,48.517503954192996,48.84489318670695,2042900
2014-09-05,48.82892608642578,48.82892608642578,48.453625116784266,48.62131161748849,600300
2014-09-08,48.48556137084961,48.67720219625696,48.37377038168266,48.67720219625696,555500
2014-09-09,48.23004150390625,48.40571176474007,48.11824746109683,48.40571176474007,528400
2014-09-10,48.38175964355469,48.40571398793307,48.08631156060801,48.26198182951007,823800
2014-09-11,48.23004150390625,48.25399584718445,48.07832254027442,48.166159193729435,2468900
2014-09-12,47.990482330322266,48.15817185907109,47.886678153092014,48.15018504785278,850200
2014-09-15,47.9505615234375,48.01444383435696,47.86272486896136,48.00645702245391,426800
2014-09-16,48.25398635864258,48.34182299482562,47.7908488391595,47.83876056237087,1052700
2014-09-17,48.110260009765625,48.36578313874553,47.99846902159642,48.253992150576316,744500
2014-09-18,48.413700103759766,48.437654447793605,48.26996794740412,48.26996794740412,459000
2014-09-19,48.269962310791016,48.541456013751265,48.20608000605874,48.4855605201485,439300
2014-09-22,47.878692626953125,48.174143728441166,47.79085597764998,48.13421576342988,497000
2014-09-23,47.57526397705078,47.806829740739275,47.559293399197045,47.68705497595066,1246300
2014-09-24,47.8707160949707,47.91862478650167,47.463473940498375,47.655117844851794,648300
2014-09-25,47.09614181518555,47.68704083626116,47.09614181518555,47.68704083626116,817100
2014-09-26,47.423545837402344,47.54332365035579,47.14406833527939,47.16802267943955,550600
2014-09-29,47.15205001831055,47.215932328017324,46.8645857167824,46.92846802648918,754100
2014-09-30,47.03226852416992,47.25585048398607,46.9045069691213,47.06420662837527,1182400
2014-10-01,46.417415618896484,46.92047503423004,46.31360840233486,46.888536929659814,1328100
2014-10-02,46.2337646484375,46.369509987410765,45.77861385317534,46.257718991532506,1546200
2014-10-03,46.49726867675781,46.59308908927083,46.27368669886877,46.32159538208729,1051900
2014-10-06,46.7368278503418,46.8725762461974,46.53720018578906,46.72884408403332,2214500
2014-10-07,46.02614974975586,46.545182849763926,46.02614974975586,46.51324169522395,2276100
2014-10-08,46.78473663330078,46.84861589796576,45.818539528911664,46.10600383509466,1720000
2014-10-09,45.73069381713867,46.62502466784851,45.69076890387116,46.60905409332638,3523800
2014-10-10,45.035987854003906,45.770615961120455,45.035987854003906,45.62688384519323,1409200
2014-10-13,44.724578857421875,45.47518079594541,44.700624513367316,45.259582561225436,1308400
2014-10-14,44.7884521484375,45.22763229541111,44.66069059575289,44.9162137011221,1734500
2014-10-15,44.46905517578125,44.58883298679311,43.558753559535205,44.30935548920046,6117400
2014-10-16,44.34129333496094,44.70861053170884,43.57472387806107,43.694501688360035,2372700
2014-10-17,44.96413803100586,45.17174947004222,44.72458238724841,44.89227194709393,1354800
2014-10-20,45.283531188964844,45.315472341056406,44.86830535000226,44.908233313154675,1408800
2014-10-21,45.954288482666016,46.0101839859205,45.451225907299175,45.555033147375994,710900
2014-10-22,45.60293960571289,46.098015311266686,45.586969028620686,45.95428316351298,1482500
2014-10-23,46.11397933959961,46.32957753061253,45.93830606260929,46.074054425576996,1512400
2014-10-24,46.37750244140625,46.39346997469473,46.04212636689373,46.09003810498882,929000
2014-10-27,46.249732971191406,46.30563151616323,45.9542848990181,46.08204647450463,1492600
2014-10-28,46.832637786865234,46.84062155086624,46.49726182338775,46.577114693775506,951400
2014-10-29,46.625038146972656,47.05623464550056,46.43339728945571,46.912502479324594,3362300
2014-10-30,46.97637176513672,47.09614650634145,46.465322512672614,46.465322512672614,1028700
2014-10-31,47.599212646484375,47.647121328258116,47.359660099387966,47.47943484989822,1484200
2014-11-03,47.39959716796875,47.511388182201664,47.30377673378007,47.447505862024755,1308300
2014-11-04,47.175994873046875,47.26382845644245,46.928455557817415,47.16800806341749,1337600
2014-11-05,47.367652893066406,47.399594051054464,47.152054645761716,47.383623472060435,651100
2014-11-06,47.31973648071289,47.39160255604714,47.112125066456265,47.27182779454084,595000
2014-11-07,47.43153381347656,47.43153381347656,47.183994415467104,47.31973976380764,744300
2014-11-10,47.53532028198242,47.59920257226146,47.42352932006937,47.53532028198242,338800
2014-11-11,47.69503402709961,47.69503402709961,47.51137696905088,47.59122680434999,1422200
2014-11-12,47.54331970214844,47.583244621125274,47.3436920611882,47.3436920611882,3081100
2014-11-13,47.61518096923828,47.766896864468954,47.42353711298439,47.647119073550805,1042200
2014-11-14,47.67906188964844,47.67906188964844,47.47145049702308,47.527345989117435,1108500
2014-11-17,47.607208251953125,47.63914941179707,47.42355115196544,47.503404051575295,367100
2014-11-18,47.95854949951172,48.046383110043735,47.74295126403934,47.77489242027443,796900
2014-11-19,47.878692626953125,47.96652927625627,47.663094409411606,47.91063378053173,724400
2014-11-20,47.84675979614258,47.87870095527724,47.51138676345846,47.6391483539205,578200
2014-11-21,48.26197052001953,48.41368945506643,48.09428405651303,48.41368945506643,669500
2014-11-24,48.38175964355469,48.41370080011009,48.27795240778778,48.41370080011009,969000
2014-11-25,48.3577995300293,48.50951543645307,48.30988780091211,48.48556109493247,1771500
2014-11-26,48.5494384765625,48.565409052317186,48.405706340846166,48.445631257194954,720400
2014-11-28,48.25398635864258,48.35779356922941,48.16614972245954,48.24599954840288,775200
2014-12-01,47.9505615234375,48.126234832389784,47.82279994767481,48.01444383435696,1393200
2014-12-02,48.15816879272461,48.18212313270236,47.94257059469747,48.00644984999674,2527200
2014-12-03,48.285926818847656,48.309881157073924,48.1022697849366,48.16614903556518,908200
2014-12-04,48.17413330078125,48.30987860499314,48.00644380382926,48.23002878440678,2324400
2014-12-05,48.22205352783203,48.31787394470757,48.13421687649773,48.30190641362509,1440100
2014-12-08,47.7748908996582,48.08630954784745,47.67108366823638,48.08630954784745,1268800
2014-12-09,47.623172760009766,47.66309768168601,47.23190426307577,47.38362018387601,4709300
2014-12-10,46.904510498046875,47.535331510142534,46.83264442754535,47.4235405218237,1562300
2014-12-11,46.93645095825195,47.35966363734976,46.86458488414675,46.91249661557559,1327400
2014-12-12,46.14591598510742,46.840619168735515,46.14591598510742,46.712857628688106,2015400
2014-12-15,45.64287185668945,46.44138256310185,45.49115591905868,46.35354589802422,2925100
2014-12-16,45.50712203979492,46.31361643397505,45.41129857123934,45.539060149903804,8379200
2014-12-17,46.27869415283203,46.42366768578319,45.59409930352835,45.59409930352835,4797700
2014-12-18,47.28546142578125,47.30156994032443,46.74584001431735,46.88275777935685,2985200
2014-12-19,47.41432189941406,47.63178221620816,47.20491737530754,47.446538925394975,2189100
2014-12-22,47.69621658325195,47.70426930360803,47.510973291215045,47.59956550467074,2569200
2014-12-23,47.68010711669922,47.79286363373779,47.59151183263043,47.66399860392447,2522900
2014-12-24,47.76869583129883,47.87339654135856,47.704261789061235,47.8250740820646,925200
2014-12-26,47.96199035644531,48.03447711556878,47.80090832812828,47.897559388548984,726900
2014-12-29,47.85729217529297,47.97005175897386,47.75259145616604,47.84923945550801,1271200
2014-12-30,47.54318618774414,47.7364852682232,47.53513346756715,47.7364852682232,1773300
2014-12-31,47.1163215637207,47.72037696838379,46.97134802081079,47.67205142995226,5750200
2015-01-02,47.003562927246094,47.422375024282914,46.8344281589383,47.245184463740735,1424100
2015-01-05,46.07735061645508,46.73778435266286,45.988755322410256,46.73778435266286,2173500
2015-01-06,45.60215377807617,46.25453470146169,45.42496628728292,46.06929141831422,5221500
2015-01-07,46.19814682006836,46.26257778355631,45.859874276508826,45.972633839284626,2697900
2015-01-08,46.92302322387695,47.00356578920227,46.568645153599725,46.608914900070026,1926900
2015-01-09,46.633079528808594,47.035783141069864,46.46394167664646,47.035783141069864,3150200
2015-01-12,46.36729431152344,46.73778090255763,46.190103736513706,46.73778090255763,3101800
2015-01-13,46.399513244628906,47.01162141703429,46.04513208004982,46.71362158786226,7197800
2015-01-14,46.182064056396484,46.23844233302184,45.73103477100803,45.956550949895075,3271000
2015-01-15,46.07735061645508,46.60086658723722,46.045133587277874,46.43978451373618,2808500
2015-01-16,46.61696243286133,46.65723217219634,45.996798615472784,46.08539388544032,2580400
2015-01-20,46.7216682434082,46.882750290725156,46.42366845292177,46.79415501108161,3414900
2015-01-21,47.0679931640625,47.132427211387636,46.62501984204784,46.79415460769961,3439300
2015-01-22,47.615665435791016,47.6720436852764,46.93107065067753,47.1888006690062,2468700
2015-01-23,47.32572555541992,47.60761991786949,47.32572555541992,47.438485143830526,2648400
2015-01-26,47.64789581298828,47.704274078277805,47.27740919183286,47.41432695828311,2029700
2015-01-27,47.31767654418945,47.53513687316383,47.10021621521508,47.39016332051425,1824900
2015-01-28,46.689456939697266,47.53513389559054,46.665292634179394,47.53513389559054,3868100
2015-01-29,47.13243103027344,47.18880929005872,46.56059263966001,46.81832270507408,2817800
2015-01-30,46.496158599853516,47.003566010444814,46.4236718269119,46.64918486611482,4620400
2015-02-02,47.10021209716797,47.148537634620936,46.41561721469951,46.66529147724503,2613100
2015-02-03,47.83313751220703,47.84119330548275,47.31767734841861,47.31767734841861,3016300
2015-02-04,47.551239013671875,47.865347311517134,47.494860758796285,47.68815675483131,1254300
2015-02-05,48.06669616699219,48.08280467774304,47.736479377560265,47.78480490981284,1474700
2015-02-06,47.66400146484375,48.03448806374656,47.543189147974,47.86535327803678,751500
2015-02-09,47.494869232177734,47.6640040269792,47.40627393802887,47.486813438681466,1836200
2015-02-10,47.89757537841797,47.929789336928195,47.510980224828714,47.69622354389949,450700
2015-02-11,47.776756286621094,47.88146008601919,47.551243247041874,47.728430747117805,880000
2015-02-12,48.37275695800781,48.396918190555006,48.05864557297131,48.0828098779031,592300
2015-02-13,48.678802490234375,48.68685828151675,48.47745072155348,48.47745072155348,629300
2015-02-17,48.71908950805664,48.799629010060144,48.485520650907404,48.53384312315548,1311700
2015-02-18,48.81573486328125,48.87211312608672,48.62243576767331,48.735192293284236,646200
2015-02-19,48.80767822265625,48.9284905393617,48.654651950896216,48.72713872644251,926000
2015-02-20,49.13789367675781,49.17816649610522,48.54994676842574,48.74324585518514,969100
2015-02-23,49.009033203125,49.03319751145878,48.88016815742332,48.9043324657571,1000400
2015-02-24,49.23455047607422,49.30703725798193,48.92044211193582,48.99292889384353,1046500
2015-02-25,49.25870132446289,49.35534932249614,49.14594481469336,49.15399753436927,1119800
2015-02-26,49.178157806396484,49.25869728609059,49.04123700405546,49.178157806396484,500400
2015-02-27,49.057350158691406,49.29897169303204,49.057350158691406,49.18621518183204,1338200
2015-03-02,49.25065231323242,49.25870503351468,49.03319199699507,49.03319199699507,1381500
2015-03-03,48.992923736572266,49.21843677993078,48.83989439510631,49.07346323137608,1976100
2015-03-04,48.76741027832031,48.81573582126689,48.48551895876102,48.81573582126689,1234800
2015-03-05,48.81573486328125,48.928491388892176,48.702978337670324,48.8076790700891,2542200
2015-03-06,48.15530014038086,48.59022079208044,48.08281336509759,48.52578673743539,1497900
2015-03-09,48.219722747802734,48.30026530212035,48.12307475500589,48.13918326586941,1479900
2015-03-10,47.341835021972656,47.76064714163994,47.33378230168767,47.76064714163994,1199500
2015-03-11,47.365997314453125,47.5109708524988,47.277402033160264,47.382105826723155,993700
2015-03-12,47.92173385620117,47.92978657726878,47.68011228316791,47.68816500423552,626600
2015-03-13,47.615665435791016,47.776747465342474,47.33377418836409,47.744530444955345,729000
2015-03-16,48.18751525878906,48.21167649213141,47.76870313734169,47.897568169142055,672000
2015-03-17,48.13918685913086,48.20361783500999,47.889509530685984,48.04253885911991,1089800
2015-03-18,48.920433044433594,49.07345930125943,48.00226628632491,48.08280884706315,797900
2015-03-19,48.501625061035156,48.70297687138833,48.421082493463004,48.57411183565769,1201400
2015-03-20,49.22649002075195,49.36341085022735,48.92043747935483,48.99292425439832,2492400
2015-03-23,49.274810791015625,49.42783704689889,49.2587022789672,49.339241766824806,846300
2015-03-24,49.12983703613281,49.41172831476338,49.12983703613281,49.29091908351507,585400
2015-03-25,48.6143798828125,49.307030577781376,48.590218649578375,49.274813551879404,1254500
2015-03-26,48.37275695800781,48.52578321811436,48.0989183903961,48.38886547050081,1060900
2015-03-27,48.421077728271484,48.48551177598815,48.27610419329348,48.35664675293931,775200
2015-03-30,48.83989334106445,48.92043590651482,48.517732296417144,48.638541536015616,565100
2015-03-31,48.340538024902344,48.622429301441315,48.316376793308855,48.33248223278152,1373700
2015-04-01,48.48550033569336,48.630473836464446,48.15528360002229,48.42106630318009,4228000
2015-04-02,48.77546691894531,48.856006419537024,48.50968103669964,48.56605930159084,663700
2015-04-06,49.178157806396484,49.39561808843161,48.775454263157556,48.775454263157556,469600
2015-04-07,49.09762191772461,49.45200305019648,49.09762191772461,49.298973716671036,1233000
2015-04-08,49.41173553466797,49.55670909125668,49.22649222844572,49.41173553466797,4484800
2015-04-09,49.60502624511719,49.65335177993567,49.315079180975204,49.41172717822772,1020500
2015-04-10,49.822486877441406,49.822486877441406,49.57280955444772,49.580865346497056,510200
2015-04-13,49.55671310424805,49.86276875653957,49.52449914536357,49.69363395095157,660300
2015-04-14,49.74195098876953,49.76611529577328,49.51643793930035,49.58892471554186,2956400
2015-04-15,50.01579284667969,50.112443936237774,49.83054953360429,49.83860532726,1974100
2015-04-16,50.088279724121094,50.22520056506621,49.87887517444541,49.95136195556105,483200
2015-04-17,49.46811294555664,49.74195153968132,49.25870840764243,49.61308649964529,1030200
2015-04-20,49.7338981628418,49.83860196661028,49.54865486225747,49.5969804037779,759900
2015-04-21,49.87887191772461,50.11244076077857,49.846654889913395,50.064115219061755,2212200
2015-04-22,50.096336364746094,50.12049760139809,49.741955174462724,49.951362800063826,510700
2015-04-23,50.281585693359375,50.410450758220016,49.86277346446591,49.951368772629884,996000
2015-04-24,50.45876693725586,50.523197921525735,50.281576353840066,50.41849411565414,884100
2015-04-27,50.442657470703125,50.7245487822833,50.394331929124434,50.70038754768639,402300
2015-04-28,50.539306640625,50.55541515485402,50.16076423720534,50.42655011340679,613500
2015-04-29,50.24935531616211,50.378220346804774,50.05605930639045,50.20908557015841,794200
2015-04-30,49.72584533691406,50.04800639588072,49.59698029885043,49.93524987162315,767700
2015-05-01,50.1768684387207,50.18492423133529,49.84665160637033,49.8949771449038,1766300
2015-05-04,50.28962326049805,50.36211002966169,50.18492253911634,50.27351474819673,629900
2015-05-05,49.65336227416992,50.184930979982425,49.61308945045065,50.08827988991827,2304900
2015-05-06,49.51643371582031,49.94329854373057,49.29897340564397,49.87886756611422,1785400
2015-05-07,49.52448272705078,49.58891369584483,49.26674963472201,49.419778946328236,1015500
2015-05-08,50.31378173828125,50.41042972851174,50.10437417500028,50.1768609357692,385000
2015-05-11,50.01579284667969,50.265470219460475,49.98357888921206,50.15271368736111,665900
2015-05-12,49.91108322143555,50.02383973345832,49.669458612947295,49.83859645336597,586800
2015-05-13,50.039947509765625,50.329894577780735,49.991621974301616,50.24935201867405,1329000
2015-05-14,50.57151412963867,50.5876226408291,50.32989260655097,50.38627085952529,1947300
2015-05-15,50.66817855834961,50.68428707476475,50.43460967890812,50.52320498299871,595000
2015-05-18,50.627899169921875,50.67622163758704,50.450708595456895,50.523195369339405,356100
2015-05-19,50.539306640625,50.66011896115019,50.482928377015895,50.523198126395975,780500
2015-05-20,50.53125762939453,50.740662184975115,50.44266233082327,50.49904059857131,452100
2015-05-21,50.73258972167969,50.80507647663227,50.49096515691509,50.55539919348804,1749000
2015-05-22,50.53125762939453,50.676228123328684,50.53125762939453,50.62790564947902,273900
2015-05-26,49.846656799316406,50.37822548902389,49.733900270042845,50.281577474272986,624900
2015-05-27,50.209083557128906,50.26546181375066,49.798327248544055,49.92719227402014,1056900
2015-05-28,50.12049865722656,50.152715688364665,49.83055152175407,50.03190335778939,1529900
2015-05-29,49.72584533691406,50.03189788207466,49.629194254077696,50.03189788207466,1497700
2015-06-01,49.69362258911133,49.903027099716034,49.53254054197759,49.886918587764214,742200
2015-06-02,49.77416229248047,49.991622596197004,49.57281050078566,49.621136036850835,545000
2015-06-03,49.951358795166016,50.13660209687793,49.846654990760186,49.951358795166016,1226200
2015-06-04,49.46811294555664,49.903033607822586,49.363412212791985,49.669464762637,681400
2015-06-05,49.170108795166016,49.36340787442417,48.96875699578173,49.12983904976608,806100
2015-06-08,48.976810455322266,49.1539979411187,48.904323688101385,49.1539979411187,1050400
2015-06-09,48.85599136352539,48.976803649567096,48.68685662097425,48.89626110141127,550500
2015-06-10,49.580867767333984,49.68556849001183,49.218433917029024,49.24259514958782,1440900
2015-06-11,49.72584533691406,49.814437554270114,49.564763271238306,49.750006571430724,490700
2015-06-12,49.379512786865234,49.492269294717964,49.226483464164176,49.3714569949418,797300
2015-06-15,49.12178421020508,49.14594544192563,48.831837140020376,48.86405109151962,1126100
2015-06-16,49.24259948730469,49.266760721991815,48.92849114683253,48.96070817467195,515900
2015-06-17,49.274810791015625,49.41172853485046,48.92043274310382,49.274810791015625,654500
2015-06-18,49.766109466552734,49.98356976980562,49.33118886004698,49.33924157984841,1182600
2015-06-19,49.46811294555664,49.733898818847464,49.46811294555664,49.733898818847464,852500
2015-06-22,50.06410598754883,50.24934925472825,49.99967501619196,50.00772773546745,1040400
2015-06-23,50.1768684387207,50.25741100294316,50.09632894688293,50.15270720564631,2570700
2015-06-24,49.822486877441406,50.12854245524263,49.814431085392066,50.00773015357822,567100
2015-06-25,49.6741828918457,50.02457518390025,49.6741828918457,50.00827750654142,1604500
2015-06-26,49.62529373168945,49.80456196846628,49.478617741667584,49.73937436649221,1064800
2015-06-29,48.36225509643555,49.09563512172259,48.32966284633961,48.90006607882455,2305000
2015-06-30,48.44373321533203,48.92450377247541,48.26446188974723,48.916353380332204,1727700
2015-07-01,48.737091064453125,48.940807374206535,48.54967243249569,48.85117170056076,2046600
2015-07-02,48.769691467285156,48.90822019748487,48.65561081209993,48.769691467285156,747900
2015-07-06,48.191131591796875,48.49263087146045,47.954819917360744,48.06075327287768,1513900
2015-07-07,48.240020751953125,48.29706106761921,47.368115231383996,47.98741141938612,2057900
2015-07-08,47.26218032836914,47.74295090777214,47.19698962206041,47.72665323119496,1526100
2015-07-09,47.653316497802734,48.15038476689431,47.64516921353122,48.15038476689431,1137700
2015-07-10,48.663761138916016,48.74524643294507,48.3867067873666,48.54153008940771,1506700
2015-07-13,49.03859329223633,49.079335934953185,48.89191729168412,48.89191729168412,973300
2015-07-14,49.340091705322266,49.38898474079587,49.03044203091814,49.0385924243959,1328900
2015-07-15,49.209716796875,49.34824551942028,49.07119118279427,49.16897415205506,1096400
2015-07-16,49.56825256347656,49.60084480967209,49.50306185415729,49.527506815919956,1050400
2015-07-17,49.53565979003906,49.6660381070073,49.42972643610728,49.6660381070073,731000
2015-07-20,49.54380798339844,49.682336696228596,49.43787462752412,49.584550625361075,538000
2015-07-21,49.42157745361328,49.56825344372225,49.33194178093956,49.47046737800683,880800
2015-07-22,49.152671813964844,49.226009811075926,49.05488885397149,49.09563149493003,1913900
2015-07-23,48.90821075439453,49.323790647824985,48.82672236752103,49.21786040758561,621000
2015-07-24,48.386695861816406,48.87561373252423,48.28890980090363,48.87561373252423,868000
2015-07-27,47.938514709472656,48.264458880208934,47.85702633544087,48.264458880208934,3109600
2015-07-28,48.508914947509766,48.54966068637377,48.003699491923285,48.32964675205463,5566200
2015-07-29,48.81043243408203,48.88377043500095,48.47633778733237,48.49263235779043,589300
2015-07-30,48.777828216552734,48.785975500301944,48.451880914235026,48.58225921346934,475000
2015-07-31,48.84302520751953,49.087487285515145,48.76968720581374,48.99785160471202,994300
2015-08-03,48.688194274902344,48.843017539323625,48.484477980865094,48.82671986278498,2243300
2015-08-04,48.63930892944336,48.83487797033973,48.54967635701632,48.720797325010366,1095400
2015-08-05,48.84302520751953,49.07933689173426,48.78598488491107,48.92451360300622,492400
2015-08-06,48.51707458496094,48.85931647570556,48.35410092383605,48.84301879874667,1385300
2015-08-07,48.435585021972656,48.46003309104832,48.24001912015115,48.370397424186805,1375700
2015-08-10,49.07118606567383,49.0874837435952,48.49262937908982,48.655603049839335,532400
2015-08-11,48.41928482055664,48.565960793506235,48.21556853684485,48.41928482055664,1025700
2015-08-12,48.248165130615234,48.29705815901198,47.596273627644656,47.922220933361885,813300
2015-08-13,48.19927978515625,48.370400738089714,48.0851960414031,48.27261778047976,567100
2015-08-14,48.31336212158203,48.35410476298207,48.085197734506124,48.150388447517614,507600
2015-08-17,48.329654693603516,48.362246938201466,47.922222105721566,48.03630273297428,3103500
2015-08-18,48.101497650146484,48.23187597376957,48.03631004256716,48.09335036487323,511100
2015-08-19,47.653316497802734,47.97926382101611,47.40070716688916,47.84073512068801,698900
2015-08-20,46.60214614868164,47.28663313619372,46.60214614868164,47.24589049222153,1190800
2015-08-21,45.273921966552734,46.43102932264404,45.273921966552734,46.24361065687424,2641600
2015-08-24,43.56269454956055,44.78499239736055,41.04476085875398,42.527815332074184,5052400
2015-08-25,43.4812126159668,45.32280681398579,43.4812126159668,45.21687656378519,6928800
2015-08-26,44.95610427856445,44.96425466997843,43.709361720090634,44.63016011666685,6846300
2015-08-27,45.91765594482422,45.99099394222293,45.21687443558175,45.46948067559399,3845500
2015-08-28,45.87690734863281,45.95839572875611,45.648746101215295,45.673191061020354,3318000
2015-08-31,45.51837158203125,45.787275487612426,45.34725063225559,45.510221189110055,2232200
2015-09-01,44.02716827392578,44.67906295790071,43.872344996137066,44.33681793796745,3179000
2015-09-02,44.80129623413086,44.80129623413086,44.247187551607574,44.71981094312756,4670400
2015-09-03,44.89093780517578,45.35541086341594,44.76870674417995,44.96427582008028,1280300
2015-09-04,44.04346466064453,44.320518960672175,43.831601070488865,44.19014064939235,1891800
2015-09-08,45.2087287902832,45.22502647013504,44.801296119381085,44.947972129583015,3111400
2015-09-09,44.76869583129883,45.82802314579956,44.711655512329,45.68134715174452,2794000
2015-09-10,45.0702018737793,45.322808133032545,44.70351185885498,44.83389018544313,3631600
2015-09-11,45.15983581542969,45.15983581542969,44.711660498488165,44.88278458294532,1213000
2015-09-14,44.9398193359375,45.00500693889067,44.76869527269898,44.97241158318198,1518100
2015-09-15,45.387996673583984,45.469481958119054,44.89907564098051,44.9398213917124,1331900
2015-09-16,46.02359390258789,46.04803886801145,45.575418588523334,45.63245891348803,2820800
2015-09-17,45.95838928222656,46.593983015715004,45.81171332704255,45.88505130463456,1704700
2015-09-18,45.021305084228516,45.54281834712593,44.97241205015779,45.24131907485041,3958800
2015-09-21,45.15167999267578,45.39613892765333,44.90722105769823,45.265760621767704,784300
2015-09-22,44.35311508178711,44.48349339531916,44.05161581458129,44.37756004417931,2329800
2015-09-23,44.14939498901367,44.43459655402821,44.019016686655036,44.287920575316754,1225700
2015-09-24,43.994571685791016,44.100501919290785,43.4649080844365,43.71751740497639,1547600
2015-09-25,44.10865783691406,44.54868271929799,43.91308880482674,44.46719743586579,2826200
2015-09-28,43.06562805175781,43.86419874764614,43.008587731832115,43.86419874764614,1339200
2015-09-29,43.04933166503906,43.32638285957732,42.829317679555004,43.06562623421788,2053200
2015-09-30,43.953834533691406,43.994580286733644,43.44861890230586,43.66048562765319,6196500
2015-10-01,44.0516242980957,45.09465100721942,43.61159623950984,44.15755456117154,1950500
2015-10-02,44.809444427490234,44.81759171280457,43.57899607790769,43.66863175868761,1821900
2015-10-05,45.6650505065918,45.705793148425485,45.184279872639905,45.24946747788094,3140400
2015-10-06,45.624305725097656,45.79542667785262,45.46947934154054,45.61615533203456,3766700
2015-10-07,46.129520416259766,46.25989872659749,45.73838548524658,46.023587067715326,1450700
2015-10-08,46.53695297241211,46.57769561150992,45.92580406055266,46.015439731646296,1726400
2015-10-09,46.61845016479492,46.748828508306914,46.463626853269716,46.62660055977593,962900
2015-10-12,46.569541931152344,46.64287991484171,46.479906272369384,46.6265822397481,661600
2015-10-13,46.09693145751953,46.528809087599356,46.0724864923345,46.25990514517036,2100600
2015-10-14,46.14582443237305,46.32509269092231,45.999148424537125,46.21916243629101,7485300
2015-10-15,46.90365219116211,46.90365219116211,46.3413930919504,46.398433419629164,1542700
2015-10-16,46.98512649536133,47.00142417209525,46.74881484541542,46.91178850429066,1867900
2015-10-19,46.84659957885742,46.87104453903389,46.65917785595814,46.7814088737683,1040400
2015-10-20,46.7651252746582,46.936246264331864,46.68363997723213,46.74068030712335,1246900
2015-10-21,46.51251220703125,46.95253710083662,46.488064134595554,46.944389815667655,1307500
2015-10-22,47.1888427734375,47.27847844120713,46.77326289650848,46.77326289650848,4892900
2015-10-23,47.685916900634766,47.76740218583347,47.41700986424319,47.702214579367386,1442700
2015-10-26,47.49850082397461,47.677769082789446,47.465905464748445,47.677769082789446,1013900
2015-10-27,47.23774337768555,47.343673630703535,47.099214657521614,47.18885033966337,1110900
2015-10-28,47.66146469116211,47.726652287718224,47.107356132347576,47.35996234314038,1936800
2015-10-29,47.50664520263672,47.56368552355997,47.30292888263531,47.33552423986698,1583400
2015-10-30,47.31922912597656,47.64517649903107,47.31108184045924,47.58813617501622,1562800
2015-11-02,47.85703659057617,47.87333426887491,47.433306280201904,47.539239634911546,1580500
2015-11-03,48.00370788574219,48.117788514197,47.65331560779441,47.71850631460516,1305600
2015-11-04,47.82444381713867,48.125946219254025,47.66962052763459,48.117795825432275,1578000
2015-11-05,47.726661682128906,47.93852840668344,47.55554071046414,47.88963536829443,2031500
2015-11-06,47.57182693481445,47.58812461035304,47.213284289893096,47.45774631450812,1268200
2015-11-09,47.0584716796875,47.36812136803645,46.838457672844655,47.35997097419164,2945000
2015-11-10,47.09921646118164,47.09921646118164,46.805864438743654,46.9362427699978,913300
2015-11-11,47.017723083496094,47.33552001699285,47.017723083496094,47.33552001699285,1803300
2015-11-12,46.44732666015625,46.887354711389264,46.43102897954043,46.76512366100296,1254500
2015-11-13,45.966548919677734,46.316941228077035,45.933953563439594,46.21915826782689,1071800
2015-11-16,46.585845947265625,46.593996340697494,45.901362105275645,45.966549710409026,2262800
2015-11-17,46.60214614868164,46.936240802796796,46.52066086073726,46.80586247700709,1204900
2015-11-18,47.148109436035156,47.22144744154348,46.708081402985194,46.7895666942324,6718300
2015-11-19,47.27032470703125,47.38440843605956,47.22958207232446,47.27032470703125,3249400
2015-11-20,47.37626647949219,47.59628047623939,47.31922615905376,47.52294247732365,4173100
2015-11-23,47.1888427734375,47.44959938415061,47.107357498263646,47.27847844120713,1458400
2015-11-24,47.22958755493164,47.35181858170488,46.838452621107066,46.887345653509186,2757000
2015-11-25,47.27032470703125,47.35996036846446,47.1317991273354,47.31921773375767,1748200
2015-11-27,47.20514678955078,47.270334396751394,47.13180878865984,47.19699639586045,448000
2015-11-30,47.06660842895508,47.27847510299009,47.009568118668064,47.26217742741326,4750000
2015-12-01,47.53109359741211,47.55553856126961,47.23774159726464,47.31107959730151,1331400
2015-12-02,47.05031967163086,47.4984949257113,46.96068399912194,47.38441429105055,2081500
2015-12-03,46.528804779052734,47.21329171703138,46.36583421495745,47.18069946929088,3196900
2015-12-04,47.196990966796875,47.24588399792148,46.47176143500083,46.54509942745572,1658700
2015-12-07,46.789554595947266,47.025866231311966,46.61028637986354,46.96067863686255,2251300
2015-12-08,46.32509994506836,46.50437134015465,46.07249364304498,46.21101927854618,2900100
2015-12-09,46.08062744140625,46.70807403208041,45.828021213324426,46.20285846745264,4088800
2015-12-10,46.04804229736328,46.3658424138601,46.015450043859474,46.06433997834759,3692000
2015-12-11,45.15983581542969,45.608014240835814,45.102795490098835,45.49393359017411,3207400
2015-12-14,45.32280349731445,45.37169653045831,44.76054760424897,45.2902112503494,3562800
2015-12-15,45.77098083496094,45.95025218950476,45.65690019423826,45.73838858651469,3852300
2015-12-16,46.569541931152344,46.659174481471624,45.95024271145025,46.12951402901618,3872100
2015-12-17,45.925804138183594,46.626588722321266,45.925804138183594,46.618438329409464,8454900
2015-12-18,45.273921966552734,45.86062293073413,45.273921966552734,45.77098724091711,2607600
2015-12-21,45.626155853271484,45.78288893479185,45.32093432800422,45.63440363785327,2851800
2015-12-22,45.98086929321289,46.063359724314886,45.601405128442295,45.80763435300552,4090600
2015-12-23,46.640804290771484,46.649052075531216,46.31083625783138,46.37683112314275,2376900
2015-12-24,46.583045959472656,46.715032502493564,46.525302043576474,46.616040235122334,1860300
2015-12-28,46.44281005859375,46.45930877038044,46.21183438719511,46.35206871717071,3559200
2015-12-29,46.87617492675781,46.94220769569793,46.73585017601553,46.793630029625334,3612400
2015-12-30,46.53775405883789,46.77712641606614,46.49648317992034,46.76062058351211,2460200
2015-12-31,46.075504302978516,46.46345742704347,46.075504302978516,46.25709991828819,2744300
2016-01-04,45.25834274291992,45.31612260931526,44.80435358014721,45.25834274291992,5145600
2016-01-05,45.29960632324219,45.373895160740624,45.043721849910675,45.26658836240598,3243700
2016-01-06,44.614498138427734,44.82085567204559,44.37512264372716,44.53195638448702,4615000
2016-01-07,43.5744514465332,44.218285853568226,43.491906555396895,43.83033273714167,3396400
2016-01-08,43.07093048095703,43.93763120690561,43.013150642478124,43.83858050505106,2437800
2016-01-11,43.12046432495117,43.47539632594258,42.67473137194026,43.392854585947475,2958400
2016-01-12,43.40110778808594,43.6404800777979,42.93060982508058,43.46714054597586,2414300
2016-01-13,42.51789855957031,43.73953774901716,42.410594925053644,43.615721987632554,4367600
2016-01-14,43.13697052001953,43.392854954200814,42.286778625545665,42.68298464866258,5729200
2016-01-15,41.915340423583984,42.21249577014409,41.510881428695185,41.90708750785332,3601900
2016-01-19,42.1629638671875,42.567422784269084,41.78326369253497,42.46011600781737,4676000
2016-01-20,41.48610305786133,41.791514370814305,40.52035164052436,41.36229046907621,6873500
2016-01-21,41.71723937988281,42.113445463044066,41.1476905769661,41.49437286771098,3640000
2016-01-22,42.773780822753906,42.839816731806486,42.46837261529935,42.542661438600774,3822500
2016-01-25,42.138206481933594,42.66648124848323,42.0886826905483,42.61695745709794,4478200
2016-01-26,42.839820861816406,42.86458275571559,42.28678109086385,42.31979904857326,4443600
2016-01-27,42.484886169433594,43.186500460491764,42.27852865456168,42.724258493623005,6113800
2016-01-28,42.71600341796875,42.97188785702332,42.311541323819995,42.94712281533053,2022000
2016-01-29,43.63223648071289,43.64874546090189,42.905857096226754,42.938875056604765,5317300
2016-02-01,43.549686431884766,43.72302912899596,43.1287185075076,43.285549077615634,3367400
2016-02-02,42.62520217895508,43.07093510833594,42.49313351270505,43.04617321740324,2834500
2016-02-03,42.95538330078125,43.04618111588201,42.01439348749333,42.938874320875115,3575900
2016-02-04,43.079193115234375,43.351586542758064,42.773784878819185,42.88109166682237,2635700
2016-02-05,42.3610725402832,42.98014511616275,42.2207509344915,42.95538322073267,2892000
2016-02-08,41.66770553588867,41.8905720111397,41.19721069328057,41.8905720111397,2561100
2016-02-09,41.436580657958984,41.708970881344314,40.834017222651624,41.06513658173798,2900300
2016-02-10,41.42833709716797,42.04740969475799,41.37881330457105,41.659459674762495,2798100
2016-02-11,40.87529373168945,41.065142252694265,40.479087711927384,40.867037668430456,3646900
2016-02-12,41.593421936035156,41.618183831251955,40.990858345221035,41.21372484846997,2246700
2016-02-16,42.42710494995117,42.435357864823146,41.96486299797822,42.237253271473115,2141300
2016-02-17,43.194766998291016,43.25254686456439,42.61696518679075,42.61696518679075,1509500
2016-02-18,43.013160705566406,43.33507792348117,42.95538085356969,43.33507792348117,2891700
2016-02-19,42.938865661621094,42.955374638197945,42.56742156055515,42.71599920098152,1372000
2016-02-22,43.54143524169922,43.55794422059062,43.23602700412276,43.23602700412276,2283800
2016-02-23,42.8975944519043,43.35158028346285,42.889338389299155,43.310309416733034,1554500
2016-02-24,42.9636344909668,43.02141434393489,42.11344252692265,42.46837770873572,1840400
2016-02-25,43.425872802734375,43.434125717277325,42.89759810654986,43.08744662869332,1272200
2016-02-26,43.318572998046875,43.69827010348847,43.25254022477124,43.65699922659544,1597600
2016-02-29,43.08745193481445,43.55794684084201,43.07094295492995,43.3433332511094,2991000
2016-03-01,44.14400100708008,44.19352794622848,43.45889566707311,43.50841945745559,1813200
2016-03-02,44.424644470214844,44.44940636379271,44.011929450499906,44.13574521592067,1394900
2016-03-03,44.754817962646484,44.76307087762391,44.36686483462704,44.465915558184825,1300600
2016-03-04,45.03547286987305,45.250083336531745,44.779588374179006,44.878639116577915,1472200
2016-03-07,45.068485260009766,45.20055395902473,44.6887881439375,44.75482406782806,1156000
2016-03-08,44.58148193359375,44.85387540010774,44.54021105499756,44.79609554031984,2523900
2016-03-09,44.82085037231445,44.903395265260926,44.64751082027542,44.75481760672298,921300
2016-03-10,44.79609680175781,45.25833884184375,44.35861980853991,45.01896333097248,1474800
2016-03-11,45.69580841064453,45.71231738961884,45.31611134053279,45.31611134053279,1583800
2016-03-14,45.59675216674805,45.70405579394485,45.45642743683357,45.51420728186736,1429600
2016-03-15,45.29960632324219,45.31611530366029,45.11801068740911,45.27484127823201,2216800
2016-03-16,45.72882843017578,45.78660828480785,45.076737900738586,45.076737900738586,1425700
2016-03-17,46.1332893371582,46.24059613542256,45.654541500411035,45.745336169502046,2308700
2016-03-18,46.22407531738281,46.314873111987254,46.108515632891795,46.199313427496236,1133500
2016-03-21,46.22407531738281,46.29011122210068,46.04247972817393,46.07549768053286,1104400
2016-03-22,46.16630935668945,46.28186907592764,45.90217195592613,45.984713712877344,1479500
2016-03-23,45.68754959106445,46.017722853104175,45.66278769847943,45.99296096051915,2148000
2016-03-24,45.588497161865234,45.588497161865234,44.383370153527906,45.36563069066332,1111000
2016-03-28,45.72882843017578,45.794861200284174,45.57199469723225,45.761843240847014,1017700
2016-03-29,46.20757293701172,46.22408191554773,45.4564317318347,45.530720560863884,2960000
2016-03-30,46.49647521972656,46.694576664122316,46.397421348763004,46.422186390886736,1170500
2016-03-31,46.27360916137695,46.512981479839596,46.25710018273027,46.430439735371884,3517600
2016-04-01,46.240596771240234,46.26535866780862,45.613268102201566,45.69581300537302,3811200
2016-04-04,46.075504302978516,46.33138874739072,45.99296255898268,46.265352833181495,1094600
2016-04-05,45.4151611328125,45.58850068533376,45.3738902606073,45.4977028772229,1330800
2016-04-06,45.95994567871094,46.001216551675824,45.406905904930994,45.4811947357741,2503100
2016-04-07,45.37389373779297,45.75359082920369,45.23356898302278,45.6545400985674,2125500
2016-04-08,45.852638244628906,46.06725181905093,45.70406058503388,45.885656202042405,3401200
2016-04-11,45.83612823486328,46.27360828883697,45.82787532007841,46.12503063258412,1322000
2016-04-12,46.413936614990234,46.48822545389403,45.85264386522068,45.97645964631571,1346000
2016-04-13,46.9752197265625,47.02474665859199,46.768862232921165,46.77711514721001,1669700
2016-04-14,47.041259765625,47.14031048961404,46.94220589287021,47.041259765625,1444300
2016-04-15,46.966976165771484,47.05777083609249,46.90919630794626,46.983481997636325,2853400
2016-04-18,47.30539321899414,47.3136461333254,46.79362436502255,46.85140421163781,1177600
2016-04-19,47.75112533569336,47.800652270384894,47.52000593799748,47.553023894458505,1316200
2016-04-20,47.70985412597656,47.92446769268478,47.56953253516132,47.67683616974982,1370700
2016-04-21,47.47874069213867,47.75113099330112,47.38794287549585,47.709860117217836,922700
2016-04-22,47.47048568725586,47.56128350592539,47.27238421812788,47.379691017352414,831200
2016-04-25,47.297142028808594,47.33015998706636,47.132055386285586,47.27238013449818,817700
2016-04-26,47.46222686767578,47.52826278168182,47.30539629505998,47.437464974306366,1287000
2016-04-27,47.53651428222656,47.635565001522934,47.24761503895981,47.33015678024585,1078600
2016-04-28,47.09903335571289,47.53651021487531,46.98347051952846,47.206336980450445,1456000
2016-04-29,46.892677307128906,47.057760780630474,46.60377493097033,46.99998093515184,1693200
2016-05-02,47.18157958984375,47.206341482719395,46.917442236618086,47.08252886957553,1692100
2016-05-03,46.50472640991211,46.752354780606076,46.41392860594569,46.620286106318254,2439400
2016-05-04,46.06725311279297,46.34789946115788,45.96819923777066,46.215830776560615,2339900
2016-05-05,46.075504302978516,46.2736088968405,45.93518270843246,46.17455502552666,1676500
2016-05-06,46.20757293701172,46.20757293701172,45.811366898444625,45.84438485551664,1841300
2016-05-09,46.10026931762695,46.3066268403536,46.02598048349473,46.19106713142923,889100
2016-05-10,46.76061248779297,46.768865402641154,46.33964140892503,46.33964140892503,1593000
2016-05-11,46.422183990478516,46.72759220490984,46.39741894963534,46.57075849170997,2019000
2016-05-12,46.413936614990234,46.68633007389286,46.13329024010545,46.678074009144595,1357700
2016-05-13,45.89390563964844,46.32312960720462,45.82787287859044,46.141537152721014,1168400
2016-05-16,46.446956634521484,46.546007374526795,46.0094796464623,46.083768488657846,4366600
2016-05-17,46.09200668334961,46.479959751878155,45.97644699879181,46.479959751878155,1333400
2016-05-18,46.03424072265625,46.42219390817174,45.7866123026795,46.02598465768951,2208100
2016-05-19,45.81962203979492,45.86914897780955,45.53072277329085,45.81136912450874,1652200
2016-05-20,46.1332893371582,46.23234007083588,46.034238603480524,46.05900049970843,969200
2016-05-23,46.02598190307617,46.16630666021661,45.98471102701111,46.08376490808648,965900
2016-05-24,46.63679504394531,46.71108386996594,46.24884193597477,46.25709799929127,2649300
2016-05-25,47.024749755859375,47.13205339250924,46.84315414188932,46.84315414188932,1240200
2016-05-26,47.11555099487305,47.18983668007305,47.00824420164097,47.09904201523997,1229300
2016-05-27,47.165069580078125,47.18983147241218,47.04950988416512,47.066018861976346,1124800
2016-05-31,47.04950714111328,47.33840636405257,46.92569138913052,47.272373605423034,1429900
2016-06-01,47.11555099487305,47.1485658053733,46.79363061517683,46.9009374084089,1188100
2016-06-02,47.19810104370117,47.20635396058597,46.86792769051288,46.925707555005864,1222500
2016-06-03,47.330162048339844,47.396194818965355,47.00824481322137,47.2228552537117,910000
2016-06-06,47.619056701660156,47.70985450762723,47.437464238491664,47.437464238491664,982200
2016-06-07,47.80889892578125,47.94097073433396,47.75937514633921,47.75937514633921,1449800
2016-06-08,47.99050521850586,48.04003215776057,47.85843652925922,47.907963468513934,919100
2016-06-09,47.64381408691406,47.70159392710488,47.495236455347644,47.61904904914291,878200
2016-06-10,46.81013870239258,47.09904111731482,46.70283505997212,47.07427607395439,1338700
2016-06-13,46.314884185791016,46.752361138468444,46.28186622553755,46.438696813592514,1164200
2016-06-14,46.001220703125,46.248849112027685,45.76184521005378,46.092018521101394,3449400
2016-06-15,46.141544342041016,46.413934640590334,46.05899944190033,46.174559153331316,2752700
2016-06-16,46.174564361572266,46.232344223805015,45.40691402188996,45.67930749992977,1725700
2016-06-17,46.29837417602539,46.39742490581698,46.00947490214745,46.290121260528565,2178700
2016-06-20,46.950469970703125,47.26413117500206,46.917452007482304,47.11555663804094,1194200
2016-06-21,47.173336029052734,47.363184592530544,46.99999329825452,47.11555616837541,1247200
2016-06-22,47.12649154663086,47.47774656823996,47.101403041622426,47.31884738602287,1697000
2016-06-23,47.99625778198242,48.01298451376134,47.536283824104785,47.67845625877876,1142900
2016-06-24,45.412044525146484,46.33199578885642,45.36186751150852,45.48731323590186,5380600
2016-06-27,44.56735610961914,45.01060332164358,44.25791636698154,45.01060332164358,3582300
2016-06-28,45.53749084472656,45.54585261642356,45.09424037762801,45.23641601886286,2003600
2016-06-29,46.39889144897461,46.474160146609286,46.030912921814995,46.06436638527438,1732500
2016-06-30,47.0261344909668,47.03449945286258,46.39053456970975,46.55779552404704,3949600
2016-07-01,47.12649154663086,47.24357868069936,47.001045831290476,47.01777256472884,1466300
2016-07-05,46.54106903076172,46.78359867529689,46.398893400229234,46.73342166829555,1358900
2016-07-06,46.61634063720703,46.624702408795784,45.997464259798534,46.20654364279762,2042600
2016-07-07,46.50762176513672,46.86723858463889,46.3487193809902,46.70833620049237,2131300
2016-07-08,47.218482971191406,47.27702493809971,46.89231967261718,46.909046404633536,1191200
2016-07-11,47.62828826904297,47.737010451036426,47.511204314726236,47.56138132926285,1674200
2016-07-12,48.0882568359375,48.21370573858528,47.97117289495857,47.98789962799815,1666600
2016-07-13,48.071533203125,48.25552408812818,47.9544492545951,48.205343885773225,1393100
2016-07-14,48.36423873901367,48.52313790296465,48.347512007498125,48.422780704169185,5097200
2016-07-15,48.263877868652344,48.456230493716355,48.171882441383076,48.414415260493364,1802700
2016-07-18,48.4144172668457,48.472959233843504,48.21370286293836,48.25551809789423,1815400
2016-07-19,48.18861770629883,48.24715968123759,48.07989871872591,48.20534444060967,1353300
2016-07-20,48.464599609375,48.53150335020784,48.28060873906306,48.3558774414363,516800
2016-07-21,48.32242202758789,48.51477466138681,48.21370305433064,48.39769072692642,872300
2016-07-22,48.472965240478516,48.48133020268501,48.297339317722034,48.41442326622635,974500
2016-07-25,48.3475227355957,48.51478370727,48.222073816541446,48.48133342711426,1242400
2016-07-26,48.431148529052734,48.573324169559065,48.27224934523811,48.4562370343134,1013000
2016-07-27,48.498050689697266,48.63186135507991,48.22206439780299,48.59840789115977,2361500
2016-07-28,48.52314758300781,48.581689559842054,48.31406818280025,48.50642084815539,1370500
2016-07-29,48.799129486083984,48.857671461423166,48.523146343813316,48.60677682564118,1040900
2016-08-01,48.64023208618164,48.85767326112269,48.57332833631458,48.840949716379804,2180200
2016-08-02,48.33915328979492,48.61513960999953,48.13843886628088,48.61513960999953,922900
2016-08-03,48.38933563232422,48.40606236674034,48.11334929990565,48.16352950315404,1272600
2016-08-04,48.56496810913086,48.61514831914801,48.389342159519046,48.50642612592692,955500
2016-08-05,48.87439727783203,48.89948897414779,48.64022938087371,48.64022938087371,815700
2016-08-08,48.94966506958008,49.03329873856935,48.907849830234575,48.92457656403243,2016800
2016-08-09,49.225650787353516,49.3009194933705,49.050024870079966,49.10856684250448,4096400
2016-08-10,49.20055389404297,49.37617978137454,49.14200874130143,49.342726319892996,1568200
2016-08-11,49.526729583740234,49.568544825926104,49.3260119548302,49.401280666884155,658400
2016-08-12,49.44309616088867,49.54345657100407,49.342738941071765,49.459822895907905,868200
2016-08-15,49.65216827392578,49.735801936744,49.55181106884196,49.55181106884196,358000
2016-08-16,49.44309616088867,49.59363358576328,49.44309616088867,49.54345657100407,572100
2016-08-17,49.49327087402344,49.551812844945516,49.16710755308669,49.342733465852916,4967000
2016-08-18,49.66889572143555,49.685622454239954,49.47654307963193,49.52672327804516,1321200
2016-08-19,49.48490524291992,49.5350854417307,49.26746409533609,49.35945953134013,768000
2016-08-22,49.426361083984375,49.493268012769164,49.25910014261833,49.342730613301356,1251900
2016-08-23,49.526729583740234,49.76925926453765,49.526729583740234,49.710717287417744,2054700
2016-08-24,49.342735290527344,49.568541411133346,49.267466583658674,49.51836120978815,1656000
2016-08-25,49.234012603759766,49.41800348314594,49.167108859627305,49.25073933736744,1893700
2016-08-26,49.033302307128906,49.668902286213914,48.83258467724504,49.30092368677507,1682800
2016-08-29,49.25074005126953,49.317646986670056,49.041660663590314,49.0918408651407,1090200
2016-08-30,49.15874481201172,49.35109746663031,49.05002582698705,49.317647189091026,1505400
2016-08-31,48.96638488769531,49.133649011752325,48.79912076363829,49.075107046877044,2641900
2016-09-01,49.14202117919922,49.150386141835625,48.832584557920434,49.10020593691265,5279300
2016-09-02,49.526729583740234,49.57690659824388,49.401280666884155,49.401280666884155,2177300
2016-09-06,49.86960983276367,49.86960983276367,49.601988507228924,49.643803741162884,2453100
2016-09-07,49.86125564575195,49.93652435921618,49.7107182188235,49.8779823809994,1831600
2016-09-08,49.72743606567383,49.87797346569488,49.65216736566331,49.75252775920932,1348200
2016-09-09,48.57331848144531,49.376182458750726,48.55659174979755,49.367817497777914,1894100
2016-09-12,49.11692428588867,49.192192985272854,48.213703083576405,48.30569532478113,1898200
2016-09-13,48.24715042114258,48.69040081956073,48.05479779893377,48.69040081956073,1543800
2016-09-14,48.20533752441406,48.54822755284471,48.104980323246,48.21370248551851,2454400
2016-09-15,48.71549987792969,48.790768589044006,48.15516862097744,48.25552583903038,1450400
2016-09-16,48.36423873901367,48.46459593780914,48.20533638476487,48.456230976902454,1087800
2016-09-19,48.48968505859375,48.81584835156377,48.43114309269133,48.723852922203434,1073900
2016-09-20,48.66532897949219,48.874408418089885,48.62351372983246,48.83259316843016,3545100
2016-09-21,49.43472671508789,49.47654195099601,48.824215337994914,48.924572542234,2570400
2016-09-22,49.794349670410156,49.97833736931498,49.719080960308695,49.80271144251103,2545700
2016-09-23,49.451454162597656,49.627080070130184,49.409638926084874,49.59362660480074,1086100
2016-09-26,49.008209228515625,49.18383834607712,48.96639398730514,49.10020467335774,1320500
2016-09-27,49.28419876098633,49.30092549661556,48.8409514328567,48.907855185075036,1667700
2016-09-28,49.601993560791016,49.635443837167465,49.10020113156625,49.33437220799041,1034600
2016-09-29,49.08346939086914,49.63543877349727,48.941296957453304,49.476539608450544,1331000
2016-09-30,49.426361083984375,49.59362521564838,49.18383144288443,49.300915377959846,986600
2016-10-03,49.326011657714844,49.409645331881286,49.20056593191286,49.31764988544743,2640000
2016-10-04,49.12528610229492,49.518353115873815,48.99147544421105,49.48489965377841,1866900
2016-10-05,49.41799545288086,49.50162591703131,49.30091152695114,49.30091152695114,710400
2016-10-06,49.342735290527344,49.384550529832545,49.15038263748481,49.30092005122214,1130600
2016-10-07,49.14202117919922,49.359465543566955,48.86603802786909,49.30092356630606,1093600
2016-10-10,49.37618637084961,49.50999704433573,49.34273290490355,49.35109467624101,636900
2016-10-11,48.69040298461914,49.167103676137366,48.514773895403565,49.15037694429313,1561400
2016-10-12,48.69040298461914,48.799121956159865,48.53986558831887,48.65694952093066,989400
2016-10-13,48.4813232421875,48.615133905595194,48.038072827532496,48.25551714950616,1647300
2016-10-14,48.514774322509766,48.89111781657363,48.498050780816186,48.76567211208429,864300
2016-10-17,48.37260818481445,48.54823410814722,48.33079294453975,48.44787689342826,1208500
2016-10-18,48.799129486083984,48.916216627060734,48.69877226983086,48.849309689359735,1156800
2016-10-19,48.96638488769531,49.05001854487273,48.83257422650926,48.90784292282002,848400
2016-10-20,48.891109466552734,49.04164683846829,48.748937054353256,48.89947442626881,1672000
2016-10-21,48.87439727783203,48.907850746054166,48.62350264676264,48.67368284909585,669200
2016-10-24,49.02493667602539,49.13365885699251,48.924579457601055,48.99984816899392,659100
2016-10-25,48.94966506958008,49.04166051031914,48.832581123293366,48.94966506958008,1052000
2016-10-26,48.723854064941406,48.882756424944375,48.60677013039055,48.748945758272264,1111600
2016-10-27,48.62350845336914,48.891129850508875,48.59841994435564,48.857676378291735,798200
2016-10-28,48.464599609375,48.72385599176211,48.31406220462851,48.556595044530965,4880100
2016-10-31,48.4813232421875,48.59004221287647,48.406054544627054,48.489685012895166,1366400
2016-11-01,48.18025207519531,48.648587837193084,47.91263072825427,48.623499332885515,3575900
2016-11-02,47.82899475097656,48.18861151672284,47.737002509530406,48.09661608497873,2884200
2016-11-03,47.6951904296875,47.98790349602686,47.62828668243458,47.962811799295935,3168000
2016-11-04,47.4526481628418,47.75371973102288,47.41082974282168,47.53627862228695,1873300
2016-11-07,48.422786712646484,48.44787521788397,48.07153168783059,48.07153168783059,1906600
2016-11-08,48.69040298461914,48.799121956159865,48.25551752756257,48.32242126464164,1872400
2016-11-09,48.8409423828125,48.983114823869066,48.088255370460004,48.14679733916542,2258000
2016-11-10,48.70713806152344,49.04166318482921,48.35588301320917,48.84094874890543,1659100
2016-11-11,48.439510345458984,48.640227958624465,48.1384387111581,48.40606006851326,2193100
2016-11-14,48.305702209472656,48.42278935098966,48.12171451054272,48.42278935098966,1586500
2016-11-15,48.723854064941406,48.723854064941406,48.18861139825296,48.18861139825296,2139200
2016-11-16,48.52314758300781,48.59005133211903,48.422790364191755,48.45624064359813,9130700
2016-11-17,48.7573127746582,48.83258148215254,48.5816868539375,48.5816868539375,2361300
2016-11-18,48.52314758300781,48.67368500638114,48.45624064359813,48.60677806697146,1469100
2016-11-21,48.89949035644531,48.92457886317196,48.67368422501025,48.67368422501025,1038200
2016-11-22,49.10020446777344,49.10020446777344,48.866036565736465,49.00820902331652,2149100
2016-11-23,48.98311233520508,48.98311233520508,48.68203754556066,48.824213169691795,1868700
2016-11-25,49.167110443115234,49.167110443115234,49.041661532166565,49.07511500045932,633700
2016-11-28,48.98311233520508,49.14201150071836,48.92457036947398,49.0918344959762,2643800
2016-11-29,49.10857009887695,49.20056554458659,48.86603723115126,48.94130594215929,1739900
2016-11-30,48.98311233520508,49.2841871248495,48.98311233520508,49.20891842743839,1617000
2016-12-01,48.74895095825195,49.033299054048435,48.69040898473194,48.999845586237484,10381000
2016-12-02,48.832576751708984,48.93293395521368,48.70713104490261,48.73221954820429,1726000
2016-12-05,49.167110443115234,49.217287455256034,49.01657302609617,49.05002649438892,1690300
2016-12-06,49.43472671508789,49.43472671508789,49.16710537691831,49.25073584873455,1701600
2016-12-07,50.112144470214844,50.14559793682202,49.45981782286567,49.46818278466656,2294700
2016-12-08,50.20413589477539,50.29613132544168,50.00342149177432,50.095416922440606,2032300
2016-12-09,50.438316345214844,50.438316345214844,50.21251020706297,50.26268722200882,1580800
2016-12-12,50.27941131591797,50.471763973802666,50.212507569405105,50.304503012371335,3016800
2016-12-13,50.68083953857422,50.82301517341203,50.513578589774106,50.513578589774106,1796100
2016-12-14,50.07032775878906,50.69756588287549,50.01178578909818,50.61393540911653,2139400
2016-12-15,50.14560317993164,50.27105209767613,49.99506575475765,50.078699430020144,2508200
2016-12-16,50.04524230957031,50.22923319142884,49.995062108073,50.19577972376397,4728800
2016-12-19,50.103782653808594,50.22086659653063,50.03687891095236,50.087055920519994,1356200
2016-12-20,50.27941131591797,50.27941131591797,50.1288738983911,50.1623273667967,2128900
2016-12-21,50.15532302856445,50.28193654618597,50.15532302856445,50.222851096606725,1620200
2016-12-22,50.070919036865234,50.13000448983523,49.97806954793647,50.13000448983523,1562300
2016-12-23,50.10468673706055,50.12156875627454,50.02027664099058,50.06248329898353,967900
2016-12-27,50.172203063964844,50.2903771783714,50.096235600375465,50.180645682094436,2609700
2016-12-28,49.927433013916016,50.26506375635993,49.89366897369679,50.22286031604395,1761800
2016-12-29,50.02027893066406,50.09624641064647,49.969636090619844,50.06248559058901,2055200
2016-12-30,49.944305419921875,50.205971868246486,49.8176951151834,50.1975324692302,3025900
2017-01-03,50.33258819580078,50.408555670840585,50.096243151279246,50.3157061769124,2576700
2017-01-04,50.76306915283203,50.76306915283203,50.50984530562124,50.53516672436754,1087300
2017-01-05,50.95720672607422,50.982531364330434,50.771510958385214,50.771510958385214,1717300
2017-01-06,50.96564865112305,51.033173505749325,50.77151026668824,50.94032401321185,1233800
2017-01-09,50.847476959228516,50.92344443196309,50.77150948649393,50.830594940852414,1474600
2017-01-10,50.847476959228516,51.04161534068004,50.822152321706476,50.847476959228516,1393600
2017-01-11,51.12602615356445,51.12602615356445,50.72930674093536,50.855920278557925,1508800
2017-01-12,51.100704193115234,51.13446823211267,50.81371630146901,50.93188721804405,1481400
2017-01-13,51.235755920410156,51.26951995861101,51.092260368014465,51.10070298752264,2432300
2017-01-17,51.07537841796875,51.151345894065436,50.98253214266472,50.98253214266472,2090000
2017-01-18,50.99097442626953,51.050059886584776,50.898124925798115,51.04162048650378,2246200
2017-01-19,50.847476959228516,51.02473332230394,50.72930283059579,51.007851303927836,2137900
2017-01-20,51.058494567871094,51.100698001546355,50.906559630707676,51.00784851551143,1611100
2017-01-23,51.06694030761719,51.100704346716114,50.8559198931229,51.02473686870153,1991500
2017-01-24,51.34548568725586,51.42144994074877,51.03317317440017,51.05849781214694,1641100
2017-01-25,51.8519287109375,51.89413214350767,51.556501463030834,51.556501463030834,2840200
2017-01-26,51.75064468383789,51.86881559408691,51.71688064664794,51.83505155689696,2160100
2017-01-27,51.649349212646484,51.75908071641825,51.59870638007152,51.75064131762762,1003400
2017-01-30,51.32015609741211,51.40456618189659,51.10069631758343,51.3961235634904,4898200
2017-01-31,51.3961296081543,51.42989364591906,51.15978778363272,51.36236557038954,2894400
2017-02-01,51.421443939208984,51.64934633283599,51.311715661470934,51.598703503084714,3562900
2017-02-02,51.48897171020508,51.573378572583515,51.36235819672202,51.36235819672202,1657200
2017-02-03,51.78439712524414,51.83504317283732,51.61558340643078,51.70842966381201,1997700
2017-02-06,51.59026336669922,51.61558800270857,51.47209246504084,51.55650255187938,1144100
2017-02-07,51.54805374145508,51.66622462891916,51.49740769543539,51.59025716984722,1062400
2017-02-08,51.6831169128418,51.69999893153587,51.438332471651464,51.497417927122804,1950600
2017-02-09,51.89413833618164,51.9869878308653,51.73376398531088,51.74220338486581,1028000
2017-02-10,52.10516357421875,52.181131056918765,51.97011062940941,51.97855324966285,1650000
2017-02-13,52.34993362426758,52.45122249999773,52.273966162491135,52.29084817843204,2759100
2017-02-14,52.45966339111328,52.48498480423349,52.147350936359786,52.333049885681845,2269600
2017-02-15,52.712894439697266,52.763537272910305,52.366821126440364,52.40058516185949,2227500
2017-02-16,52.72134017944336,52.78886825840327,52.569405221699576,52.746664819011336,2579400
2017-02-17,52.687564849853516,52.687564849853516,52.47654447819614,52.49342649431857,2296100
2017-02-21,52.915470123291016,52.97455557298398,52.75509579125519,52.822623859427445,2893700
2017-02-22,52.93235397338867,52.96611800864405,52.79730105228278,52.84794710516585,2520100
2017-02-23,52.95768737792969,53.1180617420723,52.83951323496991,53.1180617420723,3967300
2017-02-24,52.822628021240234,52.822628021240234,52.59472560307607,52.60316500230477,1936700
2017-02-27,52.864830017089844,52.864830017089844,52.67913103995947,52.7382164926981,1179700
2017-02-28,52.687564849853516,52.80573896271053,52.59471859105315,52.72977150011726,1733000
2017-03-01,53.337520599365234,53.43881272006318,53.03365389701971,53.03365389701971,2769600
2017-03-02,52.9998893737793,53.22779181339856,52.95768593383115,53.17714575351114,1960800
2017-03-03,53.12649917602539,53.16026321562138,52.91547875842452,53.02521027715346,1665100
2017-03-06,52.97455978393555,53.03364845824099,52.83950685677119,52.96612038470092,930800
2017-03-07,52.84795379638672,52.94924269506169,52.78886833716665,52.87327521607646,1061500
2017-03-08,52.67070007324219,52.9154813223836,52.6284934117441,52.864838480451816,1612400
2017-03-09,52.7044563293457,52.78042380557934,52.51031793895216,52.7044563293457,1679700
2017-03-10,52.9914436340332,53.11805716633949,52.814187264737114,52.9914436340332,2343200
2017-03-13,53.194026947021484,53.21090896672167,53.08429542892831,53.118059468328674,1273700
2017-03-14,52.89015197753906,52.99144086614396,52.80574510702093,52.957680049886136,1780800
2017-03-15,53.52320861816406,53.62449749816218,53.025200396626445,53.10116786160389,3030700
2017-03-16,53.6329460144043,53.75955632334628,53.548535921860505,53.72579550624456,2072300
2017-03-17,53.60762405395508,53.784883647191826,53.58230263488524,53.700473550432434,1595400
2017-03-20,53.616058349609375,53.75111126354127,53.53164826595478,53.66670439980213,1362900
2017-03-21,53.10117721557617,53.91149483813249,53.058973776468946,53.843969979544134,2535600
2017-03-22,53.202457427978516,53.22778206324134,52.898587564148436,53.0336436991089,1795200
2017-03-23,53.227783203125,53.43880358864655,53.08428766661426,53.12649109973546,3562700
2017-03-24,53.24467468261719,53.41348844510235,53.10961852076326,53.253114082775,1503500
2017-03-27,53.28687286376953,53.32063368098466,52.8817140779457,52.915474895160834,1775400
2017-03-28,53.52320861816406,53.60761548150992,53.21089935988586,53.23622077490653,4208000
2017-03-29,53.54853820800781,53.57386284681003,53.30375697896987,53.30375697896987,2474400
2017-03-30,53.52320861816406,53.68358294648737,53.49788720314339,53.53164801653247,1574500
2017-03-31,53.39659118652344,53.57385073841224,53.379712391024704,53.379712391024704,2063400
2017-04-03,53.388160705566406,53.481010195893035,53.03364798240916,53.43880676026704,2034700
2017-04-04,53.40504837036133,53.42193039037983,53.17714592998575,53.25311341011094,1977500
2017-04-05,53.26154708862305,53.734233938615056,53.20246163486351,53.54009555913148,2895800
2017-04-06,53.31219482421875,53.413483716726574,53.18558129364709,53.29531280548147,1652600
2017-04-07,53.26154708862305,53.40504263340744,53.19402223571889,53.23622567127345,952900
2017-04-10,53.24467468261719,53.379727624554995,53.143382561226744,53.261553482932804,1817800
2017-04-11,53.31219482421875,53.337516242366746,52.94080007174617,53.286873406070754,1235200
2017-04-12,53.185585021972656,53.27843452157854,53.05897470244141,53.269995121576216,1185600
2017-04-13,52.83106994628906,53.194025308875496,52.83106994628906,53.07585439452939,1809800
2017-04-17,53.24467468261719,53.24467468261719,52.974565578825455,53.033654259594606,2123600
2017-04-18,52.98300552368164,53.101176439421025,52.81418854980426,52.96612350430231,1750800
2017-04-19,52.84795379638672,53.17714513201741,52.78042571732605,53.134941692562506,976500
2017-04-20,53.26998519897461,53.35439206293964,53.084286234352994,53.1433716831116,1681400
2017-04-21,53.194026947021484,53.27843382560638,53.10117744862849,53.236230386313935,2036300
2017-04-24,54.004337310791016,54.080304779267955,53.93681246098685,53.97057327593114,1944400
2017-04-25,54.36729431152344,54.43481593949427,54.20691676045184,54.21535937888481,2231600
2017-04-26,54.25755310058594,54.502337487210895,54.25755310058594,54.30819592546344,1360900
2017-04-27,54.27444839477539,54.36729788414655,54.147834869284594,54.35041264617102,1897300
2017-04-28,54.25755310058594,54.36728780759415,54.198467658285445,54.30819592546344,1511700
2017-05-01,54.40105438232422,54.510789107455864,54.31664751364462,54.39261820333816,1268500
2017-05-02,54.561431884765625,54.56987450357432,54.41793956417427,54.52766784936214,3350200
2017-05-03,54.40105438232422,54.46013983438307,54.28288347820652,54.417939619958915,938800
2017-05-04,54.519222259521484,54.536107496218705,54.35885114988347,54.46013681074307,703200
2017-05-05,54.882179260253906,54.94126471085144,54.56143059127173,54.612073423260725,1007200
2017-05-08,54.77244567871094,54.839973741384014,54.6964814380766,54.82308850580049,869800
2017-05-09,54.755577087402344,54.8990694174515,54.679606392779334,54.78934112503127,1010100
2017-05-10,54.882179260253906,54.90750711607953,54.730244324455796,54.730244324455796,932100
2017-05-11,54.806217193603516,54.82309599166126,54.536111345859894,54.79777457465895,2738800
2017-05-12,54.87374496459961,54.89906638146307,54.76401023841614,54.82309569104134,967700
2017-05-15,55.1776237487793,55.2113877899884,55.01724616299418,55.05945282446365,1258500
2017-05-16,55.278907775878906,55.3801998964705,55.2113861353167,55.35487847628065,676400
2017-05-17,54.44327163696289,55.01724747150402,54.44327163696289,54.91595534546763,1467800
2017-05-18,54.51079559326172,54.68805197052859,54.164719018717776,54.36730325545025,1974600
2017-05-19,55.076332092285156,55.17762421677156,54.789347399322324,54.789347399322324,1207000
2017-05-22,55.2957878112793,55.32110922908581,55.16917428241512,55.16917428241512,1498800
2017-05-23,55.32111358642578,55.397077845828626,55.27047074682389,55.312670966548104,1682500
2017-05-24,55.43083190917969,55.45615332442334,55.26201818100139,55.27046079935958,962700
2017-05-25,55.59966278076172,55.67562704111666,55.5236920805746,55.5236920805746,1089500
2017-05-26,55.565895080566406,55.57433126016204,55.48148820578779,55.52368842326122,1248600
2017-05-30,55.54057693481445,55.54057693481445,55.422406015194895,55.422406015194895,1226700
2017-05-31,55.45615005493164,55.6418490088782,55.36330057795836,55.63341283084831,1130400
2017-06-01,55.91196823120117,55.91196823120117,55.45616335488039,55.59966213360086,3266900
2017-06-02,56.22427749633789,56.28336295243146,55.97949305256973,56.08078516580088,3152700
2017-06-05,56.16518783569336,56.19050925214764,56.05545955111438,56.16518783569336,1609400
2017-06-06,56.021697998046875,56.10610486991138,55.95416992462266,55.96261254375857,1270500
2017-06-07,56.05546188354492,56.13986875518173,55.84444148453714,56.01325522781076,2328800
2017-06-08,56.09766387939453,56.106106498775546,55.91196489200252,56.04702104277188,1655500
2017-06-09,55.903526306152344,56.21583237165814,55.63342045607173,56.06389742849832,1555600
2017-06-12,55.80223846435547,55.83600250317624,55.61653947075717,55.76003180587151,3059100
2017-06-13,56.11453628540039,56.139857697920995,55.93727351809566,56.03012299055804,850700
2017-06-14,56.03857421875,56.31712267893819,55.86131786403876,56.30868006019063,1955100
2017-06-15,55.734703063964844,55.74314568251878,55.42239701561114,55.47303984727258,1871000
2017-06-16,55.93727493286133,55.937274932861335,55.675611743756754,55.844431897881,1534700
2017-06-19,56.266483306884766,56.32556876208933,56.106105739973096,56.131427157941964,1774600
2017-06-20,55.82440185546875,56.20845336236322,55.82440185546875,56.20845336236322,2155100
2017-06-21,55.84999465942383,55.969477618966636,55.72197534238998,55.87559722056401,1116500
2017-06-22,55.841453552246094,55.978002703823634,55.80731463651861,55.86705611120861,2049500
2017-06-23,55.93533706665039,56.020681105069364,55.78171519296315,55.90119814901625,1096900
2017-06-26,56.071876525878906,56.310848907977615,56.02067141395214,56.26817364048422,3644700
2017-06-27,55.83292007446289,56.14870017772576,55.815853871385336,56.09749505716038,1694300
2017-06-28,56.26818084716797,56.34498852489545,56.00361238655226,56.00361238655226,1859100
2017-06-29,55.75611877441406,56.23405065127332,55.47447755640765,56.20844808806065,1690400
2017-06-30,55.89266586303711,56.012148827793446,55.73051413162964,55.98654626553612,3787300
2017-07-03,55.9609375,56.13162557035018,55.92679858366346,56.04628153517509,1465500
2017-07-05,55.969478607177734,55.9865448111282,55.730512683872874,55.935339687943745,3957600
2017-07-06,55.55128479003906,55.7902572378405,55.49154330592206,55.747581958614035,2196100
2017-07-07,55.7646484375,55.81586007509007,55.52568249985784,55.55128506298615,2179200
2017-07-10,55.90119934082031,55.96094082012054,55.72197490291961,55.78171638221985,761900
2017-07-11,55.986549377441406,56.02922465779779,55.66223938526709,55.88413912271982,1039200
2017-07-12,56.48155212402344,56.541293607759435,56.268188751918686,56.268188751918686,1509300
2017-07-13,56.60956573486328,56.63516829511796,56.44740750480673,56.53275154276655,1474700
2017-07-14,56.94241714477539,57.03629754834581,56.66931229202506,56.66931229202506,774200
2017-07-17,56.87413787841797,56.976554637382634,56.84853531651009,56.959481921888624,1197800
2017-07-18,56.97654342651367,56.97654342651367,56.76318010415245,56.857060486897936,2261400
2017-07-19,57.29231262207031,57.29231262207031,57.07894931592496,57.07894931592496,1640300
2017-07-20,57.35206604003906,57.42034387495484,57.23258308460282,57.3947413146946,1669500
2017-07-21,57.275272369384766,57.275272369384766,57.07897517381876,57.198458158481785,881000
2017-07-24,57.23257064819336,57.266709558232996,57.09602151936611,57.224040804181925,1580200
2017-07-25,57.35206604003906,57.4715489954753,57.33499983697648,57.36913875443437,1884300
2017-07-26,57.52276611328125,57.58250759669692,57.386210430426374,57.471554476544,4450300
2017-07-27,57.411800384521484,57.68490517891944,57.10456318823921,57.68490517891944,1594100
2017-07-28,57.35206604003906,57.38620495749695,57.1728416068847,57.20698052434259,1183300
2017-07-31,57.420345306396484,57.48008678560391,57.29232599057118,57.48008678560391,2577700
2017-08-01,57.60810089111328,57.69344492350032,57.52275685872624,57.64223980633456,2403400
2017-08-02,57.64225769042969,57.8556210932616,57.40329172107143,57.8556210932616,1061500
2017-08-03,57.52276611328125,57.608110159398876,57.48009083455576,57.573971238685154,623100
2017-08-04,57.63371276855469,57.69345425201851,57.47155452286716,57.65931533127728,1141400
2017-08-07,57.684913635253906,57.70198635003076,57.58250339192426,57.625172156200655,917600
2017-08-08,57.52276611328125,57.84707609306157,57.471554476544,57.633712722100825,859400
2017-08-09,57.454490661621094,57.46302701998792,57.17284943751831,57.2752662039194,606600
2017-08-10,56.61808776855469,57.20697261848862,56.57541901112858,57.20697261848862,1778900
2017-08-11,56.62663650512695,56.7461194701741,56.5156898979641,56.61810014724266,1512200
2017-08-14,57.130165100097656,57.215509126508415,56.916801778404825,57.01068216085622,1033000
2017-08-15,57.05335998535156,57.138704025325254,56.95947958798064,57.1301741792609,871800
2017-08-16,57.31793975830078,57.36914488429248,57.24966191608956,57.300867042081265,1123200
2017-08-17,56.5669059753418,57.232598769879836,56.5669059753418,57.13871834897478,1594000
2017-08-18,56.61808776855469,56.85706015773453,56.45593607220457,56.55834629909268,1434600
2017-08-21,56.669307708740234,56.7205128296979,56.464480713576755,56.60102987324148,1029300
2017-08-22,57.130165100097656,57.172833857637116,56.831451240662226,56.865590153492896,1013700
2017-08-23,57.03628921508789,57.155772163750825,56.90826990971121,56.985077586137805,864300
2017-08-24,57.00216293334961,57.224062677761545,56.95948765165485,57.18138739606678,4048500
2017-08-25,57.22405242919922,57.39474050274123,57.181377155147395,57.18991351222429,989200
2017-08-28,57.17284393310547,57.326465812250085,57.121638810501594,57.27526068964621,748900
2017-08-29,57.130165100097656,57.215509126508415,56.78024612708214,56.839987596702855,1259300
2017-08-30,57.30085754394531,57.33499645939209,57.096030562597,57.155772036795774,781200
2017-08-31,57.65078353881836,57.71052502026585,57.43742017488688,57.43742017488688,1045100
2017-09-01,57.787322998046875,57.86413718205128,57.72758152663546,57.80439571063987,1675700
2017-09-05,57.343544006347656,57.68492020476832,57.13018062666794,57.591046308136164,4411300
2017-09-06,57.60810089111328,57.70198128013872,57.514220502087845,57.52275685872624,1557200
2017-09-07,57.83000564575195,57.87267441001376,57.71905253373895,57.83000564575195,1050200
2017-09-08,57.770259857177734,57.87267009283277,57.72758458476655,57.79586241609149,610400
2017-09-11,58.299400329589844,58.36767816508174,58.06897077397067,58.06897077397067,961400
2017-09-12,58.538368225097656,58.538368225097656,58.384752857037306,58.42742162216529,1144000
2017-09-13,58.3847541809082,58.427422947003706,58.29940362605091,58.41888658925134,1079900
2017-09-14,58.410343170166016,58.427409370371954,58.248184967217234,58.290860234729536,358200
2017-09-15,58.52131271362305,58.529849072741506,58.384763524398664,58.46157122246222,969800
2017-09-18,58.63225173950195,58.76027106435385,58.54690769337847,58.66639066021802,1256600
2017-09-19,58.751739501953125,58.802951142874036,58.67493180757256,58.7261369371596,1515800
2017-09-20,58.7773323059082,58.862676335370885,58.47008859077689,58.78586215092202,2005000
2017-09-21,58.615196228027344,58.73467921666427,58.555454733708885,58.73467921666427,1264200
2017-09-22,58.623722076416016,58.6919934067286,58.572510439514865,58.623722076416016,951800
2017-09-25,58.376216888427734,58.546904972742944,58.154317169751536,58.47009728820101,4745400
2017-09-26,58.256736755371094,58.3932859271858,58.15431999301004,58.35061715970205,1015300
2017-09-27,58.342071533203125,58.444488279293815,58.17138346771763,58.31646897451353,801000
2017-09-28,58.410343170166016,58.461548282115466,58.25672132298602,58.25672132298602,3610400
2017-09-29,58.73466491699219,58.760267478133336,58.46156007926499,58.538367762688445,2570300
2017-10-02,58.802940368652344,58.84560913171223,58.69198725976474,58.69198725976474,3559100
2017-10-03,59.033363342285156,59.06750225572827,58.888277843650904,58.888277843650904,1349500
2017-10-04,59.07604217529297,59.1443200062976,58.99069814220335,59.03336690308198,1151000
2017-10-05,59.306480407714844,59.32355312363435,59.101653396013894,59.101653396013894,846500
2017-10-06,59.22967529296875,59.22967529296874,59.05045083602838,59.06751704135593,1034100
2017-10-09,59.11872100830078,59.280879256730785,59.07605224015262,59.27234289856777,625700
2017-10-10,59.45157241821289,59.47717498074615,59.297950531680044,59.37475821927982,1088800
2017-10-11,59.605186462402344,59.605186462402344,59.4430347328682,59.48570349902638,1111900
2017-10-12,59.596656799316406,59.647861923397016,59.485703682030845,59.511312755404326,1388600
2017-10-13,59.74173355102539,59.80147502412313,59.707594636207794,59.74173355102539,650200
2017-10-16,59.80147933959961,59.844154614034245,59.72467165921648,59.76734042231843,2709700
2017-10-17,59.74173355102539,59.75879975276808,59.622250604829915,59.71613099274525,1315700
2017-10-18,59.83562469482422,59.88682982058899,59.75028064810513,59.8612272577066,2027400
2017-10-19,59.784420013427734,59.784420013427734,59.47717623388863,59.588122844314746,1260300
2017-10-20,60.01485061645508,60.01485061645508,59.80148723876414,59.90390400413587,1314800
2017-10-23,59.72467803955078,59.97217382144685,59.66493655575977,59.955107616649435,876100
2017-10-24,59.75882339477539,59.85270381983204,59.70761825795714,59.75882339477538,677400
2017-10-25,59.545440673828125,59.80147929759073,59.25526964414101,59.775876737481006,920000
2017-10-26,59.528377532958984,59.716138331865466,59.528377532958984,59.630794289998796,1039300
2017-10-27,59.90390396118164,59.92950652467283,59.5539848965793,59.68200422536878,960100
2017-10-30,59.81001663208008,59.9209632314794,59.74173879644999,59.792943917506165,771100
2017-10-31,59.99778366088867,60.04898878726738,59.869764333608416,59.920969459987134,1247400
2017-11-01,60.100196838378906,60.34769914680966,60.07459427394362,60.2794213007597,1493200
2017-11-02,60.1855354309082,60.21967435083648,59.946569502743486,60.09166154027194,1420100
2017-11-03,60.245277404785156,60.270886478440325,60.023384190439664,60.151403513382526,1157600
2017-11-06,60.41596603393555,60.44156859372675,60.202602687232,60.22820524702321,764100
2017-11-07,60.33916091918945,60.46718024873422,60.15993646236021,60.36476999416527,1731100
2017-11-08,60.45863723754883,60.48424630970663,60.26234659700241,60.347690636863156,536900
2017-11-09,60.168460845947266,60.194063404494074,59.78440944508051,60.0745804570541,1439900
2017-11-10,60.066062927246094,60.10873821242158,59.9721825089275,60.057533079278464,551300
2017-11-13,59.980712890625,60.04045437711631,59.707608022188474,59.75881315022855,789800
2017-11-14,59.86123275756836,59.89537168165925,59.656405724357015,59.86123275756836,1108100
2017-11-15,59.56252670288086,59.69054604337993,59.340626946771415,59.48571249404776,1198400
2017-11-16,60.159934997558594,60.245279044732584,59.903902856036616,59.92096906093805,998600
2017-11-17,60.066062927246094,60.1428771382951,60.00632143480102,60.02339415340494,591100
2017-11-20,60.1855354309082,60.23674706646721,60.08312518245658,60.151403022313126,889400
2017-11-21,60.64641571044922,60.680554638611575,60.49279378938601,60.50133014926029,872300
2017-11-22,60.723209381103516,60.80001705998006,60.603726428629415,60.723209381103516,1325800
2017-11-24,60.893898010253906,60.953639487037826,60.87683180745819,60.8938980102539,700600
2017-11-27,60.6720085144043,60.87684205041325,60.65494230873708,60.859769333412316,1098100
2017-11-28,61.149925231933594,61.15846158740641,60.77440372710651,60.86828410331328,1015900
2017-11-29,60.91950607299805,61.20114727956273,60.81709582430777,61.158478513052856,1623800
2017-11-30,61.20967102050781,61.35475651713532,61.05604916780461,61.1669957514612,7719200
2017-12-01,61.056053161621094,61.15846990723317,60.42449950867737,61.11579463539506,6765100
2017-12-04,60.90241622924805,61.474228266929316,60.90241622924805,61.34620899442423,2408800
2017-12-05,60.723209381103516,61.34622670309953,60.68907046449198,61.34622670309953,2596600
2017-12-06,60.60371780395508,60.697598183443304,60.50983742446686,60.60371780395508,1169700
2017-12-07,60.765892028808594,60.85977244310953,60.518396221652374,60.54399878712825,1864700
2017-12-08,61.11581039428711,61.12434675312232,60.94512228558685,61.09020782911547,1167700
2017-12-11,61.34623718261719,61.35477354106144,61.1584828761793,61.1584828761793,5803300
2017-12-12,61.34623718261719,61.42305138594813,61.235290568176566,61.26942949061991,1731000
2017-12-13,61.49132537841797,61.636410906212355,61.440113742294514,61.48278902050851,1855700
2017-12-14,61.175537109375,61.53398595787938,61.16700075260135,61.508383398890835,2458400
2017-12-15,61.42305374145508,61.5510730776936,61.26943184023563,61.34623953517839,1700700
2017-12-18,61.986328125,62.097281252201014,61.90952043201507,61.90952043201507,2077200
2017-12-19,61.78734588623047,62.04575826680168,61.75288958778092,62.04575826680168,1458300
2017-12-20,61.74425506591797,62.002673939654365,61.675342490006265,62.002673939654365,2557600
2017-12-21,61.95100021362305,62.10605025851046,61.84763789827574,61.87347847711257,2240200
2017-12-22,62.01991271972656,62.037137581638596,61.88208753696462,61.99407214092531,1107500
2017-12-26,61.95100021362305,62.028528521999974,61.86486276021148,62.028528521999974,4644200
2017-12-27,62.01991271972656,62.10605017301957,61.95100012834559,62.05436901541705,3342100
2017-12-28,62.157745361328125,62.27833912478269,62.10605762565673,62.27833912478269,1402700
2017-12-29,62.097442626953125,62.39893361094866,62.06299289859615,62.3558615927015,1104400
2018-01-02,62.683189392089844,62.683189392089844,62.30418321639703,62.45923328841105,2086500
2018-01-03,63.001895904541016,63.062192780716394,62.75209268270969,62.760708399839494,3217400
2018-01-04,63.44118118286133,63.56177488904144,63.346428046310656,63.372268615940094,2044200
2018-01-05,63.854671478271484,63.89774349447555,63.561802798058224,63.682396557189215,1595400
2018-01-08,63.91495132446289,63.95802332918823,63.76851702338109,63.84604531751366,1507800
2018-01-09,63.99250793457031,64.12171743405487,63.87191415421621,64.0183485200936,1268200
2018-01-10,63.846065521240234,63.96665928639413,63.72547175608633,63.854674667417434,1193300
2018-01-11,64.28536224365234,64.29397796084986,63.9752621432088,63.9752621432088,1258800
2018-01-12,64.77635955810547,64.8194315766043,64.39735339715857,64.4145782614377,1382000
2018-01-16,64.66439819335938,65.22430171895674,64.52657952796855,65.14677338003081,2941000
2018-01-17,65.17259216308594,65.30179505192248,64.73328262544318,64.89694180859152,2516000
2018-01-18,65.08646392822266,65.22428913889964,64.97448587344843,65.14676081492689,4191900
2018-01-19,65.39655303955078,65.41378447391013,65.14674981627357,65.29319072086135,1318800
2018-01-22,65.87032318115234,65.87032318115234,65.39655728352479,65.39655728352479,1120900
2018-01-23,66.07706451416016,66.08568023321723,65.81865208926074,65.89617384517014,1329200
2018-01-24,66.13735961914062,66.43884405932192,65.85310004474059,66.32686600207398,1696000
2018-01-25,66.07706451416016,66.38716468153393,65.93924586858742,66.35270837717373,2584800
2018-01-26,66.79200744628906,66.79200744628906,66.28378525244126,66.36992928560895,1264300
2018-01-29,66.21488189697266,66.49913487354205,66.18042559668936,66.43022884484276,1684500
2018-01-30,65.56884765625,65.90478840300776,65.47409446389597,65.82726007659629,2366700
2018-01-31,65.63774871826172,65.94784885667414,65.38795203574875,65.87032710800477,2062100
2018-02-01,65.59468078613281,65.81864344914017,65.3879495589776,65.43101500487353,3227600
2018-02-02,64.16475677490234,65.11228176575851,64.13891619989457,65.03476004073516,7605600
2018-02-05,61.61506652832031,64.07002037405431,61.460016465859894,63.55318902314197,11025900
2018-02-06,62.924381256103516,63.010518721507395,60.77091176166968,61.08101189461754,12874700
2018-02-07,62.19219207763672,63.19140500857888,62.192192077636726,62.43338616473328,7564700
2018-02-08,60.15071105957031,62.330021120634555,60.15071105957031,62.330021120634555,6235400
2018-02-09,60.84841537475586,61.210196564753524,59.022271421836315,60.710596785556206,8534600
2018-02-12,61.692596435546875,62.011305714692504,60.99486785055816,61.304967983471506,3611200
2018-02-13,61.8045768737793,61.90794577937084,61.33942665641872,61.46863614544126,1918000
2018-02-14,62.85544967651367,62.88129025114581,61.41693406582419,61.41693406582419,2926300
2018-02-15,63.561798095703125,63.561798095703125,62.7176352723711,63.311994878307594,3154100
2018-02-16,63.63072967529297,64.05280792697454,63.38092638335574,63.38092638335574,2834200
2018-02-20,63.09665298461914,63.52734686164726,62.88992176376841,63.131109283405436,1669700
2018-02-21,62.821014404296875,63.84606802009159,62.812398685915156,63.260324035618545,1340900
2018-02-22,62.95021057128906,63.475657559632296,62.838225971627146,63.01912316002467,1917500
2018-02-23,63.734073638916016,63.75130507304129,63.2000174746308,63.329220371237504,7204000
2018-02-26,64.41456604003906,64.42318175647763,63.8202064712334,64.00971280168541,1966200
2018-02-27,63.43259048461914,64.33705020952127,63.43259048461914,64.1647687242764,1935800
2018-02-28,62.70042037963867,63.67378625305536,62.70042037963867,63.656561388229484,1634100
2018-03-01,61.91654586791992,62.95021505701306,61.50308344977598,62.63149924029935,6922700
2018-03-02,62.200809478759766,62.29556265828855,61.29635627216732,61.51170321257511,2206600
2018-03-05,62.69180679321289,62.803791419925666,61.770122054798215,61.847650378819964,1765600
2018-03-06,63.01912307739258,63.139716821588685,62.70040728380791,63.10526052726606,1507900
2018-03-07,62.9760627746582,63.02774393981731,62.43339082488538,62.579825174081115,1446000
2018-03-08,63.20863723754883,63.225868674568616,62.872696506207284,63.156956070224794,1305800
2018-03-09,64.0269546508789,64.03556379685197,63.39813868588523,63.46705128487275,799300
2018-03-12,64.05279541015625,64.25952663582497,63.91497021179899,64.08725170974556,2316500
2018-03-13,63.62207794189453,64.39732796564374,63.47564365181544,64.31119053453044,1172700
2018-03-14,63.492889404296875,64.02695216793875,63.37229564667886,64.02695216793875,1010500
2018-03-15,63.46705627441406,63.80299700605472,63.346462502638836,63.622106348391874,3228800
2018-03-16,63.44118118286133,63.65652802559211,63.42394975519897,63.47563746632194,1073900
2018-03-19,62.769317626953125,63.234467725869116,62.355848681739154,63.234467725869116,2320600
2018-03-20,62.85544967651367,63.00188398067276,62.74346509062053,62.829609101881516,1032500
2018-03-21,62.91576385498047,63.363682606219065,62.769329510524315,62.85546697362398,1674100
2018-03-22,61.42556381225586,62.40754540883697,61.39110751056752,62.26111105556221,3784500
2018-03-23,60.37466049194336,61.68397347084163,60.34021076732666,61.5203077055127,1654800
2018-03-26,61.78734588623047,61.85625191126262,60.719220349895224,61.313579997382824,3064200
2018-03-27,60.90011215209961,62.14051263252875,60.64169976658826,62.037143735203955,2931100
2018-03-28,60.94319534301758,61.442801913890705,60.65893575215512,61.063789126074084,3097300
2018-03-29,61.76150131225586,62.0285359934228,61.132691911930635,61.23605423972808,3126800
2018-04-02,60.52111053466797,61.61507018278538,60.01288829962274,61.49447641281551,3336500
2018-04-03,61.16714859008789,61.22744547229836,60.48665144978839,60.93457020737087,4289400
2018-04-04,61.597835540771484,61.67535727836139,60.150703958961145,60.22822569655106,2327400
2018-04-05,62.037139892578125,62.21803709465837,61.7959523856267,61.83902439981088,1838000
2018-04-06,61.003501892089844,61.97686802996032,60.67617679652695,61.68399924527816,2829000
2018-04-09,61.322181701660156,62.02851922879683,61.28772541108454,61.485840867062564,1103200
2018-04-10,62.278343200683594,62.4161618371369,61.864874147588395,62.05438052309588,2217900
2018-04-11,62.00270080566406,62.38170699367335,61.942403918580695,61.942403918580695,1176700
2018-04-12,62.34724044799805,62.5453625140763,62.183581251011724,62.23526241091617,903000
2018-04-13,62.20943069458008,62.64874033196101,62.002699453640446,62.58844344619246,1387300
2018-04-16,62.51091003417969,62.622888078099685,62.29556309227169,62.4161568539908,1998600
2018-04-17,62.96745300292969,63.13973452284202,62.68319342397535,62.734881165883046,865600
2018-04-18,63.174171447753906,63.33783721552391,63.04496854884778,63.20001859940181,1449400
2018-04-19,62.90715408325195,63.13973248465885,62.66596653502835,63.088044744419655,2655800
2018-04-20,62.41615676879883,62.80378520682442,62.24388184425441,62.80378520682442,1393100
2018-04-23,62.33001708984375,62.553979741280244,62.10605443840725,62.42477026653354,1485700
2018-04-24,61.735660552978516,62.614279767936466,61.45140100861758,62.545367168357956,2147300
2018-04-25,61.74425506591797,61.83039249987511,61.24464874835557,61.64088620205042,1268500
2018-04-26,62.24388885498047,62.40754808017098,61.92517297962151,62.00270130470573,2000200
2018-04-27,62.37309265136719,62.459230115473055,62.12328940515311,62.40754237951573,715700
2018-04-30,62.01131057739258,62.58844544171261,61.99408571170995,62.46784509446273,2476500
2018-05-01,61.94240951538086,61.968250101913156,61.46864352272742,61.92517807644706,2009500
2018-05-02,61.68397903442383,62.209426102419975,61.60645071737714,62.088832339784844,1076500
2018-05-03,61.692596435546875,61.83903078390391,60.93457096759542,61.5375463690902,3695400
2018-05-04,62.20943069458008,62.373096486752274,61.28774597105078,61.31358655468478,1295400
2018-05-07,62.31278991699219,62.49368713713083,62.15774642293163,62.25249303423508,1525700
2018-05-08,62.338619232177734,62.35584409152178,62.028519189061214,62.209409785568276,1379300
2018-05-09,62.70042037963867,62.79517356584984,62.347248217966595,62.41616082100518,1380200
2018-05-10,63.33784866333008,63.39814555100668,62.950226752818786,62.950226752818786,1432300
2018-05-11,63.47565841674805,63.58763644605583,63.32060837593236,63.45842698339838,1153400
2018-05-14,63.5704345703125,63.828847017197674,63.4929062359389,63.639340613027365,1010400
2018-05-15,63.01912307739258,63.14832596626972,62.82100102800402,63.11386967194709,1918900
2018-05-16,63.30337905883789,63.398132229829905,63.08803213783177,63.12248843381673,800100
2018-05-17,63.225852966308594,63.441199872480034,63.05357149825182,63.182780956327896,834200
2018-05-18,63.010501861572266,63.11386416365298,62.924364419216474,63.07079872840788,1103900
2018-05-21,63.415367126464844,63.510120302630725,63.286157652432564,63.33783881329874,1113500
2018-05-22,63.3464469909668,63.66516277939592,63.27753440343628,63.54456246528448,1004600
2018-05-23,63.21723556518555,63.21723556518555,62.73486061121405,62.829613773153575,1499400
2018-05-24,62.984676361083984,63.131110705323636,62.57120733820283,63.03635752449394,1613500
2018-05-25,62.803775787353516,62.92436953082107,62.700406905010134,62.79516007085837,1009100
2018-05-29,61.8476448059082,62.34724472024115,61.563385263221875,62.243882393349516,2512500
2018-05-30,62.65733337402344,62.700405383587906,62.11466154158735,62.17495841185803,2082800
2018-05-31,62.3041877746582,62.5453753327995,62.16636255751,62.51091902851245,2328100
2018-06-01,62.95021057128906,62.96743543253987,62.648726210403474,62.72624794383141,2917200
2018-06-04,63.32060623168945,63.38951224715594,63.18278105702437,63.25169364435691,2303500
2018-06-05,63.251705169677734,63.3378426336058,63.053583087962664,63.286161469622414,3769900
2018-06-06,63.854671478271484,63.854671478271484,63.32922442554347,63.46704961990288,3887300
2018-06-07,63.5704345703125,63.92360021928283,63.39815303385374,63.90637535157128,1508700
2018-06-08,63.699623107910156,63.7513108430976,63.363682402593994,63.44121071944158,1019100
2018-06-11,63.9063606262207,64.0441792517628,63.7857668644212,63.81160744596865,1544500
2018-06-12,63.820220947265625,63.95804615408062,63.67378659392538,63.863292967362206,1069300
2018-06-13,63.691017150878906,63.958045270559744,63.5359670812877,63.8374515021963,2879700
2018-06-14,63.67378234863281,63.88052014507157,63.587644886050235,63.77715124685219,2136900
2018-06-15,63.42398452758789,63.48428141373589,63.12250009684787,63.36368764143988,1418200
2018-06-18,63.14832305908203,63.16555449138313,62.786541843149195,62.91575129794403,3441800
2018-06-19,62.71462631225586,62.74946372921218,62.26174653638156,62.38367417344974,3575900
2018-06-20,62.86268615722656,63.019451225730705,62.74946952507965,62.941065369199386,1678600
2018-06-21,62.39236831665039,62.73202473442711,62.279151725576845,62.714609352937366,2327700
2018-06-22,62.723323822021484,62.95847469961497,62.65365564028744,62.89751088774946,1135400
2018-06-25,61.834991455078125,62.39237676198187,61.53888341777918,62.39237676198187,4242400
2018-06-26,61.92209243774414,62.13111030306248,61.747911990738544,62.0353157084001,1539200
2018-06-27,61.32115936279297,62.279165018553336,61.30373733302855,62.017887728547095,2887000
2018-06-28,61.64338684082031,61.77402547102571,61.14696536168522,61.3559831832798,2791200
2018-06-29,61.93950271606445,62.34012298380552,61.93950271606445,62.07884571831675,1957800
2018-07-02,61.7566032409668,61.78272963519995,61.26017517231289,61.26017517231289,3574200
2018-07-03,61.704349517822266,62.1223917979047,61.64338571078489,62.1223917979047,1373600
2018-07-05,62.14851760864258,62.165932991393376,61.80886116627128,62.078842788526266,2242300
2018-07-06,62.60139083862305,62.70590306911194,62.14851779561769,62.209481602263736,6346100
2018-07-09,63.2110595703125,63.25460136614497,62.94978221708123,62.98461964048267,2888800
2018-07-10,63.34166717529297,63.376497937049415,63.17619115644853,63.22844394363905,1961000
2018-07-11,62.59269332885742,62.99331362279948,62.479470072280826,62.758162739569094,2244400
2018-07-12,63.18491744995117,63.193621820217444,62.83654994713408,62.98460397635017,1555900
2018-07-13,63.28070831298828,63.29812369522537,63.01943106753732,63.150069690262804,1245500
2018-07-16,63.19362258911133,63.28071944929342,63.080405973255154,63.272008434363705,776100
2018-07-17,63.43748092651367,63.481029358716206,62.97589678122135,62.98460779657343,1153500
2018-07-18,63.47229766845703,63.50713507395986,63.245864499522185,63.37649646446317,1080500
2018-07-19,63.176212310791016,63.35039275612038,63.01944725217136,63.13266387717964,2698700
2018-07-20,63.39393997192383,63.498452223848595,63.23717491631566,63.27201233362391,1718900
2018-07-23,63.39393997192383,63.420066373765536,63.18492211263225,63.280723349090465,1973300
2018-07-24,63.71617889404297,63.994871578308356,63.56811821446626,63.79455809685618,2234800
2018-07-25,64.34322357177734,64.39548301099947,63.672621676863926,63.82938670541674,2238100
2018-07-26,64.07324981689453,64.2387258797536,64.0209970158054,64.0209970158054,977300
2018-07-27,63.88164520263672,64.27356113128249,63.69004274568421,64.23001270213605,2899500
2018-07-30,63.6726188659668,64.01227530541058,63.58552866385033,64.01227530541058,1703700
2018-07-31,63.838096618652344,64.02969241064059,63.71616900349769,63.881638398603755,1961400
2018-08-01,63.69875717163086,63.933908070322644,63.550703135896185,63.811973791094246,2460800
2018-08-02,63.6639289855957,63.698766406917855,63.08912814517697,63.15009197135106,2475500
2018-08-03,63.89907455444336,63.91648994136317,63.62038185181941,63.66392364139799,912700
2018-08-06,63.89035415649414,63.9774443674204,63.6290768791582,63.69004069126229,1036000
2018-08-07,64.18646240234375,64.36064946929561,63.69004088950602,63.69004088950602,1652900
2018-08-08,64.19518280029297,64.27356865301833,64.03841773940042,64.16905639757057,1906800
2018-08-09,64.02970123291016,64.2996895418584,64.02099686245455,64.22130369585484,657100
2018-08-10,63.27201843261719,63.42007248703022,63.089126957537815,63.33298225764364,2170800
2018-08-13,62.89752960205078,63.32427641208199,62.81043936555285,63.15880031154455,1455300
2018-08-14,63.18491744995117,63.26329664969236,62.941055546788995,63.09782059082881,1365400
2018-08-15,62.435916900634766,62.5752598865857,62.026585666715484,62.56654887353998,2889300
2018-08-16,62.90623092651367,63.150086208958434,62.81042968775921,62.81913405887645,1599400
2018-08-17,63.19362258911133,63.35038763505855,62.758164866430995,62.86267711191499,1409900
2018-08-20,63.42877197265625,63.481024771877465,63.29813333004583,63.350386129267044,1200100
2018-08-21,63.724876403808594,63.93390087792162,63.67262360755884,63.67262360755884,1486500
2018-08-22,63.8206901550293,63.95132881585585,63.73359992933102,63.777148364459315,1492800
2018-08-23,63.515869140625,63.855525661867,63.48974273815379,63.716182633834485,2118200
2018-08-24,64.00357818603516,64.06454200520666,63.7684339248188,63.7684339248188,1384900
2018-08-27,64.62191772460938,64.70030356299219,64.35193608646661,64.3606471006329,3820400
2018-08-28,64.65676879882812,64.8309558961755,64.59580497589613,64.82224488016853,4793400
2018-08-29,65.03997039794922,65.05738578450229,64.61322365954007,64.66547646375726,1853200
2018-08-30,64.48258972167969,64.73515603480273,64.33453566919468,64.65677017818457,1809400
2018-08-31,64.28226470947266,64.52611996275054,64.07324687017123,64.28226470947266,2993500
2018-09-04,63.925193786621094,63.98615760083934,63.68133852974812,63.925193786621094,2286900
2018-09-05,63.57684326171875,63.71619295688627,63.324276922647016,63.655222481831096,1389000
2018-09-06,63.35037612915039,63.646490781961596,63.09780989852082,63.55068956880706,1799900
2018-09-07,63.089134216308594,63.332989544471396,62.932369127552604,63.04558577432552,1790900
2018-09-10,63.19362258911133,63.43747785068311,63.17620720380943,63.38522505021988,1797800
2018-09-11,63.38523864746094,63.411365053297125,62.862690597060364,62.967202864964065,1518600
2018-09-12,63.50715255737305,63.65520658810233,63.22845988118248,63.367809541556525,1767300
2018-09-13,63.94260787963867,64.08195753478336,63.78584283987954,63.94260787963868,2042800
2018-09-14,63.99485778808594,64.15162280448885,63.82067074510698,64.02098418339371,3032400
2018-09-17,63.78585433959961,64.0645470555762,63.74231254793486,64.01229424775512,1796000
2018-09-18,64.23871612548828,64.343221711798,63.97743887060078,64.0035652671782,2069900
2018-09-19,64.4041976928711,64.50870994349317,64.27356568529082,64.27356568529082,1594500
2018-09-20,65.01383209228516,65.12704869554597,64.78739224120675,64.83094066645302,1827300
2018-09-21,65.04866790771484,65.22284831531314,65.03124588022104,65.1444691252609,1295800
2018-09-24,64.74385833740234,64.9267564488136,64.69160553103244,64.87449699788542,931800
2018-09-25,64.87445831298828,65.02251891701104,64.8309165484969,65.02251891701104,1031100
2018-09-26,64.8309326171875,65.27509460568074,64.75254679038777,64.92673382518942,2505900
2018-09-27,64.8309326171875,65.16187801647665,64.81351059142935,64.82222160430842,2164600
2018-09-28,64.6741714477539,64.86577387513287,64.53482181163962,64.58708124746066,4742900
2018-10-01,64.85708618164062,65.10094148796446,64.7351585284787,64.9964292233005,1648500
2018-10-02,64.63932800292969,64.76996661344917,64.48256299921746,64.55223781076862,1416800
2018-10-03,64.59579467773438,64.92674678765327,64.48257806592687,64.88319835911953,1080500
2018-10-04,63.90779113769531,64.30841155898648,63.54200814145894,64.29970718614236,2369900
2018-10-05,63.53327560424805,63.94260690429526,63.167492731908595,63.83810130908809,2577500
2018-10-08,63.42877197265625,63.47231375715481,62.88009100260395,63.19362108704601,2684300
2018-10-09,63.30685043334961,63.489741892770965,62.96719391663023,63.08041054068402,1526800
2018-10-10,61.469215393066406,63.089118696874905,61.39082954569105,63.089118696874905,8818400
2018-10-11,60.432823181152344,61.591142336559734,60.01478748169672,61.268901224621224,14971000
2018-10-12,61.16438293457031,61.39081612290688,60.38926222368934,61.39081612290688,5689200
2018-10-15,60.833431243896484,61.28631091241938,60.75505205774231,60.97278087869008,3722100
2018-10-16,62.061424255371094,62.1746408488955,61.33856298361104,61.42565318205721,8686000
2018-10-17,61.895957946777344,62.061434000999455,61.39953642866827,61.965632774297944,4446300
2018-10-18,60.90311813354492,61.68694337323846,60.6244254532714,61.538889340340134,3787500
2018-10-19,61.02503967285156,61.582424977746626,60.88569666890628,61.173093690967484,3358200
2018-10-22,60.86826705932617,61.277598295122466,60.70279103347929,61.19921246646379,2020000
2018-10-23,60.39799118041992,60.676683886562415,59.42257003120034,59.83189475228599,4222700
2018-10-24,58.725833892822266,60.30218886080869,58.53423141492285,60.25864707145945,4995800
2018-10-25,59.56190490722656,59.884146003936785,58.85646554488393,59.03064597066618,4275400
2018-10-26,58.76066589355469,59.3528886594806,58.02909346761915,58.66486466343744,9071100
2018-10-29,58.37746047973633,59.64029184581072,57.68073211924877,59.36159917270421,6536500
2018-10-30,59.21354675292969,59.265806204554934,58.32521581000097,58.36875760103724,5115500
2018-10-31,59.866722106933594,60.258638019552855,59.727379099566406,59.849306722721614,3397900
2018-11-01,60.702816009521484,60.73765343164177,59.962539062002215,60.22381640562495,4500200
2018-11-02,60.5895881652832,61.23406374391858,60.1105820054178,61.12955814144441,4146100
2018-11-05,60.7724723815918,60.87698461618552,60.441526938880266,60.58086994044839,2073300
2018-11-06,61.03374481201172,61.06858222078389,60.68537736884635,60.711503764286405,2304500
2018-11-07,62.14851760864258,62.15722862229626,61.434367313841825,61.56500594042076,1902000
2018-11-08,61.64338684082031,61.99175430651578,61.469206430250956,61.87853770410137,1668200
2018-11-09,61.1208381652832,61.28631420434991,60.74634430735524,61.26889217678674,2925900
2018-11-12,59.99735641479492,60.8682717428013,59.884139814194484,60.83343433233425,3088100
2018-11-13,60.08443832397461,60.67666093104436,59.918968952795105,60.110564717078965,3785800
2018-11-14,59.866722106933594,60.624420889018474,59.5270656360645,60.450240468670216,3351800
2018-11-15,60.441532135009766,60.58087514855714,59.3354658186146,59.61415849026677,6045200
2018-11-16,60.59830093383789,60.72893958526845,60.02349352536656,60.11058374480099,4191300
2018-11-19,59.68382263183594,60.45023232505773,59.50093122174153,60.424099285424624,11799700
2018-11-20,58.595184326171875,59.11773221297959,58.377455486288916,58.83903956371168,5946700
2018-11-21,59.13516616821289,59.48353371119995,59.04807594360568,59.15258155531104,3029500
2018-11-23,58.74324417114258,58.96968404756429,58.58647912509024,58.673575985330736,1215300
2018-11-26,59.605438232421875,59.61414260031525,59.26578183702251,59.35287202784569,4068100
2018-11-27,59.67512893676758,59.67512893676758,59.17000298139219,59.33547241308492,3520700
2018-11-28,60.88570785522461,60.88570785522461,59.63158736651706,59.88415366741278,3695100
2018-11-29,60.63312911987305,60.955363547179985,60.37185185678819,60.60699607791911,2948500
2018-11-30,60.816017150878906,60.876980956254215,60.424101278132106,60.52861350644254,3109800
2018-12-03,61.599857330322266,61.861127998217924,61.312453615534785,61.817586209181016,3838500
2018-12-04,59.875431060791016,61.50404517768501,59.805756237226625,61.43437035412062,4112400
2018-12-06,59.614158630371094,59.614158630371094,58.15102043961924,58.78679162824104,9554700
2018-12-07,58.47325897216797,59.884144301295926,58.30778292118956,59.509650416410196,9034900
2018-12-10,58.29907989501953,58.551646162234064,57.40203808241186,58.316495279681064,7898900
2018-12-11,58.37746047973633,59.09161086985661,58.072641406738185,58.95226785558208,12914300
2018-12-12,58.99580001831055,59.605444709431,58.97838463607573,59.13514965441455,5630900
2018-12-13,58.94355773925781,59.34417804767035,58.75195527772192,59.187413001373486,5521400
2018-12-14,57.9942512512207,58.569058584335345,57.907161043203715,58.3513297420144,5837000
2018-12-17,57.11463165283203,58.02908880609549,56.783679559173564,57.85490838963301,9241500
2018-12-18,57.08650588989258,57.63144495236412,56.82283088988712,57.41171243284074,8860000
2018-12-19,56.295475006103516,57.99181034981922,56.0142142923831,57.235929935166354,6191300
2018-12-20,55.80327224731445,56.567940478018,55.38138285845853,56.30425877177,14400300
2018-12-21,54.748558044433594,56.304261408169104,54.625508363943986,55.75932567192129,13965000
2018-12-24,53.7729377746582,54.81886326970168,53.737779769904165,54.62550094925824,7077900
2018-12-26,55.75932312011719,55.7681142985226,53.62352275549936,54.09814580382603,15493100
2018-12-27,56.023006439208984,56.031794265015165,54.44092956591497,55.117706149968015,13249900
2018-12-28,56.158451080322266,56.7037665814292,55.9209789795572,56.36074759680378,13396000
2018-12-31,56.43110275268555,56.64218977478311,56.08808047023349,56.41350825314841,8905900
2019-01-02,56.413509368896484,56.55423852663517,55.56035730352855,55.65710692189,6642200
2019-01-03,55.45481872558594,56.11447161293669,55.33168405677403,56.07049542481359,5111900
2019-01-04,57.22269058227539,57.37221701265732,56.158451329065194,56.22001866733895,6289000
2019-01-07,57.574493408203125,57.85594499051233,57.10833985409741,57.26665678854228,3630900
2019-01-08,57.9966926574707,58.137415138396044,57.574511794020346,58.00548319917173,4535800
2019-01-09,58.533199310302734,58.72669184428565,58.16378861190519,58.33970006598398,3461600
2019-01-10,58.80585479736328,58.80585479736328,58.11981688921598,58.24295155425084,3110900
2019-01-11,58.59476852416992,58.62995081611601,58.29572239779618,58.41006652420499,15803900
2019-01-14,58.26054382324219,58.462840337256,58.067044560360245,58.18138869406493,4467500
2019-01-15,58.78826141357422,58.85862599788437,58.427654662072875,58.427654662072875,4393300
2019-01-16,58.955379486083984,59.15767600164474,58.87622435630143,58.92899444282313,4148500
2019-01-17,59.38633346557617,59.544650389132656,58.700295700276264,58.75307248168481,3570900
2019-01-18,60.01082229614258,60.125159709157806,59.65020884609043,59.82611359078092,5224300
2019-01-22,59.21923828125,59.597439526470666,58.87621932748427,59.518277693113056,7538200
2019-01-23,59.36875534057617,59.63261915955744,58.89380449261129,59.54466007967324,4049500
2019-01-24,59.474300384521484,59.57984054060564,59.20163932385468,59.36875351810187,4520900
2019-01-25,60.13395309448242,60.248290500148805,59.9404538615582,60.00202118927632,5303400
2019-01-28,59.720584869384766,59.720584869384766,59.31599851081718,59.65901752591442,9778000
2019-01-29,59.7293815612793,59.96685368091307,59.60624016515623,59.87890129254267,3944000
2019-01-30,60.57371139526367,60.78479838169735,59.87007916003898,60.037193325730065,4186000
2019-01-31,60.969505310058594,61.05745766905693,60.51214901706633,60.60889862506496,5528500
2019-02-01,60.8991584777832,61.09265775014404,60.75843600446238,60.96072581804921,4794400
2019-02-04,61.2509651184082,61.2509651184082,60.72324418314708,60.88156113475899,2342900
2019-02-05,61.61158752441406,61.66435761251554,61.40049375133468,61.444473298310406,4445100
2019-02-06,61.37411117553711,61.58519824676894,61.29495604020155,61.54122540836152,4517600
2019-02-07,60.73204803466797,61.08385755619187,60.41541409702726,61.03988472116963,3067000
2019-02-08,60.71446228027344,60.71446228027344,60.18674121161578,60.459395643182454,3991200
2019-02-11,60.63529968261719,60.846386742052985,60.52975279773097,60.7936166547782,2323100
2019-02-12,61.382896423339844,61.45326100343566,61.08385031310049,61.08385031310049,2141700
2019-02-13,61.418094635009766,61.70834357039544,61.409297382633326,61.532432074553775,2355700
2019-02-14,61.382896423339844,61.62916574333949,61.09264756319639,61.25096451324412,5637300
2019-02-15,62.01616287231445,62.01616287231445,61.73471126839921,61.80506913662636,2482800
2019-02-19,62.22726821899414,62.350402912565144,61.83147909113554,61.857864138281116,939000
2019-02-20,62.39436721801758,62.57027196289565,62.23605026349295,62.26243530419107,1790300
2019-02-21,62.244842529296875,62.341592154763056,62.02495823693484,62.341592154763056,2037700
2019-02-22,62.623046875,62.684614211490185,62.385574780062534,62.447142116552726,1467400
2019-02-25,62.78135299682617,63.1067841251084,62.77256245765778,63.001237262070454,1959700
2019-02-26,62.825340270996094,63.01004227130725,62.69340835353496,62.70220560412199,1988300
2019-02-27,62.69340896606445,62.81654363414162,62.43834237923716,62.70220621673744,1956700
2019-02-28,62.47351837158203,62.67581485464356,62.41195104375208,62.596653027241935,7012700
2019-03-01,62.80775451660156,62.95727422974862,62.552687923996196,62.87811239257082,4186600
2019-03-04,62.623046875,63.07161273247788,62.156893225811956,63.05402494076772,3677900
2019-03-05,62.6318359375,62.79015288353866,62.49111349120759,62.67581547653011,2561500
2019-03-06,62.324005126953125,62.70220638285957,62.29762008520042,62.70220638285957,2935400
2019-03-07,61.67314529418945,62.192068974230835,61.5324161339734,62.192068974230835,3671300
2019-03-08,61.51483917236328,61.55002146861032,61.127840623982785,61.18940796483088,3024800
2019-03-11,62.33279037475586,62.3679726604301,61.708319902291585,61.708319902291585,1635700
2019-03-12,62.57026290893555,62.64062748083933,62.42074322639119,62.44712826327138,6770500
2019-03-13,62.9308967590332,63.08041649016981,62.71980297471872,62.75498527210446,3341200
2019-03-14,62.86933135986328,62.983668797149,62.77258171664563,62.90450694799942,1564200
2019-03-15,63.37943649291992,63.49378060190056,63.13316719716937,63.15955223452335,3079900
2019-03-18,63.73124694824219,63.73124694824219,63.432207604530014,63.46738988796694,1392000
2019-03-19,63.784027099609375,64.10066099025276,63.581737325792226,63.95993854459764,4977800
2019-03-20,63.625728607177734,64.05670673964072,63.282709577886756,63.64332311194711,4063800
2019-03-21,64.07430267333984,64.10948497701031,63.36187947744316,63.39706178111363,2173200
2019-03-22,62.74617385864258,63.6345082137126,62.73738331903295,63.537758595322025,4214500
2019-03-25,62.737388610839844,62.93967840429347,62.46472752222439,62.69340906773976,4008400
2019-03-26,63.168357849121094,63.38824213663688,62.89570347990902,63.14197280827295,2033200
2019-03-27,62.87811279296875,63.27390856070556,62.526296569537024,63.168361680575146,2407800
2019-03-28,63.06281280517578,63.11558959873933,62.71100330321142,62.9308875971072,1878100
2019-03-29,63.4586067199707,63.46740397036551,63.12437830832725,63.4234244287274,3205800
2019-04-01,64.23259735107422,64.26777964251184,63.924760688915,63.995125271790236,2565200
2019-04-02,64.20621490478516,64.25898498890615,64.00391839842761,64.23259994684565,1889700
2019-04-03,64.50524139404297,64.76910518241064,64.36451896115912,64.56681542695233,3175500
2019-04-04,64.60202026367188,64.61961476971103,64.38213591054796,64.47009502006787,1991000
2019-04-05,64.84828186035156,64.86586965211598,64.63718809716008,64.70755268489057,1064000
2019-04-08,64.92742919921875,64.92742919921875,64.62838980274562,64.78670675097716,1006600
2019-04-09,64.58440399169922,64.74272092455756,64.49645163129681,64.74272092455756,1170200
2019-04-10,64.85706329345703,64.85706329345703,64.6107939813193,64.68995580898385,1573000
2019-04-11,64.65477752685547,64.82188502168466,64.56682515426075,64.80429723130008,1257600
2019-04-12,65.11215209960938,65.20890174962103,64.99781465429459,65.09456430430625,1460400
2019-04-15,65.08575439453125,65.16490952350904,64.89225513213692,65.16490952350904,1522800
2019-04-16,65.15611267089844,65.32322016377559,65.07695083925279,65.30563237359645,1637000
2019-04-17,65.18250274658203,65.48154217507839,65.06816532574572,65.46395438354062,2266500
2019-04-18,65.2000961303711,65.26166347153844,64.9538267657017,65.17371108563322,2703600
2019-04-22,65.19129943847656,65.19129943847656,64.94502338670543,64.94502338670543,1286500
2019-04-23,65.54310607910156,65.5870856211477,65.11213475046064,65.18249933360005,685800
2019-04-24,65.18250274658203,65.40238704765393,65.13852320223312,65.38479254577983,3025400
2019-04-25,65.16490173339844,65.2352663131913,64.85706508472423,65.11213165372162,2909700
2019-04-26,65.41117858886719,65.42876637886971,65.05056514562567,65.2000848468223,1497000
2019-04-29,65.56949615478516,65.68383356671261,65.41996974185132,65.4463614926061,1511900
2019-04-30,65.63107299804688,65.67504583500637,65.22648666220086,65.50793831802142,1468800
2019-05-01,65.18250274658203,65.8509529007348,65.15611770410722,65.70142647615029,2759800
2019-05-02,65.0329818725586,65.33202129572197,64.76911803184342,65.16490708257996,2356200
2019-05-03,65.7190170288086,65.74540206969786,65.37599807657618,65.38478861664865,1628500
2019-05-06,65.1737060546875,65.27045568481593,64.39091847298388,64.41730351568502,2460600
2019-05-07,64.06546783447266,64.67235047365567,63.72244896284774,64.61958040427778,2985700
2019-05-08,64.03030395507812,64.4085051788007,63.9247570867129,64.02150670513046,3831500
2019-05-09,63.70488739013672,63.836819328203845,63.01005211263116,63.370665629325494,2799700
2019-05-10,64.10066223144531,64.206209100482,62.98365305306679,63.62571138628366,2358700
2019-05-13,62.49111557006836,62.948471923652725,62.27123128827408,62.81654001250901,2583300
2019-05-14,63.07160186767578,63.326668420721695,62.74617073923749,62.772562487761064,2538700
2019-05-15,63.32667922973633,63.484996196224124,62.59666173369058,62.68461411277571,1995100
2019-05-16,63.801631927490234,64.14465091282594,63.49379523684749,63.49379523684749,1074000
2019-05-17,63.317893981933594,63.819230019127424,63.27392113922327,63.29150893423987,2023600
2019-05-20,62.9308967590332,63.238733473237126,62.80776207335163,62.992464101873985,956500
2019-05-21,63.502567291259766,63.58172910885794,63.27389250783086,63.36184486379079,742800
2019-05-22,63.247528076171875,63.48500018565826,63.19475127713516,63.27391312052183,1598900
2019-05-23,62.53508377075195,62.69340071033705,62.27122667833361,62.69340071033705,2381100
2019-05-24,62.87811279296875,63.06281480044473,62.693410785492766,62.95727463065064,890300
2019-05-28,62.34159469604492,63.12438227193629,62.34159469604492,62.93968026406335,9210400
2019-05-29,61.980987548828125,62.16568955556147,61.690738662388746,62.05135213529882,7753600
2019-05-30,62.25363540649414,62.34158777519298,62.00736609000314,62.130500748248636,4759900
2019-05-31,61.64674758911133,61.875429097205014,61.44445782876061,61.57638972613524,2542200
2019-06-03,61.761112213134766,63.13318829678084,61.47086328456739,61.72592991479291,6591200
2019-06-04,62.76377487182617,62.76377487182617,62.02496013747654,62.156892059003575,4660300
2019-06-05,62.9836540222168,63.04522135251831,62.61425004040769,63.036424102379314,2512200
2019-06-06,63.317893981933594,63.423440883046176,62.91330759317521,63.06282733699812,2228900
2019-06-07,63.98634338378906,64.19743047275858,63.58175700062348,63.58175700062348,1991900
2019-06-10,64.25898742675781,64.59321586643401,64.25019688596164,64.26778467789048,2629300
2019-06-11,64.44368743896484,64.85707099499903,64.27657993464825,64.74273357516807,2006600
2019-06-12,64.07430267333984,64.32936934219703,64.05671487667377,64.22382243118562,853100
2019-06-13,64.29415893554688,64.39970580042375,64.10065970510696,64.3117534348607,1056200
2019-06-14,64.01272583007812,64.10067822104685,63.89838839285252,64.07429317478996,2140700
2019-06-17,64.0715103149414,64.20509851565913,63.99135059958702,64.08041166504009,1088000
2019-06-18,64.89977264404297,65.0422689491859,64.51680405627128,64.51680405627128,7473400
2019-06-19,65.11354064941406,65.24713564833692,64.80182351520999,64.98885379573242,5488500
2019-06-20,65.85273742675781,65.96851609477066,65.44305122272594,65.87945505822836,1740500
2019-06-21,65.67461395263672,65.90617810260242,65.60336919450442,65.63898817610952,1718300
2019-06-24,65.60338592529297,65.80822569891187,65.60338592529297,65.75479041795455,1265800
2019-06-25,65.0779037475586,65.63899449328724,65.03336982388308,65.61227685705103,3736200
2019-06-26,65.12245178222656,65.40745128870554,65.08682599455116,65.30057392567934,2500700
2019-06-27,65.3718032836914,65.4341466922042,65.22930018142108,65.29164358993387,1761300
2019-06-28,65.64791107177734,65.71025449597961,65.46088079917055,65.55885000790606,2653100
2019-07-01,66.1644515991211,66.4761686110388,65.94179561990542,66.35148180627172,2812100
2019-07-02,66.32479858398438,66.32479858398438,66.03979905453288,66.16448592398511,3807100
2019-07-03,66.74337005615234,66.74337005615234,66.42274484699357,66.49399640345605,863400
2019-07-05,66.43164825439453,66.51180795662997,66.01306063577883,66.36040349064625,2026200
2019-07-08,66.08429718017578,66.20898399488043,66.02195377282347,66.11102160754545,2741600
2019-07-09,66.0486831665039,66.119927926748,65.72805796317739,65.73695931138147,1650600
2019-07-10,66.38713836669922,66.58307680646678,66.20010807280956,66.36932207494341,3731800
2019-07-11,66.46727752685547,66.5563453773363,66.25352963453203,66.53852908927094,2890000
2019-07-12,66.66320037841797,66.66320037841797,66.42273490500237,66.52960542877757,792200
2019-07-15,66.7166748046875,66.78791959013023,66.62760693176587,66.78791959013023,1982800
2019-07-16,66.46727752685547,66.734467488452,66.42275039653804,66.6721240700692,1942500
2019-07-17,66.17339324951172,66.54745385322842,66.17339324951172,66.48511041927564,1337900
2019-07-18,66.4850845336914,66.4850845336914,65.9507114800191,66.04868066593326,1258100
2019-07-19,66.10210418701172,66.62756900452405,66.10210418701172,66.59194323462003,2375600
2019-07-22,66.26244354248047,66.33369511109385,66.11994040525371,66.2535353976729,1644700
2019-07-23,66.62759399414062,66.65431163285925,66.36041081203095,66.56525057215603,1554300
2019-07-24,66.84135437011719,66.85025572049707,66.46728701151926,66.46728701151926,1270300
2019-07-25,66.34257507324219,66.75226126830775,66.26242218058476,66.75226126830775,2079000
2019-07-26,66.672119140625,66.75227204622401,66.5474323130782,66.60086758347755,1554300
2019-07-29,66.62759399414062,66.74337948848584,66.50290715017144,66.72556319939117,1187600
2019-07-30,66.30696105957031,66.3514949822254,66.07540368754708,66.19118237355869,1605000
2019-07-31,65.69243621826172,66.36930564912669,65.13133868053504,66.32477852060602,3977300
2019-08-01,65.1580581665039,66.32477348700952,64.92649401303333,65.66571359858641,4611300
2019-08-02,64.57916259765625,64.91759734723792,64.24962919772325,64.89978785301716,3615500
2019-08-05,62.67323303222656,63.51932338029009,62.272448029256466,63.51932338029009,6066100
2019-08-06,63.385711669921875,63.4391537331842,62.78899519038325,63.19868143580927,13946200
2019-08-07,63.608360290527344,63.70632946771591,62.47727087424318,62.82461366794029,4399700
2019-08-08,64.54354095458984,64.6147925258903,63.813229336069845,63.902290402733485,4058700
2019-08-09,64.10713195800781,64.47228434124924,63.831033839541725,64.36540699265689,2800800
2019-08-12,63.385711669921875,63.89336710391957,63.26102484718014,63.777588424208595,2750800
2019-08-13,64.31197357177734,64.54353776961507,63.21650959551618,63.287754368377136,2796600
2019-08-14,62.4772834777832,63.296656038723675,62.379314280831316,63.20759498556455,4146700
2019-08-15,62.59306716918945,62.762287940160135,62.18338085598131,62.637601096789105,3528000
2019-08-16,63.44806671142578,63.51931827888794,62.94931932903764,62.94931932903764,2233300
2019-08-19,63.98244094848633,64.17837936482515,63.920097524644305,64.08931830146848,1769200
2019-08-20,63.64400100708008,64.04478595193359,63.64400100708008,63.929000463567384,1591000
2019-08-21,64.16946411132812,64.320868565722,64.0625867815031,64.23180752166219,1109900
2019-08-22,64.0715103149414,64.36541115144416,63.733068753326506,64.24963244584754,1921100
2019-08-23,62.735557556152344,64.21398988215905,62.56633681956071,63.76867787632588,3962000
2019-08-26,63.31447219848633,63.35900612721678,62.949319803606016,63.28775455921747,2992200
2019-08-27,63.14524841308594,63.74196491384542,63.05618736437776,63.62618623001704,2974100
2019-08-28,63.40352249145508,63.48367538705715,62.860241327080075,62.99383628133849,10657100
2019-08-29,64.11603546142578,64.24072230817724,63.78650884997846,64.01806625398913,3962800
2019-08-30,64.2406997680664,64.54351542887363,64.00914244530216,64.54351542887363,3108500
2019-09-03,63.89337158203125,64.00024892112442,63.62618842668235,63.813218673903386,2548800
2019-09-04,64.74836730957031,64.74836730957031,64.41884075171558,64.54352757818857,1090700
2019-09-05,65.45197296142578,65.63900323491018,65.3094766175478,65.3094766175478,1436300
2019-09-06,65.54103088378906,65.6924421602383,65.46978611272726,65.60338110021856,1332700
2019-09-09,65.62117767333984,65.78149026777892,65.44305558837284,65.78149026777892,3275500
2019-09-10,65.63008880615234,65.65680644062245,65.25602153880409,65.46086806127866,2504900
2019-09-11,66.13774871826172,66.13774871826172,65.69243666052078,65.77258956935123,1433500
2019-09-12,66.42274475097656,66.58305735532421,66.11992903390993,66.31586741643733,1732400
2019-09-13,66.49398803710938,66.72554537409403,66.44054597902543,66.62757619501531,2169800
2019-09-16,66.21791076660156,66.31587997642026,66.10213206178113,66.18228498167443,1620300
2019-09-17,66.32479858398438,66.37823387234253,66.02198276179698,66.07542484507991,1054000
2019-09-18,66.28914642333984,66.34258169044124,65.77258285828614,66.24461250414063,1051100
2019-09-19,66.36041259765625,66.65431342639282,66.28916102920708,66.47619130019348,1109300
2019-09-20,66.11104583740234,66.56525934533026,65.96854268555684,66.47619827288896,1625400
2019-09-23,66.02196502685547,66.17337629473919,65.85275106086759,65.9150944788469,928500
2019-09-24,65.63008880615234,66.29805684759397,65.43415042680857,66.23571343552297,4060600
2019-09-25,65.80823516845703,65.88839489635149,65.1580831735094,65.42526641166637,6669400
2019-09-26,65.73696899414062,65.92399925780943,65.51431294764112,65.92399925780943,6084300
2019-09-27,65.3718032836914,65.89726818473893,65.1046133643955,65.8794586944161,1993900
2019-09-30,65.68352508544922,65.79040241989591,65.4964948463593,65.52321248124038,1487900
2019-10-01,64.92649841308594,65.79040487945709,64.89978077720603,65.74587095637547,2298600
2019-10-02,63.83993148803711,64.45446425029175,63.57274155794669,64.44555610730949,2518000
2019-10-03,64.37430572509766,64.37430572509766,63.341185352781395,63.84884079325626,7861100
2019-10-04,65.05116271972656,65.07788034635544,64.4455382680975,64.46334775420998,2933400
2019-10-07,64.79292297363281,65.19370122251014,64.76620532969761,64.8730759054384,2268500
2019-10-08,63.937889099121094,64.52569732599709,63.9378890991211,64.4366362970669,2588000
2019-10-09,64.4900894165039,64.7038372815985,64.30305239025876,64.46336498781022,1536500
2019-10-10,64.99775695800781,65.1313451517654,64.4990027865937,64.51681907571032,2962500
2019-10-11,65.87944793701172,66.30694358417344,65.77257062776089,65.7992882563434,4277500
2019-10-14,65.70133972167969,65.85275098939907,65.65681259169875,65.6835302286719,1201900
2019-10-15,66.36041259765625,66.52962657906856,65.93290998188482,65.95072627145889,2847400
2019-10-16,66.37820434570312,66.47617352739721,66.19117412472036,66.2713338165254,2983200
2019-10-17,66.53852081298828,66.7611768216497,66.41383399173166,66.68102392009422,1954200
2019-10-18,66.31587219238281,66.56524586267804,66.11103244675012,66.46727666435879,1509800
2019-10-21,66.79680633544922,66.79680633544922,66.61868423652369,66.72555477791,860600
2019-10-22,66.58306121826172,66.97493121112915,66.58306121826172,66.85915252151968,1683500
2019-10-23,66.82352447509766,66.82352447509766,66.52071554565454,66.57415081675096,2133100
2019-10-24,66.97492218017578,67.10851713935592,66.77899060762304,67.0728913639131,1295200
2019-10-25,67.1619644165039,67.26883495621124,66.81461477768786,66.82352292097094,1268100
2019-10-28,67.562744140625,67.60727806317946,67.4024315323205,67.41133967581591,1142600
2019-10-29,67.48257446289062,67.61616941588179,67.30445238885014,67.37570393643496,1343600
2019-10-30,67.64289855957031,67.72305826297593,67.14415123143839,67.42024253166531,2386700
2019-10-31,67.48257446289062,67.62507755806028,67.15304794642356,67.56273415265395,3823800
2019-11-01,68.1683578491211,68.1683578491211,67.85664082605933,67.87445031526794,1985900
2019-11-04,68.46227264404297,68.63148659169667,68.39992923281851,68.57805132348204,1415500
2019-11-05,68.4800796508789,68.60476646880454,68.34648469026659,68.56914069297979,3875100
2019-11-06,68.44446563720703,68.52462534531861,68.23962588466556,68.44446563720703,1388600
2019-11-07,68.72946166992188,68.91649191962311,68.60477483678771,68.76508745009204,1212000
2019-11-08,68.72946166992188,68.72946166992188,68.32868353412248,68.52462192759695,1846200
2019-11-11,68.56913757324219,68.56913757324219,68.22179476840665,68.30195445909574,1012200
2019-11-12,68.52462005615234,68.74727607994289,68.4088345750308,68.5513376918196,1860600
2019-11-13,68.46227264404297,68.52461605526743,68.09711352478385,68.19508271312546,936400
2019-11-14,68.47118377685547,68.47118377685547,68.17728296475359,68.27525216709527,1583300
2019-11-15,68.9253921508789,68.9253921508789,68.64930087990847,68.74727006539901,2037800
2019-11-18,68.98773956298828,69.02336534113569,68.77399168902626,68.88977037181353,1281100
2019-11-19,68.90760803222656,69.24604283721958,68.80073066463295,69.15698176168715,2816200
2019-11-20,68.61367797851562,68.86305162660422,68.31977040973024,68.72055531123458,1767200
2019-11-21,68.58695983886719,68.64039510737192,68.3464875407514,68.64039510737192,955200
2019-11-22,68.64930725097656,68.74727644555924,68.46227700538854,68.71165066617257,905500
2019-11-25,69.17475891113281,69.20147654180631,68.91647715642006,68.925385298285,1427800
2019-11-26,69.22821044921875,69.30836335221737,69.05898970521419,69.13024126005003,1372300
2019-11-27,69.48648834228516,69.52211412118884,69.29945809923277,69.35290016504955,639400
2019-11-29,69.05899810791016,69.27274600350302,69.05899810791016,69.21040258416663,4851300
2019-12-02,68.61367797851562,69.14805105226579,68.45336537689835,69.14805105226579,3269300
2019-12-03,68.2663345336914,68.2663345336914,67.70523703556003,67.99914460173149,3252100
2019-12-04,68.73836517333984,68.80961672887015,68.5157091584994,68.56024307943642,2282800
2019-12-05,68.80961608886719,68.87195950064576,68.55133429866387,68.84524186630098,1986600
2019-12-06,69.35289001464844,69.4419510514115,69.2549208357326,69.30835609880613,1684300
2019-12-09,69.13023376464844,69.43304264748551,69.13023376464844,69.27273006394779,2160500
2019-12-10,69.08570861816406,69.29055514337777,68.9610217923548,69.13024253949125,2081800
2019-12-11,69.41522979736328,69.52210031793318,69.2014751663811,69.23710093821147,1249100
2019-12-12,70.02977752685547,70.190090152654,69.4152514570639,69.4419690955431,3291200
2019-12-13,70.25243377685547,70.56415767980808,69.96743430738252,70.18118900567974,3235600
2019-12-16,70.76893615722656,70.92217255052154,70.73287932166218,70.77794520826401,1588000
2019-12-17,70.75990295410156,70.87708248322456,70.74187797928899,70.859057508412,1671200
2019-12-18,70.80498504638672,70.88610775944856,70.75089636054139,70.84103500076704,2486200
2019-12-19,70.96723937988281,70.96723937988281,70.7058325017539,70.7689302394307,2847200
2019-12-20,71.09344482421875,71.28273806379252,71.09344482421875,71.21964031726793,2071800
2019-12-23,71.25567626953125,71.31877399756164,71.21961944249438,71.28271717052476,1385500
2019-12-24,71.2737045288086,71.32778633328773,71.16553404271343,71.3187772839658,1295900
2019-12-26,71.66132354736328,71.66132354736328,71.36385979910627,71.37287572766698,764600
2019-12-27,71.70637512207031,72.03988873173189,71.58017966806813,72.03988873173189,1247200
2019-12-30,71.2737045288086,71.77848637631223,71.18356589563108,71.77848637631223,1798500
2019-12-31,71.43597412109375,71.49005593867145,71.11146946135051,71.17456720757066,2046800
2020-01-02,72.17510986328125,72.20215076748717,71.7965234501235,71.90468706694722,2341600
2020-01-03,71.55313873291016,71.83257744532574,71.24666599449341,71.32778870390827,1686700
2020-01-06,71.71539306640625,71.7334249204355,71.12948847606471,71.14751345295664,2298000
2020-01-07,71.53511810302734,71.71539538632771,71.47202036615846,71.62525674467753,2312900
2020-01-08,71.88666534423828,72.13905629776943,71.49906298641895,71.54413574689424,2932900
2020-01-09,72.29228973388672,72.29228973388672,72.05793064495143,72.21116702090237,1694600
2020-01-10,72.1300277709961,72.44552328493883,72.01284824222134,72.36439370568208,3321300
2020-01-13,72.6708984375,72.6708984375,72.16610956681872,72.28329601327597,2383400
2020-01-14,72.60777282714844,72.75199325118913,72.43650462628489,72.50861827687335,1863000
2020-01-15,72.56272888183594,72.7610380611099,72.45455836301224,72.50864706099358,1618600
2020-01-16,73.09453582763672,73.10355175485424,72.84214488264605,72.87820171437863,1401800
2020-01-17,73.29285430908203,73.36496798174234,73.13961791253263,73.31989521704506,1912400
2020-01-21,72.89625549316406,73.11258967148703,72.83315773793906,72.91428047588283,2564500
2020-01-22,72.9503173828125,73.27482200018704,72.93229240501954,73.15764245168866,2105700
2020-01-23,72.95933532714844,72.97736030543967,72.42750562619597,72.72496934653526,2980400
2020-01-24,72.35539245605469,73.13961312130154,72.13905832938372,73.13059719352503,2580200
2020-01-27,71.0123062133789,71.32779490598642,70.80498801986727,70.96724032994224,1887200
2020-01-28,71.67933654785156,71.84158884913528,71.21061149810824,71.28272516026486,1828200
2020-01-29,71.67033386230469,72.05793623439415,71.63427702802451,71.95878165940815,1050700
2020-01-30,71.67033386230469,71.76047250943616,70.88611319027123,71.12047917452341,4115400
2020-01-31,70.40837860107422,71.31879483766281,70.2190853616696,71.3097789089849,5488400
2020-02-03,70.88611602783203,71.24667750792906,70.70583872635262,70.72386370564527,3539600
2020-02-04,72.10299682617188,72.26524912995244,71.85060588187709,71.89567864070293,2279400
2020-02-05,72.78807830810547,72.86019198666399,72.43653272155632,72.85117605755944,2399200
2020-02-06,72.93228912353516,73.04946866676121,72.7970777261898,73.01341183565997,3090100
2020-02-07,72.45453643798828,72.69791831240856,72.31031600033732,72.61678872855617,2062200
2020-02-10,72.81510925292969,72.83314110867096,72.24722958556292,72.24722958556292,1832600
2020-02-11,73.18468475341797,73.45510068829824,73.04947334740893,73.21172565919221,2964000
2020-02-12,73.67144775390625,73.6894727335271,73.44609768438477,73.53623633676568,2056700
2020-02-13,73.33792114257812,73.5542552659247,73.09453923631766,73.16665290314579,3010300
2020-02-14,73.4100341796875,73.4821409687593,73.14862729753128,73.4731319183364,1032800
2020-02-18,73.12159729003906,73.20272001876202,72.86019036892272,73.07652452265603,2040300
2020-02-19,73.42806243896484,73.56327384986548,73.33792379074377,73.37398062545981,2220900
2020-02-20,73.00440216064453,73.39200453175529,72.46356340208341,73.19369538228403,2419300
2020-02-21,72.43653869628906,72.7971002416827,72.2742863447189,72.7971002416827,2489600
2020-02-24,69.94865417480469,70.50752477481582,69.79541779125152,69.83147462452364,8362400
2020-02-25,68.15486907958984,70.43541046541935,68.15486907958984,70.27315815574457,7897800
2020-02-26,68.21797943115234,69.42585261095451,68.10079986027479,68.74079328978566,7015500
2020-02-27,65.82926177978516,67.81234653507381,65.65799352477765,67.04615079033819,10056300
2020-02-28,65.13518524169922,65.2343398212748,63.251255106901326,63.82815072781114,7472500
2020-03-02,67.2895278930664,67.34360970565834,64.89180000346795,65.4596865442349,7880100
2020-03-03,65.68504333496094,68.44332609419321,65.49575009434095,67.46981210488583,6983500
2020-03-04,68.38021850585938,68.38021850585938,66.68558863577216,67.17233868323288,3885200
2020-03-05,66.28897094726562,67.41572118730521,65.91038451712537,66.6945982828248,3210100
2020-03-06,65.10813903808594,65.44165270849537,64.06251151202746,64.45011387053015,4586200
2020-03-09,60.204524993896484,62.106480118043145,59.98819085420888,60.65522512990966,15532800
2020-03-10,62.971824645996094,62.971824645996094,60.2225510177822,62.38591308359037,6150500
2020-03-11,59.71775436401367,61.403374962963355,59.158883847403864,61.223090823506936,7040200
2020-03-12,53.84965133666992,56.78821457805612,53.633313768164115,55.26484942487882,10362200
2020-03-13,57.7076416015625,58.4467895394503,53.94880416902836,57.049623263161685,10082700
2020-03-16,51.2355842590332,54.39048475912498,48.49532699941129,48.49532699941129,6968800
2020-03-17,54.43556213378906,54.48063145988874,51.019254261468234,52.36234218608133,8580800
2020-03-18,51.16346740722656,52.28120502768512,48.82884104517168,50.56854348755771,9230200
2020-03-19,51.48797607421875,52.596697856190154,49.70320417358902,50.649673651996935,9173800
2020-03-20,49.856441497802734,52.95725664925305,49.84742557107256,52.37134520025942,6484800
2020-03-23,48.97307205200195,50.045736998136576,48.05364348164282,49.73926080801687,8156700
2020-03-24,52.95726013183594,53.28176474409138,51.54206213616429,51.95670539023791,5105700
2020-03-25,54.40851593017578,56.00399467651194,52.75895193464272,53.561197552268325,14629400
2020-03-26,57.27497100830078,57.47327671918106,54.88625904135498,54.976401126817805,13227500
2020-03-27,55.59836196899414,56.66201442953379,54.84118569943318,55.15667437901328,5637900
2020-03-30,56.82426834106445,56.89637856762264,55.25583051024034,55.70653060157765,6088900
2020-03-31,56.400611877441406,57.13975978782931,55.78765944854866,56.43666871174545,9648300
2020-04-01,53.81359100341797,54.91329687599789,53.45302955887351,54.19217742547775,4057600
2020-04-02,54.8952751159668,55.17470698522629,53.62430093537885,53.71443958251372,4061900
2020-04-03,54.07499313354492,54.95836481273473,53.50711011171988,54.61583181433265,3180200
2020-04-06,57.41017150878906,57.67157836476517,55.85976566481627,55.99497361756464,4577700
2020-04-07,57.47327423095703,59.48339622907152,57.46426174208541,59.38424165863966,3946300
2020-04-08,58.86143112182617,59.07776522699396,57.45524568396115,57.99608094688061,6039200
2020-04-09,59.71775436401367,60.33070668389203,59.24001342944344,59.645640708231106,5729500
2020-04-13,59.240028381347656,59.64565576251376,58.51890539578739,59.483403434619625,5530800
2020-04-14,60.763397216796875,60.96169950499787,60.204526557852745,60.321706120490404,3172500
2020-04-15,59.24903869628906,59.654666039023724,58.92453407124621,59.258047746829604,4626000
2020-04-16,59.50143051147461,59.6997396604289,58.888478086133134,59.54649639624009,2940900
2020-04-17,61.123931884765625,61.18702960976838,60.30366145972975,60.9256227841466,5653600
2020-04-20,60.2315559387207,61.06985832812585,60.09634454485461,60.22254001189305,5004300
2020-04-21,58.38368606567383,59.4293135653454,58.29354742397672,59.13184985832116,6007700
2020-04-22,59.75382995605469,59.98819597237627,59.35721160183952,59.56453670803533,4314200
2020-04-23,59.69071960449219,60.72733116233847,59.59156503687244,60.0152242117682,3718600
2020-04-24,60.303672790527344,60.447893241716514,59.519452166310344,60.05128184309314,4069900
2020-04-27,61.28620147705078,61.43042881903054,60.71832179156638,60.86254225640796,10858600
2020-04-28,61.29520797729492,62.27773080414045,61.196053414219506,62.16956719143063,2974300
2020-04-29,62.9177360534668,63.16111107898331,62.304783648785644,62.467035958175885,5434000
2020-04-30,61.94422149658203,62.49407615678951,61.62873280887387,62.43097841924788,20850300
2020-05-01,60.31269073486328,60.997749935912886,60.09634973513816,60.898595363656646,3467500
2020-05-04,60.510986328125,60.5921159133581,59.7087407880909,59.997188545438696,2017200
2020-05-05,60.93465042114258,61.538586887548234,60.88056861135627,61.13295955987579,2558800
2020-05-06,60.61014938354492,61.457467798247436,60.61014938354492,61.43944281963456,2618000
2020-05-07,61.41240310668945,61.772964620572886,61.24114171737745,61.37634626758722,3227300
2020-05-08,62.43098449707031,62.50309129189653,61.9532434552975,62.1425366863506,3530900
2020-05-11,62.49407958984375,62.71041371942237,61.93520897153282,61.980281733883274,9407000
2020-05-12,61.43943405151367,62.82758415215295,61.43943405151367,62.75547737085395,3864600
2020-05-13,60.628177642822266,61.70083917367613,60.186486605921345,61.53858686723321,13590400
2020-05-14,61.006771087646484,61.006771087646484,59.28509325571003,59.82593892419874,3847900
2020-05-15,61.06084060668945,61.06084060668945,60.31268375327518,60.47492916858141,2617100
2020-05-18,63.13405990600586,63.395466744018066,62.476034847956306,62.476034847956306,2832900
2020-05-19,62.49407958984375,63.25125248193792,62.45802275539098,62.91773879824129,3166400
2020-05-20,63.539695739746094,63.78307763562522,63.30533664825786,63.386459362125905,5505300
2020-05-21,62.9808349609375,63.584771449326134,62.73745305376501,63.3504054698254,6890400
2020-05-22,62.90871810913086,62.90871810913086,62.44900210107391,62.72843395051173,4058400
2020-05-26,64.08955383300781,64.55828579543409,63.97237428097018,64.46814027233359,6089400
2020-05-27,64.89180755615234,64.89180755615234,63.701959400679314,64.65744842288522,6271700
2020-05-28,64.94588470458984,65.69404161566972,64.80165737701843,65.21630062808,4204600
2020-05-29,65.09913635253906,65.2253318551969,64.22477688616758,64.80167257750027,7392600
2020-06-01,65.92840576171875,65.9464376157354,65.18925792119377,65.31545339076116,2545000
2020-06-02,66.6495361328125,66.6495361328125,66.07264052776902,66.21686099046084,4202900
2020-06-03,67.74022674560547,67.93853589094337,67.18135614302933,67.27149478805444,4526100
2020-06-04,67.37065124511719,67.79431045343674,67.03713756148196,67.41572400745935,4406400
2020-06-05,68.91204071044922,69.36274079848914,68.65964976148886,68.65964976148886,4274700
2020-06-08,69.71428680419922,69.75034363675091,68.90303214176782,69.19147992504374,1745700
2020-06-09,69.1013412475586,69.33570034332055,68.74978884964041,68.885000252357,5235700
2020-06-10,68.91204071044922,69.50696812768795,68.68669066642926,69.23654532400897,3593800
2020-06-11,65.0360336303711,67.298550330189,64.93687904627009,67.19037981740465,3414800
2020-06-12,65.97348022460938,66.9019212934796,64.90982775566908,66.66755532516734,4234400
2020-06-15,66.42252349853516,66.64977997785617,64.42266925463711,64.64083353289644,3099900
2020-06-16,67.5224609375,68.12242152212252,66.54071103647357,68.12242152212252,2931700
2020-06-17,67.48609161376953,67.92242716674704,67.31338138130035,67.84970341869773,3125200
2020-06-18,67.40428924560547,67.55882202396035,67.00431552721021,67.14067083441941,884300
2020-06-19,67.02249908447266,68.20422888290169,66.87705157587398,68.20422888290169,1516600
2020-06-22,67.69519805908203,67.74973742453777,66.94979667812865,67.22250044072848,1953200
2020-06-23,68.01334381103516,68.49512661433342,67.94062004649054,68.32241634268983,1623700
2020-06-24,66.4134521484375,67.62245866247748,66.03166280778895,67.4861033450117,2167300
2020-06-25,67.12248229980469,67.14975890782418,65.9134828863802,66.32254184753093,1579100
2020-06-26,65.82258605957031,66.94977653013734,65.71350042616614,66.94068432685722,1669500
2020-06-29,66.57707977294922,66.57707977294922,65.6044219750633,66.07711950291281,1806700
2020-06-30,67.01341247558594,67.34066246193261,66.30437315027464,66.3589125028926,2966800
2020-07-01,67.51335906982422,67.73153030681226,67.16793168090365,67.2224710224916,2135500
2020-07-02,68.14059448242188,68.74964029474398,68.013331385379,68.41330508198153,1674500
2020-07-06,69.44959259033203,69.48595446508504,69.08598077812033,69.27687541908482,2516900
2020-07-07,68.64056396484375,69.37687289954242,68.59510988491368,68.95872171839757,2450200
2020-07-08,69.349609375,69.36778684739251,68.6133003750122,68.84055692417579,1859800
2020-07-09,68.92236328125,69.54959355193012,68.240593660187,69.531409144923,7607400
2020-07-10,69.47687530517578,69.51323718675486,68.63148063059147,68.95873062948344,4924700
2020-07-13,68.8678207397461,70.45861644851391,68.76782731179803,69.97683371493811,3757400
2020-07-14,69.72230529785156,69.82229873257174,68.4587594612814,68.65874633072174,2962200
2020-07-15,70.41316986083984,70.70405797255415,69.94956454877904,70.5495251803071,4154700
2020-07-16,69.98591613769531,70.06773209147187,69.6950280687583,69.81320589806681,4876700
2020-07-17,70.23135375976562,70.3404324459114,69.84955755230052,70.24953122901717,4161900
2020-07-20,70.84950256347656,70.96767346995307,70.11318664295875,70.29499603982954,2587600
2020-07-21,71.06765747070312,71.49490082748693,70.94039437744648,71.41308487592569,2770400
2020-07-22,71.29491424560547,71.41308513682739,70.9222102316219,70.9858417784827,2292700
2020-07-23,70.55860137939453,71.44944298524571,70.29498300430687,71.2040090141327,1694200
2020-07-24,70.14045715332031,70.34952927238791,69.81320720273571,70.04954899513223,1128700
2020-07-27,70.9222183227539,70.94949493336478,70.37680401096392,70.51315932274123,1298500
2020-07-28,70.44043731689453,70.92222008654598,70.37680576119187,70.65860859529171,1605600
2020-07-29,71.2767333984375,71.43126615701703,70.7313122393975,70.74949664353517,911500
2020-07-30,70.81314086914062,70.87677242438183,69.81321345735617,70.30408149189158,1933100
2020-07-31,70.60404968261719,70.93129960637471,69.76774740426715,70.92220740423751,4089200
2020-08-03,71.34947204589844,71.44946549330473,70.96768266597638,71.07676831823422,5849300
2020-08-04,71.72216033935547,71.73125254220191,71.1676538661409,71.1676538661409,1868800
2020-08-05,72.2130355834961,72.38574582643197,72.06758807858299,72.19485117772258,2652800
2020-08-06,72.46757507324219,72.5039369561397,71.87670661296778,72.00396973544903,4961400
2020-08-07,72.14031219482422,72.23121341819393,71.6948913455895,71.98577942156383,4791100
2020-08-10,72.32212829589844,72.37667458847358,71.82216800531371,72.25849673399419,1113700
2020-08-11,72.06758880615234,72.9493452414634,71.92214823508967,72.86753622061293,3092900
2020-08-12,73.20387268066406,73.38568206671651,72.84935304701047,72.84935304701047,1063700
2020-08-13,73.04935455322266,73.33115048896623,72.8130057716169,73.13116359186293,2716000
2020-08-14,72.8857192993164,73.0038902058547,72.6857324303136,72.82208774420819,976100
2020-08-17,73.41295623779297,73.43113370985223,73.18569969279575,73.23114684060357,3984200
2020-08-18,73.49475860595703,73.69474545708563,73.13114677984309,73.55839015537806,930600
2020-08-19,73.09478759765625,73.67656371155321,73.02206384958954,73.56747808945316,1854600
2020-08-20,73.16751861572266,73.27660425900146,72.43120959571988,72.44030179982303,2487300
2020-08-21,73.28569793701172,73.34023729208816,72.82209261290248,72.87663196797892,8077800
2020-08-24,74.06745147705078,74.10380641885256,73.74928678607438,74.05835927394088,4682900
2020-08-25,74.35833740234375,74.35833740234375,73.931094027714,74.20379769523261,1400200
2020-08-26,74.96739196777344,74.9855694402678,74.34925387317232,74.37652354957362,4648200
2020-08-27,74.74012756347656,75.14010126951761,74.41287761041004,75.08555498712732,2263500
2020-08-28,75.31281280517578,75.34008247917916,74.86739194737652,75.08555627472244,2744400
2020-08-31,74.85829162597656,75.23099562445383,74.76739041071713,75.0491862586168,2273800
2020-09-01,75.50370025634766,75.53096992774982,74.92192414870723,75.09464131467864,3436600
2020-09-02,76.3672866821289,76.46728011067691,75.54006957965339,75.94913549698222,1787800
2020-09-03,74.04017639160156,75.98549177802417,73.59475552451352,75.94913683547414,3526500
2020-09-04,73.67656707763672,74.52196161541052,72.11304109936098,74.24015881260682,3416800
2020-09-08,71.94941711425781,72.83117353983273,71.9312327085015,72.39483796082497,2485700
2020-09-09,73.35840606689453,73.7765641906304,72.79481430374611,72.99480116240612,3072700
2020-09-10,72.27667236328125,73.90383003182055,72.131224847843,73.74020504461215,2213000
2020-09-11,72.540283203125,73.08569745838459,72.01304641773604,72.87661841062051,3274900
2020-09-14,73.4311294555664,73.73110974205981,73.15842577856064,73.28568888156046,2086900
2020-09-15,73.92198944091797,74.25833153669504,73.72200262371634,74.14924592677117,2183600
2020-09-16,73.72201538085938,74.48560091182507,73.67656823701492,74.2310747132761,1910300
2020-09-17,73.3220443725586,73.53111647985432,72.6948141800347,72.73117605419881,1413500
2020-09-18,72.63117980957031,73.43112020411745,72.19484427188763,73.43112020411745,2222700
2020-09-21,71.63125610351562,71.63125610351562,70.51315100127567,71.31309143514304,2157800
2020-09-22,71.96759796142578,72.07668359512573,71.15856525027868,71.70397954814024,2444500
2020-09-23,70.63133239746094,72.15849667858375,70.54952336907267,72.14941141008691,10125100
2020-09-24,70.66767883300781,71.29490898818142,69.94046219898483,70.22225803782841,3658200
2020-09-25,71.44036102294922,71.54035445318776,70.10409842264323,70.33135495767283,6358600
2020-09-28,72.5766372680664,72.65845321979437,72.22211765965494,72.44028890738387,2842900
2020-09-29,72.32212829589844,72.66756271936725,72.13123361018572,72.47666803365453,2188400
2020-09-30,72.64937591552734,73.194790276061,72.29485623441447,72.3857574719501,11550500
2020-10-01,73.19479370117188,73.32206376206113,72.78573464545991,73.20388590594686,3440100
2020-10-02,72.6402816772461,73.00388658249254,72.0494133032421,72.14031452955372,2635700
2020-10-05,73.8401870727539,73.85836454171648,73.07660160528025,73.07660160528025,3072500
2020-10-06,73.04935455322266,74.24926900052219,72.8766373356661,73.93111118027616,3956000
2020-10-07,74.04927062988281,74.22198782067777,73.64929689764996,73.67657350829069,3935300
2020-10-08,74.64922332763672,74.66740079748745,74.32197338777554,74.49468362497223,4290700
2020-10-09,75.28553771972656,75.34916926626697,74.91284064293798,75.03101153356491,1629200
2020-10-12,76.16731262207031,76.38547698677526,75.62189824264789,75.6855298046585,1542600
2020-10-13,75.65824127197266,75.93094492606613,75.44916222871444,75.91276745658726,4126700
2020-10-14,75.29463958740234,75.99458668919581,75.15828427436433,75.81278422869134,2160300
2020-10-15,74.90376281738281,74.98557184921488,74.13109190813887,74.17653905849454,7075900
2020-10-16,74.94920349121094,75.5491640807478,74.94920349121094,75.19464443613754,3083400
2020-10-19,74.212890625,75.4309892115344,74.05835785169393,75.29463390878011,1936400
2020-10-20,74.5674057006836,75.16736622206383,74.449234811011,74.61285977726757,3062900
2020-10-21,74.38560485839844,74.98555845731191,74.3765126558232,74.54013762558479,1718100
2020-10-22,74.62195587158203,74.74013371371998,73.94927843951122,74.45833781690371,3429900
2020-10-23,74.94011688232422,74.94920215025587,74.440149733322,74.93102467907353,1409500
2020-10-26,73.67656707763672,74.31288256399607,72.97661310732278,74.09471824514696,4996000
2020-10-27,73.4311294555664,73.76747161939105,73.34932043306037,73.70384006789114,3414200
2020-10-28,71.0858383178711,72.14940412679057,71.0131215006397,72.04031849796533,6290500
2020-10-29,71.64942932128906,72.19484353634701,70.82221926443674,71.1858241175967,7900400
2020-10-30,71.03129577636719,71.47671660389554,70.30407215421121,71.25855229137612,11588400
2020-11-02,71.81306457519531,72.0857751894819,71.23128840434836,71.75852522646561,6132900
2020-11-03,73.13115692138672,73.48567659379856,72.54938069305345,72.67664380954386,3304100
2020-11-04,74.67650604248047,75.38554539090873,73.76747981417351,73.949282285707,7627400
2020-11-05,76.19457244873047,76.45819086735128,75.82187532952119,76.04003966601734,3062400
2020-11-06,76.29456329345703,76.56727390631706,75.84005022890298,76.26729361923483,2643200
2020-11-09,77.403564453125,79.52159667478185,77.34901817769645,79.48523480293545,9397600
2020-11-10,77.33995056152344,77.65810834364109,76.75817434984559,77.42175959035961,14894200
2020-11-11,77.98534393310547,78.06715294683926,77.63082433628927,77.76717962783047,4449400
2020-11-12,77.13996124267578,77.88536242371266,76.83998094248162,77.69446776049436,4812400
2020-11-13,78.1762466430664,78.29441754243994,77.5490163983723,77.7217335811881,1692600
2020-11-16,79.13981628417969,79.13981628417969,78.63076384736023,78.93074414847996,3428400
2020-11-17,78.94892883300781,79.15800792312793,78.45805382323529,78.67622511779193,2094300
2020-11-18,78.28532409667969,79.21252759451222,78.28532409667969,79.0761723031291,3746700
2020-11-19,78.685302734375,78.73984902036922,77.93081628720063,78.1853425041095,1777900
2020-11-20,78.49440002441406,78.8216499655526,78.49440002441406,78.73074874530712,5055600
2020-11-23,78.78529357910156,79.17617509517521,78.40350426628146,79.00346484527222,4984800
2020-11-24,79.95793151855469,80.06701714262375,79.23980009789985,79.5125106904133,3358800
2020-11-25,79.87614440917969,80.01249280751347,79.50344029287972,79.75796655019658,1404000
2020-11-27,80.36699676513672,80.41244390664683,80.13974025163094,80.23064146996957,1755400
2020-11-30,79.38525390625,80.13065505833745,79.17617484399615,80.13065505833745,10556400
2020-12-01,80.51244354248047,80.7760619507351,80.24882513422584,80.35791076584398,4099800
2020-12-02,80.67606353759766,80.67606353759766,80.08519520631492,80.20337303376257,2767100
2020-12-03,80.81243133544922,81.13058912141044,80.63062193252881,80.82152353942513,1967200
2020-12-04,81.52146911621094,81.53056132001372,81.11241010423859,81.16694945641639,1982500
2020-12-07,81.33056640625,81.48509917901974,81.09421767798413,81.31238200044253,915600
2020-12-08,81.61235809326172,81.68508184212479,81.07603604986305,81.07603604986305,898100
2020-12-09,81.03968811035156,81.90326023680839,80.69425371151316,81.90326023680839,1321200
2020-12-10,81.25784301757812,81.37601391458091,80.57607343843837,80.64879719135645,2972900
2020-12-11,81.04877471923828,81.07604439403886,80.47608380714952,80.82151818214125,1448100
2020-12-14,80.80692291259766,81.67719779604019,80.80692291259766,81.558103649654,1317200
2020-12-15,81.83292388916016,81.83292388916016,81.14586812224162,81.37488671121446,1538100
2020-12-16,82.03446960449219,82.19936328467674,81.74132606073003,81.95201926985322,2613900
2020-12-17,82.62074279785156,82.62989850864356,82.41004263506802,82.56577358763852,3016300
2020-12-18,82.24514770507812,82.63905992487386,81.93368580477514,82.63905992487386,3019900
2020-12-21,81.72299194335938,81.91536671821193,80.55958059379604,80.8985236303537,5624100
2020-12-22,81.58558654785156,81.759642926165,81.30160571089237,81.71383640900044,2627300
2020-12-23,81.97035217285156,82.26349574343585,81.92454565062832,82.05279552594057,4822800
2020-12-24,82.07109832763672,82.10774214062515,81.81459862581038,82.04361721516857,584200
2020-12-28,82.61157989501953,82.74899243657624,82.50164846395572,82.74899243657624,2035300
2020-12-29,82.77648162841797,83.2619999321056,82.63906907344585,83.15206849030933,2479800
2020-12-30,83.05131530761719,83.3536145728357,83.03298990421389,83.17956517506592,946400
2020-12-31,83.10627746582031,83.19788351547466,82.73984627810933,83.02382712876589,4451900
2021-01-04,82.64823150634766,83.93989274507648,81.93369460971986,83.91241163198968,5006200
2021-01-05,83.50019073486328,83.646759018186,82.69404071476052,82.73984723466405,1805800
2021-01-06,83.9673843383789,84.66359586250009,83.10627215069523,83.20704089559834,9674400
2021-01-07,84.8468017578125,84.99337000729675,84.28799589165143,84.36127652184754,4807800
2021-01-08,85.59798431396484,85.64378383523417,84.73687224063161,85.46973447186315,3654600
2021-01-11,84.8468017578125,85.22238857575319,84.57197668002796,84.61778318935608,3317200
2021-01-12,85.14910888671875,85.23155921336983,84.56282185599454,84.8926091844135,9483200
2021-01-13,85.20407104492188,85.46057072598585,84.89260215427839,85.08497691507637,2172700
2021-01-14,85.33231353759766,85.77202524181799,85.25902592386376,85.56133208869744,4452800
2021-01-15,84.43458557128906,84.90178552646493,84.03151754108654,84.70024801681676,6946900
2021-01-19,85.22239685058594,85.31400288904476,84.90177222143367,85.21323415001223,4114200
2021-01-20,86.28504943847656,86.38581818098032,85.707918097029,85.82701224131144,2434800
2021-01-21,86.3033676147461,86.45909858397333,86.04686790329114,86.41329905783806,4978200
2021-01-22,85.90029907226562,86.12931768735432,85.66212474472069,85.67128045717693,4028400
2021-01-25,86.18428802490234,86.23925025672628,85.00255111703275,86.07435657216091,5147600
2021-01-26,85.91861724853516,86.37665444018589,85.85449232126777,86.3125295129185,1123200
2021-01-27,83.80247497558594,84.86511746504969,83.49100609807792,84.80099254748802,5122000
2021-01-28,84.50785827636719,85.2682016596506,84.04982110413756,84.159752541546,5900200
2021-01-29,82.8497543334961,84.04980931997497,82.41919833371132,83.76582854951762,5009100
2021-02-01,84.2605209350586,84.38877078363264,83.38108341756143,83.81163947595684,5182200
2021-02-02,85.33231353759766,85.56133208869744,84.97504515700932,85.00252626488665,2432600
2021-02-03,85.4789047241211,85.79953637301259,85.20408658247705,85.53387394372463,2321800
2021-02-04,86.06517791748047,86.11098442823878,85.49721632299412,85.62546616620668,2253100
2021-02-05,86.55986785888672,86.68811771540344,86.2300805166743,86.52322404429724,3502100
2021-02-08,87.21028137207031,87.21028137207031,86.80721338270205,86.98126276868872,4352900
2021-02-09,87.38433837890625,87.56755046729883,87.06371372967266,87.1186759583718,4538000
2021-02-10,87.40264892578125,87.92481097695313,86.88047988551739,87.92481097695313,1697500
2021-02-11,87.83322143554688,87.93399019069732,87.31105924481001,87.81490302056218,3749900
2021-02-12,88.25460052490234,88.272925926002,87.56754475461223,87.56754475461223,3231800
2021-02-16,88.41949462890625,88.80425117389197,88.18132032616836,88.7401262479098,2324400
2021-02-17,88.24543762207031,88.2545933327813,87.54005650816407,87.95229413019935,3662600
2021-02-18,87.63168334960938,87.77825162411608,86.95378323909944,87.37517663830945,2689800
2021-02-19,87.78740692138672,88.217962985532,87.66831278248283,88.06222503381865,2532400
2021-02-22,86.8804931640625,87.4576245118908,86.84385633828605,86.94462508190391,1454900
2021-02-23,86.94463348388672,87.2286143402018,85.34150312116452,86.38582748403891,8551800
2021-02-24,87.43929290771484,87.54006164418503,86.14763172337638,86.41329412051665,5469700
2021-02-25,85.50638580322266,87.60419713229089,85.24073036314043,87.32021628931743,3548400
2021-02-26,84.74605560302734,85.65296741875017,84.37046169594475,85.57967977993982,6675200
2021-03-01,86.69728088378906,86.96294329917556,85.95526285435672,85.9644185662337,2072400
2021-03-02,86.13847351074219,86.76140437360611,86.1293108099241,86.74308596106287,2412900
2021-03-03,85.19491577148438,86.30336491218569,85.19491577148438,86.06518362082481,4099000
2021-03-04,83.97652435302734,85.6529418985849,83.2253437517692,85.15826096764536,6803700
2021-03-05,85.15827178955078,85.37812767932145,83.13374828972626,84.80100334776367,4522900
2021-03-08,84.40709686279297,85.5796710071825,84.40709686279297,84.98422123380223,5031100
2021-03-09,85.84532928466797,86.30336647452688,85.39645479555223,85.43309860943208,4650400
2021-03-10,86.23008728027344,86.52323083088957,85.88198149800853,86.37666255012827,2851400
2021-03-11,87.34769439697266,87.6133568170009,86.8072138448792,86.99042593292268,1440300
2021-03-12,87.18279266357422,87.22859917589766,86.52321802503478,86.71559978551922,2681700
2021-03-15,87.64999389648438,87.66831230824369,86.72475684805548,87.15531290987168,866800
2021-03-16,87.64083862304688,87.97062597540267,87.41182001663832,87.77825118471065,2422400
2021-03-17,87.89734649658203,88.1538532303893,86.95379086891744,87.21029061363086,1891400
2021-03-18,86.71559143066406,87.79655233078688,86.5873346063342,87.31103409894409,1612700
2021-03-19,86.77972412109375,87.10950444903558,86.16594900994562,86.67895538593923,5386000
2021-03-22,87.21944427490234,87.48510669413066,86.78888818129413,86.79805088239665,6435500
2021-03-23,86.23008728027344,87.05455570047303,86.11100011533655,86.77973755313553,3479600
2021-03-24,85.51553344726562,86.55070186645435,85.51553344726562,86.27587678422375,5616000
2021-03-25,85.90029907226562,86.10183657179863,84.92009967924976,85.26821244720439,4317700
2021-03-26,87.32936096191406,87.42096699017826,86.15678702631163,86.29419257416195,2965100
2021-03-29,87.12783813476562,87.29273180896308,86.55986948162032,86.97210716166055,8201800
2021-03-30,86.99040985107422,87.08201587816082,86.58733494498293,86.82551620668158,2982400
2021-03-31,87.16448211669922,87.5767128084345,86.90798239836677,86.90798239836677,2264700
2021-04-01,88.3004150390625,88.30957774044252,87.79657129956165,87.80573400094165,2815600
2021-04-05,89.2806167602539,89.40886662657124,88.74013617921563,88.80426111237429,2846500
2021-04-06,89.1798324584961,89.39053262447177,88.92333277058992,88.99662039258948,2061800
2021-04-07,89.03327941894531,89.17068499731106,88.8134165153731,88.95999178442125,4297700
2021-04-08,89.58290100097656,89.65618861774895,89.30807593262601,89.53709449322086,1939800
2021-04-09,89.98599243164062,89.98599243164062,89.40886107992252,89.46383029714377,1636300
2021-04-12,89.7386474609375,89.77529127565954,89.49131044792998,89.69284793435472,2863600
2021-04-13,90.16004180908203,90.25164785231856,89.75697382102274,89.81193604914604,1240400
2021-04-14,90.1050796508789,90.48982922622669,89.9310232762293,90.24249221038686,2972900
2021-04-15,90.95703887939453,90.97535729438171,90.59060767780618,90.64556991186159,1906100
2021-04-16,91.31429290771484,91.35093672097587,90.92038065152488,91.2043614679318,2934300
2021-04-19,90.93870544433594,91.19521215516086,90.57228126420108,91.06696229429501,2254100
2021-04-20,89.96766662597656,90.5356352740946,89.62871657948938,90.44402923126087,2495400
2021-04-21,90.7646484375,90.83793606301313,89.68368042300554,89.72947994713176,6945000
2021-04-22,90.21500396728516,90.99366575750759,89.96765998189797,90.85625320885832,2419400
2021-04-23,91.19522094726562,91.47003910886191,90.4531958360397,90.4531958360397,1241100
2021-04-26,91.3875732421875,91.49749768410663,91.21351689035927,91.25932340055371,2320700
2021-04-27,91.35093688964844,91.41506181570043,91.11275559755843,91.35093688964844,3614200
2021-04-28,91.49750518798828,91.77233029350943,91.2318427830759,91.36925533583648,1898300
2021-04-29,91.71737670898438,92.05631978342142,91.03032086954488,92.0380013695708,4661200
2021-04-30,90.86541748046875,91.2868108449455,90.62723619129748,91.04862955577423,2139000
2021-05-03,91.22268676757812,91.47918647102699,91.09443691585369,91.451705358385,1676400
2021-05-04,90.36158752441406,90.69137490136471,89.59208830425838,90.63641266823751,2401100
2021-05-05,90.6913833618164,91.0394891859191,90.47152741970389,90.92040200666948,1640800
2021-05-06,91.34178161621094,91.38758813386958,90.34326383091111,90.81045676338131,3563700
2021-05-07,92.16626739501953,92.32199840188393,91.51585525832591,91.57081749860872,3491400
2021-05-10,91.25933074951172,92.23953004041357,91.20436153503339,92.20288622712559,2500000
2021-05-11,90.50816345214844,90.62725062114903,89.57376354767251,89.8577444063398,2581000
2021-05-12,88.63935852050781,90.02262579521275,88.4286583389653,89.72032656304178,4579500
2021-05-13,89.3539047241211,89.70201050696544,88.7950987377831,88.86838637283252,5864100
2021-05-14,90.7646484375,90.92954210035823,90.12339219789905,90.13255489836135,16310500
2021-05-17,90.62724304199219,90.62724304199219,90.16004312882616,90.38906173481632,1907800
2021-05-18,90.3799057006836,91.08527992941892,90.37074299953055,90.92038625412982,1210400
2021-05-19,89.95850372314453,90.0134729399959,88.95082327604807,89.28977332177482,4550700
2021-05-20,90.9936752319336,91.20436843792001,90.26081288889226,90.29745670495366,1548000
2021-05-21,90.89290618896484,91.42423103648441,90.6913686958303,91.27765577271629,2376100
2021-05-24,91.60742950439453,91.86392918875208,91.23183568866226,91.25016108845477,1764200
2021-05-25,91.60742950439453,92.08378506261681,91.50666077281232,92.07462935181276,2236800
2021-05-26,91.82731628417969,91.92808504967721,91.59829763333889,91.70822910181651,1606700
2021-05-27,91.92807006835938,92.1662513833644,91.8822705391118,92.03800151892172,2723700
2021-05-28,92.20289611816406,92.45939584960306,92.15708959936703,92.24869564786759,1943200
2021-06-01,92.50520324707031,93.05484653238807,92.36779067846747,93.04568383072294,3465900
2021-06-02,92.60595703125,92.78001340242533,92.43190764916764,92.52351369064672,1081700
2021-06-03,92.12042999267578,92.37692968015064,91.71736205054054,92.10211158175285,1478000
2021-06-04,92.9723892211914,93.02735843796512,92.63344616503655,92.65176457789909,1121600
2021-06-07,92.9998779296875,93.02736603486564,92.77085931019161,93.00904063141354,2279500
2021-06-08,92.95407104492188,93.15560853238802,92.58763988490097,93.14644583138691,1453300
2021-06-09,92.71588897705078,93.08232013404631,92.68840786336739,92.99986980390314,1382300
2021-06-10,93.18091583251953,93.32854716321845,92.79339414860884,93.03329154126992,2076400
2021-06-11,93.3562240600586,93.3562240600586,93.02406061332634,93.31931622826066,3325000
2021-06-14,93.59611511230469,93.59611511230469,93.2178151415666,93.36544645876644,1013900
2021-06-15,93.41158294677734,93.56844299288703,93.20859339018179,93.53153516082882,3848000
2021-06-16,92.81185150146484,93.45772806250704,92.3412924383546,93.45772806250704,3501000
2021-06-17,92.63654327392578,92.87644067211475,92.15674847754784,92.60886415864425,3225800
2021-06-18,91.40937805175781,91.87994409820477,91.37247022071796,91.74154149166755,3506400
2021-06-21,92.48892974853516,92.56274542979871,91.52934701046144,91.76924445484256,2354700
2021-06-22,92.86721801757812,93.00562064247211,92.18444065140433,92.36897279162972,1620100
2021-06-23,92.69190216064453,93.09788129284598,92.62731521138062,92.86721261126779,2294700
2021-06-24,93.34700012207031,93.41158707116158,93.21782622388778,93.28241317297905,2866200
2021-06-25,93.72529602050781,93.78065424888291,93.52230646386685,93.66070907425379,3247400
2021-06-28,93.69761657714844,93.74374608748258,93.40236096110318,93.67915914145546,3817400
2021-06-29,93.7345199584961,93.77142779145225,93.54998783316464,93.77142779145225,1806900
2021-06-30,93.3654556274414,93.53153735587645,93.27318252540577,93.35622690934798,2264300
2021-07-01,93.75297546386719,93.75297546386719,93.32854595278643,93.44849112783669,3398100
2021-07-02,94.18663787841797,94.2419961094475,93.7253005146398,93.89138224717793,2150500
2021-07-06,93.78987884521484,94.16817178823614,93.24549714546855,94.16817178823614,1564800
2021-07-07,93.99287414550781,94.15895587294851,93.49462896318575,94.09436892557986,4506600
2021-07-08,92.95948028564453,93.13479073930337,92.32283246084104,92.5442794673942,4030900
2021-07-09,94.18663787841797,94.2419961094475,93.46695271723596,93.52231094826548,3636800
2021-07-12,94.46343994140625,94.52802689340213,94.0943756668297,94.16818429807513,3517100
2021-07-13,94.1405029296875,94.60184030132329,94.08514469771508,94.31581338353298,3193800
2021-07-14,94.26968383789062,94.66643428856685,94.10360209017848,94.63875517052318,2846100
2021-07-15,93.87291717529297,94.16817278251813,93.48539551070664,93.9559615545323,9559900
2021-07-16,93.16246795654297,94.08514268002747,93.07020189208441,94.06668524346607,2193400
2021-07-19,91.75077819824219,91.99989728014137,91.1787173264872,91.9076312142324,5313800
2021-07-20,92.7657241821289,93.0517511142532,91.58470157786735,91.72310420418394,2012700
2021-07-21,93.74375915527344,93.7529878744064,93.03330264993824,93.10711832410168,2447700
2021-07-22,93.9006118774414,93.99288498957023,93.55922670458517,93.8452536417242,1328600
2021-07-23,94.4911117553711,94.59259948786067,94.00208829082793,94.25121438174881,2398300
2021-07-26,94.43576049804688,94.43576049804688,94.12205445785216,94.14973357440466,4286300
2021-07-27,93.79911804199219,93.94674234081428,93.11633366165982,93.94674234081428,2535900
2021-07-28,94.2327651977539,94.48189131048716,93.76220616605661,94.03900435421102,3241300
2021-07-29,94.74946594238281,94.94322678208604,94.67565027789134,94.71255811013708,3545800
2021-07-30,94.21431732177734,94.55570950636297,94.00209903634313,94.14050165384809,3702800
2021-08-02,94.26044464111328,94.82326969545785,94.18662898041441,94.75868275220854,3627300
2021-08-03,94.93399810791016,94.98013465810091,94.02055213761709,94.48188948172762,2426300
2021-08-04,94.740234375,95.05394038047977,94.63873959923912,94.86940826425038,2425600
2021-08-05,95.14622497558594,95.19235449049312,94.90632756393913,94.96168579760769,2043200
2021-08-06,94.98936462402344,95.22003331620363,94.89709855504132,95.10008813047186,3360000
2021-08-09,95.0354995727539,95.17390219361388,94.84173871932983,95.09085780531801,805700
2021-08-10,95.15544128417969,95.28461518174878,94.98935955309808,95.15544128417969,1176000
2021-08-11,95.45069885253906,95.52451452106415,95.18312937317243,95.48760668680161,4213500
2021-08-12,95.496826171875,95.51527656749755,95.07239667806721,95.31229405785385,2602800
2021-08-13,95.73673248291016,95.74595416185726,95.46915596500311,95.62600898049875,1848500
2021-08-16,95.60755157470703,95.60755157470703,94.86018030725235,95.28460980954252,2426100
2021-08-17,94.7217788696289,94.96166919989705,94.15894679420609,94.81404492276654,3818900
2021-08-18,94.07591247558594,94.98013678767408,94.01132552754031,94.73101067417711,3195200
2021-08-19,93.57766723632812,93.89138029769735,93.04251421598903,93.08865076718871,3991600
2021-08-20,94.13126373291016,94.22353682852558,93.38389952667752,93.4946230177467,2399900
2021-08-23,95.08163452148438,95.26616665321683,94.65719794749049,94.65719794749049,3127300
2021-08-24,95.51527404785156,95.6536766494409,95.31229154356244,95.40455759813908,3243200
2021-08-25,95.63524627685547,95.72751235074928,95.39534885317138,95.46916452806653,10848000
2021-08-26,95.02626037597656,95.52450553246295,94.98935254518695,95.41378907954305,3598100
2021-08-27,95.93973541259766,95.9950936517884,95.19236398627,95.19236398627,2517600
2021-08-30,96.19805908203125,96.37336247524719,95.93048259407674,96.09656430937785,1856600
2021-08-31,96.26265716552734,96.41951018161805,96.16116238112757,96.41951018161805,5907800
2021-09-01,96.65940856933594,96.96388588618728,96.59482161855539,96.6040432976314,2981600
2021-09-02,96.92698669433594,97.12074754988275,96.75167623669606,97.01925276277017,1206700
2021-09-03,97.1484146118164,97.25913810386824,96.81625117510983,96.86238772332699,1299600
2021-09-07,97.00080108642578,97.19456195348032,96.90853501251175,97.18534027370406,3807200
2021-09-08,96.48408508300781,96.797798115463,96.17037909000135,96.70552502156818,2538000
2021-09-09,96.22573852539062,96.7885706158761,96.09656463965122,96.3825915238672,2336800
2021-09-10,95.66291809082031,96.78858240894625,95.66291809082031,96.76090329283655,1700500
2021-09-13,96.01353454589844,96.37337714391315,95.57987627663714,96.34569802705815,2490400
2021-09-14,95.44147491455078,96.28110524593917,95.32152269617427,96.22574701558044,1780800
2021-09-15,96.01353454589844,96.11502933400001,95.266170233014,95.46915980921715,3472100
2021-09-16,95.76441192626953,95.96740149499344,95.23848760705289,95.77364064469779,1936500
2021-09-17,94.81404876708984,95.67213647101426,94.72178271021119,95.52450514844928,3500400
2021-09-20,93.14400482177734,93.51307609648264,92.10138498222527,93.04251004524717,3431700
2021-09-21,93.3654556274414,94.0851407708435,93.23628173193075,93.86370081274654,2911300
2021-09-22,94.2235336303711,94.80481609999437,93.86369109592117,93.92827803699042,4614000
2021-09-23,95.2569351196289,95.56141946349354,94.7125604194916,94.7125604194916,1882600
2021-09-24,94.98936462402344,95.0908594117387,94.62952202737831,94.62952202737831,1413700
2021-09-27,94.88785552978516,95.09084507461037,94.5741495346544,94.77713907947961,6260400
2021-09-28,93.01484680175781,94.12206081478675,92.79340681493213,94.0205660209395,6237800
2021-09-29,92.85797882080078,93.47616916419518,92.79339187506478,93.24550049521676,2917400
2021-09-30,92.19365692138672,93.4208159962873,92.19365692138672,93.19937603311975,2935600
2021-10-01,92.96869659423828,93.25472347354393,91.75998805635737,92.62730445095993,3101500
2021-10-04,91.8245849609375,92.76571711664918,91.35402592253112,92.67345105261555,6345700
2021-10-05,92.61808776855469,93.05174602220569,91.96298954858494,92.10139216732776,3388900
2021-10-06,92.69190216064453,92.72880999443097,91.28943967400694,91.63082481749497,6572800
2021-10-07,93.70684051513672,94.15895618767772,93.42081361004088,93.4392640067296,5346200
2021-10-08,93.60533905029297,93.95595991738455,93.45771476897717,93.93750248256455,2709600
2021-10-11,93.0517349243164,94.09436176030624,93.0517349243164,93.60533829381211,1972800
2021-10-12,92.93180084228516,93.39313821180448,92.8118486209624,93.24550687462249,2454200
2021-10-13,93.6330337524414,93.75297893192861,92.87644076305793,93.33777812340028,3185600
2021-10-14,94.84173583984375,94.90632278902419,94.2881324126615,94.44498542646406,3027500
2021-10-15,95.61677551269531,95.66291206293747,95.22925383267845,95.35842772601741,2024600
2021-10-18,95.67214965820312,95.71827917327637,94.98936525640035,95.11853916172522,4443100
2021-10-19,96.48408508300781,96.48408508300781,96.03197648860785,96.09656343066499,2740100
2021-10-20,96.77011108398438,96.84392674264976,96.52099203529954,96.56712858182757,1264700
2021-10-21,96.78858184814453,96.79781056661085,96.39183142748828,96.45641837785327,1157100
2021-10-22,96.79781341552734,97.14842729362074,96.37337682698028,96.82549253229132,3291500
2021-10-25,97.12997436523438,97.21301875883132,96.55792048702274,96.89008398251022,1513400
2021-10-26,97.07461547851562,97.65589807199771,96.99157812492537,97.4990450444716,6043500
2021-10-27,96.59481048583984,97.24067991920779,96.54867393797834,97.09305563705891,4294300
2021-10-28,97.43446350097656,97.43446350097656,96.76091479739202,96.76091479739202,2209200
2021-10-29,97.16686248779297,97.24990686454063,96.66861734565312,96.70552517538,2908600
2021-11-01,97.65589141845703,97.68357757388424,97.1945540469652,97.47135928564015,1700000
2021-11-02,97.71125030517578,97.7850659692591,97.45290252033335,97.55439729858561,2185600
2021-11-03,98.33866119384766,98.42169852944971,97.48057352871676,97.57283958142413,1696500
2021-11-04,98.55088806152344,98.60625333349903,98.1910454712058,98.36635592680403,2515300
2021-11-05,98.7446517944336,99.05836487994483,98.41249535014215,98.93841969282431,1733500
2021-11-08,98.92918395996094,99.08603697187081,98.81846046008074,99.05835785676312,2516600
2021-11-09,98.68006896972656,99.0768194230462,98.40327074799555,99.0768194230462,2839400
2021-11-10,97.7850570678711,98.6985029495412,97.52670226709756,98.40324735953426,2624400
2021-11-11,98.10799407958984,98.34788441249809,98.08953664509,98.21871052879405,3283100
2021-11-12,98.79077911376953,98.82768694622936,98.2002678733108,98.35712088167813,3337800
2021-11-15,98.73542022705078,99.00299673101505,98.57856018027915,98.99376801309926,2585500
2021-11-16,98.93842315673828,99.15063442133888,98.661617897446,98.68006829632209,2595900
2021-11-17,98.6615982055664,98.82767992010346,98.5139668862229,98.82767992010346,3437700
2021-11-18,98.68929290771484,98.79078769593413,98.10801033473615,98.68929290771484,1730900
2021-11-19,98.33866119384766,98.78154106262248,98.30175336487498,98.56932984534038,1969900
2021-11-22,97.74816131591797,98.87382559172221,97.71125348267609,98.51397597747629,5876700
2021-11-23,97.72047424316406,98.01572984560606,97.06536905577981,97.62820114784876,2681400
2021-11-24,97.75737762451172,97.79428545572613,96.90851862492741,97.07460034566773,2439700
2021-11-26,95.37689208984375,96.34569636025752,95.19235291491988,96.11502767118999,4094700
2021-11-29,96.2349624633789,96.65016321271379,95.73671734050795,96.41949456542808,4160000
2021-11-30,94.92477416992188,96.27187843782421,94.57416030494441,95.83822722566113,7431500
2021-12-01,93.87291717529297,96.64094113282212,93.87291717529297,96.09656646677689,5985000
2021-12-02,95.22926330566406,95.57065550884819,94.13127806361102,94.20509373556163,8715500
2021-12-03,94.41730499267578,95.7367301127526,93.63303289516425,95.53374054974857,7075400
2021-12-06,95.36766052246094,95.67214487240261,94.3434910104386,94.86018660589147,6256200
2021-12-07,97.43446350097656,97.47137133999429,96.59483304153753,96.59483304153753,6047800
2021-12-08,97.71125030517578,97.7850659692591,97.22223384965987,97.52671114496749,4336700
2021-12-09,96.93620300292969,97.50826385864721,96.90852388787793,97.31450301383549,6138700
2021-12-10,97.46212768554688,97.5636224674302,96.85316603369635,97.39754073702562,3963500
2021-12-13,96.49042510986328,97.29163998610231,96.49042510986328,97.29163998610231,3633400
2021-12-14,95.96870422363281,96.3786229800468,95.41903025942615,95.90348939139307,5586700
2021-12-15,97.16120147705078,97.24504606657256,95.4190237799726,95.9034828790422,3676900
2021-12-16,96.69538879394531,97.80404808407455,96.31341111627987,97.72019637839128,4886500
2021-12-17,95.74510955810547,96.53701313078747,95.40972405136472,95.96870937311131,4335900
2021-12-20,94.84141540527344,94.89731180220183,94.12404514123548,94.63645247269116,4003800
2021-12-21,96.387939453125,96.4624727192769,95.23270225930446,95.53082821602858,3683100
2021-12-22,97.29163360595703,97.32890023820846,96.27613742378483,96.29477429385221,5294100
2021-12-23,97.91584014892578,98.19533635526817,97.45933631259142,97.50592138294307,3693300
2021-12-27,98.98722839355469,98.98722839355469,98.05558389102713,98.09285052407424,2712200
2021-12-28,98.8847427368164,99.25740194360294,98.79157971209057,99.08970565594316,7115000
2021-12-29,98.8940658569336,99.05244371725927,98.5493548304452,98.87542898637557,7856400
2021-12-30,98.77379608154297,99.1933209675037,98.70853760319005,98.93228705409206,2156000
2021-12-31,98.61532592773438,99.01620152551548,98.55939211355523,98.77380980966973,5529600
2022-01-03,99.13738250732422,99.15603185168229,98.40089699592063,98.93228950787159,12987500
2022-01-04,99.05348205566406,99.54758299283684,98.71786498274655,99.50097385710106,9016100
2022-01-05,97.44064331054688,99.2306031857764,97.39403418048445,99.10940379980606,6835700
2022-01-06,97.23555755615234,97.8415260804427,96.76942354507325,97.25419978703366,6908700
2022-01-07,97.2169189453125,97.6271191963929,96.74146020998216,97.36608525939313,4589400
2022-01-10,96.93724060058594,96.93724060058594,95.38034746102394,96.53636503128956,12844900
2022-01-11,98.09324645996094,98.09324645996094,96.56432740981255,97.03977899954738,7804600
2022-01-12,98.68991088867188,98.89501102792568,98.16784297976534,98.62465240005855,4580800
2022-01-13,97.36608123779297,98.93229190774227,97.22623960227871,98.85770875378253,5320100
2022-01-14,97.39405059814453,97.4313421760647,96.49907406598409,96.86265805990423,6341200
2022-01-18,95.70664978027344,96.36855930002753,95.51086721356181,96.26600923656576,8446000
2022-01-19,95.12863159179688,96.40584136629738,95.09134001670482,96.12615810942728,6159500
2022-01-20,94.38282012939453,96.56433117450077,94.33621099213876,95.68799688745523,10613600
2022-01-21,92.7793197631836,94.45740521683076,92.70474371952027,94.09382122064741,8781100
2022-01-24,92.63015747070312,92.66744904761043,89.12482748046838,91.24108001595114,11927600
2022-01-25,91.69789123535156,92.6488015714225,90.35542289017737,91.39024105414228,17991900
2022-01-26,91.24107360839844,93.3852857851796,90.57916416821986,92.93780111899942,5429500
2022-01-27,90.77494812011719,92.50896736778509,90.4579732652302,91.93095858101539,6188700
2022-01-28,92.22929382324219,92.25726073137496,89.90794798387671,90.7749576992024,10745600
2022-01-31,94.1311264038086,94.20570957089289,92.18268206142464,92.29455681205107,3866600
2022-02-01,94.8582763671875,94.93285952001371,93.67429904479542,94.33620852268591,3796400
2022-02-02,95.46426391601562,95.66003938206534,94.7930296823356,95.44561456916794,2463300
2022-02-03,93.63700103759766,94.70910355712077,93.47851007056656,94.26161889617765,21242100
2022-02-04,94.05653381347656,94.69047644489562,93.1522325629451,93.56243282816966,5877900
2022-02-07,93.87008666992188,94.55063846802756,93.69295343712967,94.0938290447992,3938700
2022-02-08,94.59724426269531,94.75572813101569,93.54377676854452,93.73955932663566,2720600
2022-02-09,96.0888671875,96.0888671875,95.5574746859472,95.5761169172996,5696300
2022-02-10,94.69979095458984,96.27531913461517,94.3082400776113,94.94217552835325,3485200
2022-02-11,92.90050506591797,95.10065805438127,92.66743807233195,94.690457869625,3832900
2022-02-14,92.55558013916016,93.00307197755649,91.84705435863324,92.77932250203759,5372100
2022-02-15,94.17770385742188,94.2149954284152,93.54376137581522,93.61834451780186,2600300
2022-02-16,94.39213562011719,94.59723571948707,93.52512608991569,93.76751776304741,2676200
2022-02-17,92.56490325927734,93.78617223060391,92.45302852339469,93.73023841898326,3720400
2022-02-18,91.8750228881836,92.779316958637,91.50211423057421,92.59286618615282,4274300
2022-02-22,90.81224822998047,91.88435096341999,90.12236464502682,91.22244139891733,6770900
2022-02-23,89.52571105957031,91.62331443814558,89.36722717800085,91.62331443814558,3629200
2022-02-24,89.89860534667969,89.97318849522513,86.55175946026876,86.78482646499285,5552400
2022-02-25,91.89366912841797,91.91231136142306,90.00116596585993,90.29949148243104,5519800
2022-02-28,91.25039672851562,91.71653076656766,90.23422793962986,90.39271180553372,5390800
2022-03-01,89.70283508300781,91.2690457294712,89.21805170218006,90.98936246263666,4681800
2022-03-02,90.98936462402344,91.28769012983435,89.87997042787967,90.22490507084288,5907300
2022-03-03,90.06642150878906,91.30633978605277,89.74944665692384,91.23175663118553,5472700
2022-03-04,88.73328399658203,88.9570263640558,87.9594997146266,88.78921781029007,3623000
2022-03-07,85.97376251220703,88.44427431905086,85.94579560814299,88.38833339828186,5164500
2022-03-08,85.87120819091797,87.74506890919746,85.33049103039704,86.30005062809785,5333100
2022-03-09,88.47223663330078,88.80785368993982,87.35351074029046,87.73574404304513,3841700
2022-03-10,87.77304077148438,87.9315246373589,86.8967065040636,87.40013211858356,5228600
2022-03-11,86.56108856201172,88.4163000230219,86.47718785008463,88.30443240711914,2969100
2022-03-14,86.00173950195312,87.42810867762137,85.7779971305609,86.86874919281995,1827000
2022-03-15,87.34420776367188,87.53998322729012,85.98309707901048,86.30006484506619,5022900
2022-03-16,90.29948425292969,90.29948425292969,87.96881411861422,88.67733983098555,2966000
2022-03-17,91.2224349975586,91.2224349975586,89.69351583505286,89.8613243827738,3482600
2022-03-18,92.22929382324219,92.32251922123208,90.5605328824479,90.5605328824479,3076400
2022-03-21,91.90299224853516,92.35047695951084,91.25040030212051,92.05215144797997,4104200
2022-03-22,93.01237487792969,93.19883274480726,92.3970816988346,92.3970816988346,2323700
2022-03-23,91.96825408935547,92.82593907723769,91.94028718297866,92.42506348967338,2655100
2022-03-24,93.03103637695312,93.06832795520138,92.08944358594798,92.34115996096344,4969100
2022-03-25,93.20816802978516,93.3013934175192,92.44370847014014,92.9657763315637,3842000
2022-03-28,93.5717544555664,93.61836359432563,92.56490317150133,93.0776463737009,3846100
2022-03-29,95.07270050048828,95.11930963620387,94.27094939471493,94.8676003879452,4242600
2022-03-30,94.54131317138672,95.03541413543866,94.1497551565882,94.83963868436003,3106600
2022-03-31,93.02171325683594,94.42944013047853,93.02171325683594,94.26163158188112,5912300
2022-04-01,93.62767791748047,93.72090329733508,92.90983466869531,93.68361172286512,3450700
2022-04-04,94.53199005126953,94.53199005126953,93.65565573073694,93.81413960621668,5179000
2022-04-05,93.1801986694336,94.48537550086921,92.92848939870659,94.13111616471674,4349400
2022-04-06,92.10809326171875,92.59286955540217,91.52075979300385,92.27590180811711,3269700
2022-04-07,92.30387878417969,92.70475440472046,91.40890214329279,91.96826165476683,4303700
2022-04-08,92.21996307373047,92.71406405190078,91.82841216038511,92.17335393412735,2272700
2022-04-11,90.90547943115234,91.6792566762967,90.7376708609413,91.64197220526519,3761400
2022-04-12,90.40205383300781,91.80045621562591,90.1596620951475,91.408905255527,2964600
2022-04-13,91.49279022216797,91.61398251389812,90.4020382586732,90.43932983596889,2449700
2022-04-14,90.53255462646484,91.6792403920283,90.52322995404208,91.57669744594207,2237300
2022-04-18,90.38339233398438,90.79359258711861,90.00116609936133,90.35542542811457,1674800
2022-04-19,91.3436279296875,91.4741448894782,90.07574279517132,90.09438502686677,5598500
2022-04-20,91.42752075195312,91.89365474316583,91.15716218353293,91.87501251307903,1896400
2022-04-21,90.01048278808594,92.35979513709921,89.84267425511065,92.15469502872489,8192900
2022-04-22,87.98745727539062,89.89860965068304,87.89423189156582,89.87064274679967,2339700
2022-04-25,88.12728881835938,88.16458039014822,86.47717766438355,87.27892867624345,3617900
2022-04-26,85.69407653808594,87.55861261826696,85.66610963490572,87.54929505896735,3346500
2022-04-27,86.02037811279297,86.89671244007714,85.50763490358912,85.95511962752552,5464900
2022-04-28,87.81965637207031,88.14595591277792,85.95512008295934,86.85010376085711,4315300
2022-04-29,85.5169677734375,88.09002296430612,85.44238460808539,87.62388884981863,3367900
2022-05-02,85.796630859375,86.06698945796686,84.1931286126322,85.4796631240445,4936500
2022-05-03,86.3187026977539,86.6729691390602,85.76866791540773,86.07631810518171,3695000
2022-05-04,88.35104370117188,88.53750158663291,85.51695496857467,86.20683136317787,4135800
2022-05-05,85.33982849121094,87.3162395572449,84.51011039518461,87.3162395572449,4187400
2022-05-06,84.49146270751953,85.21863786352552,83.62445301443717,84.71521219212526,4590200
2022-05-09,81.81585693359375,83.39138531089975,81.53617363636505,83.20493452117509,5784400
2022-05-10,82.10485076904297,83.3634112736442,81.27513273424299,83.1210266902616,6017700
2022-05-11,81.07936096191406,83.20493117491446,80.93951931892374,82.18876232029152,6309300
2022-05-12,80.96749114990234,81.64805006044202,79.72757274601933,80.46406547210078,5135400
2022-05-13,83.10237884521484,83.27018738969986,81.83449364524833,81.93704370646924,2751700
2022-05-16,82.83201599121094,83.47528323085174,82.31927282404524,82.75743283912256,2073300
2022-05-17,84.51010131835938,84.52874355005406,83.52189233516039,84.22109338228529,2507700
2022-05-18,81.68533325195312,83.7642871260052,81.43361688258467,83.68970397118187,3497500
2022-05-19,81.7599105834961,82.49640324554846,81.07003417210372,81.26580962212151,5937500
2022-05-20,81.99298095703125,82.71083141569444,80.36151169434046,82.63624825665175,2268400
2022-05-23,83.31681060791016,83.4566451461407,82.20740918700231,82.60828479276081,1945400
2022-05-24,82.62691497802734,82.84133975978237,81.49887148739802,82.43113954041142,1764600
2022-05-25,83.19561004638672,83.54987650540718,82.16079180187002,82.18876582177299,2054600
2022-05-26,84.56604766845703,84.88302255540556,83.32612925395715,83.32612925395715,1657800
2022-05-27,86.29074096679688,86.30006564019081,85.11608817426477,85.19066422349093,1606100
2022-05-31,85.89918518066406,86.63567785903716,85.60085966269635,86.28141852915094,4431600
2022-06-01,85.2652359008789,86.59837951097809,84.7897771988131,86.4958294553827,3117700
2022-06-02,86.9806137084961,86.9899312680874,85.11607756994434,85.47966154795066,2553600
2022-06-03,85.53559875488281,86.21615760205871,85.36779021123951,85.9457989977089,2106100
2022-06-06,85.84325408935547,86.78483981215169,85.65679618931541,86.60771369791566,3043500
2022-06-07,86.49583435058594,86.5704175066292,85.02284902561713,85.14404843234773,3557800
2022-06-08,85.68475341796875,86.46785510675507,85.52626245583227,86.16952963779262,3324900
2022-06-09,83.68714141845703,85.5784241925352,83.68714141845703,85.23968547922034,3580400
2022-06-10,81.5135726928711,82.52037750264456,81.410068790846,82.2663270387268,3574600
2022-06-13,78.4931640625,79.7446152039514,78.210886546048,79.3682380032174,4217100
2022-06-14,78.25792694091797,79.06713538646014,77.59927224282448,78.70958100446622,6172000
2022-06-15,79.45291900634766,80.29975865694098,78.01328298578218,78.98244934321922,3660600
2022-06-16,77.1288070678711,77.73100773534262,76.64892594326783,77.51458850540837,3653500
2022-06-17,77.09114837646484,77.80626417327112,76.46072084001017,77.25110631637789,4877700
2022-06-21,78.81307983398438,79.114180130687,78.33319876840298,78.41787986178934,4832300
2022-06-22,78.3614273071289,79.1706357161101,77.68394983181466,77.88154623231506,3650800
2022-06-23,78.81307983398438,78.95422216842564,77.88154473395036,78.68134890285181,3691000
2022-06-24,81.21247100830078,81.24069803950047,79.61287702407442,79.61287702407442,3355000
2022-06-27,80.97724151611328,81.49476105155678,80.80787213894976,81.42889558148195,4133600
2022-06-28,79.7822494506836,81.89936301744575,79.75402241840105,81.46653177191898,3202000
2022-06-29,79.56582641601562,80.00806904398954,79.28354892795377,79.85752248611601,3589900
2022-06-30,78.93539428710938,79.44350235115367,77.8909511297067,78.53079011641468,5459500
2022-07-01,79.49055480957031,79.55642027307614,78.03209603063085,78.5684311416917,3230800
2022-07-05,79.08594512939453,79.1047607553184,77.53339396459897,78.05090623366642,5108900
2022-07-06,79.19886016845703,79.59405295658733,78.49315568445411,79.02949080514443,3530200
2022-07-07,80.45973205566406,80.59146300055545,79.69756624159469,79.69756624159469,3197700
2022-07-08,80.40325927734375,80.82668626416543,79.81047011034985,80.10215899237583,2727300
2022-07-11,79.26472473144531,79.76342141252674,79.12358240049089,79.67874032123238,4357500
2022-07-12,78.77543640136719,79.53759490867601,78.44610909443108,79.0671252762539,2987400
2022-07-13,78.45552062988281,78.99185577367506,77.57104252008358,77.62749658402038,2961000
2022-07-14,77.919189453125,78.00387773213942,76.65833410235996,77.16644224005267,2258200
2022-07-15,79.24591827392578,79.24591827392578,78.23911339218563,78.75662576050557,4734000
2022-07-18,79.02949523925781,80.28094631734959,78.80367180176981,80.05512287986159,2886400
2022-07-19,81.03370666503906,81.11838776830164,79.89517081100932,79.89517081100932,2193700
2022-07-20,81.28775024414062,81.58885055036644,80.72318806731688,80.98664993791479,1837500
2022-07-21,82.11577606201172,82.14401027343958,80.87373637470161,81.14660965478913,3553400
2022-07-22,81.41947937011719,82.52978807067593,81.0242865730024,82.20046073974694,1732700
2022-07-25,81.67353057861328,81.82407712712666,81.28774203647848,81.73939603961229,7341200
2022-07-26,80.68555450439453,81.34420922066631,80.56323496531492,81.25952811948765,3320400
2022-07-27,82.66151428222656,82.92497613192337,81.35360925780522,81.41006331736968,2584100
2022-07-28,83.45191192626953,83.56482005204988,82.04050292363584,82.73679602153852,2597300
2022-07-29,84.51518249511719,84.58104797054328,83.386058008156,83.52719318492734,1623700
2022-08-01,84.24229431152344,84.7409909915082,83.79064746801906,83.9600168290325,3610700
2022-08-02,83.5836410522461,84.54339599462136,83.39544888201753,83.81887588093386,3810700
2022-08-03,84.65631866455078,84.81627663906855,83.81888317584261,83.96942974633055,2494100
2022-08-04,84.78804779052734,84.95741716544887,84.43989763685595,84.6657282559498,2889600
2022-08-05,84.52458953857422,84.67513611229529,83.77183513357477,83.83770060560236,1493400
2022-08-08,84.56221771240234,85.43729155100714,84.3928483507757,84.90095643565563,2580300
2022-08-09,84.1576156616211,84.58103548703845,83.97883489236617,84.49635439347392,3657200
2022-08-10,85.91717529296875,86.01127497707623,85.38084011602686,85.70076324863672,12379800
2022-08-11,85.99243927001953,86.96160556905019,85.84189271986567,86.50054733703304,2771500
2022-08-12,87.17803955078125,87.1874509551367,86.09595777144607,86.34060403310055,1186400
2022-08-15,87.15921020507812,87.25330988397872,86.57583239716101,86.61347083296172,7124300
2022-08-16,87.22508239746094,87.56382116698413,86.77343549062878,86.82047815490813,7095000
2022-08-17,86.59465026855469,87.13098542971075,86.18063464282096,86.47233073313235,2873100
2022-08-18,86.56641387939453,86.73578323718,86.26531359653113,86.60405231210208,2668600
2022-08-19,85.40907287597656,85.99245793408514,85.22088785274074,85.94540808887695,3602900
2022-08-22,83.80005645751953,84.48694534368828,83.66832552244018,84.48694534368828,3564400
2022-08-23,83.79064178466797,84.39284232102584,83.67772649205213,83.73418054896172,2482700
2022-08-24,84.0070571899414,84.3081574703112,83.50836052359114,83.58363738838283,2083000
2022-08-25,85.24910736083984,85.24910736083984,84.22348687080968,84.34580640723229,3801500
2022-08-26,82.70857238769531,85.38083676330015,82.68974958009376,85.35260973069552,4202100
2022-08-29,82.2004623413086,82.78384732374741,82.00286593890131,82.17223530936435,7073600
2022-08-30,81.35360717773438,82.5862353053556,80.98664144235406,82.5486040524728,5699500
2022-08-31,80.82669830322266,81.95582274533501,80.82669830322266,81.7958647654821,2580900
2022-09-01,80.62910461425781,80.66674305410878,79.49056872925988,80.17745051484455,3659900
2022-09-02,79.93280792236328,81.59827486309294,79.59406912691992,81.32540154571919,5335900
2022-09-06,79.49055480957031,80.23389053536582,79.18004311927268,80.06452117509413,16409700
2022-09-07,80.6761474609375,80.79847418542714,79.22709982801749,79.25533404206782,4054700
2022-09-08,81.0525131225586,81.11837858835284,79.86692755946484,80.16802785720958,4237600
2022-09-09,82.54861450195312,82.68974966512141,81.85231419593359,81.8899526323777,6148900
2022-09-12,83.56482696533203,83.73419634681183,83.10376866305849,83.11318006725125,5561400
2022-09-13,80.26213073730469,82.01227853119069,80.05512292831637,81.84290915827276,4328300
2022-09-14,80.58204650878906,80.87373541423331,79.97043448680803,80.54440807279664,2181200
2022-09-15,79.7446060180664,80.76082218934955,79.49995978895072,80.13039457854873,6209600
2022-09-16,79.02949523925781,79.20827601578453,78.46493305613899,78.89776430249,4167400
2022-09-19,79.54701232910156,79.5564237325251,78.31438409612255,78.32378832074866,5578300
2022-09-20,78.56844329833984,78.96363614052171,78.05092373443628,78.83190519312775,2801600
2022-09-21,77.27934265136719,79.38705186646723,77.26052702390969,78.78485128466642,4704500
2022-09-22,76.70537567138672,77.40167598651765,76.49837503643198,77.32639911264438,2728200
2022-09-23,75.09636688232422,75.66093623277636,74.25893143896369,75.65152482925616,9135300
2022-09-26,74.20246887207031,75.34100448842726,73.92018422919315,74.63530006003106,7065600
2022-09-27,73.95783233642578,75.27514887754229,73.49677405961417,74.85172903662516,4203500
2022-09-28,75.47274780273438,75.71739405482109,73.74142276654625,74.02370027698674,7182400
2022-09-29,74.05192565917969,74.59767221751433,73.4214980032402,74.46594127981945,5311400
2022-09-30,73.23331451416016,74.64472360046202,73.17685326912554,73.77906108377502,4633100
2022-10-03,74.97405242919922,75.32220259504939,73.63792019074393,74.01429739026882,2645600
2022-10-04,77.53341674804688,77.54282815317268,76.40428503330715,76.40428503330715,3585800
2022-10-05,77.18524932861328,77.61808054346534,76.0561250445468,76.52659469270735,2050400
2022-10-06,76.29136657714844,77.27934861788346,76.17845126729397,76.76183626667876,2955500
2022-10-07,74.35301971435547,75.6044706959497,74.04251520380113,75.58565506877557,7158700
2022-10-10,73.76023864746094,74.53180866470814,73.30859175769558,74.53180866470814,2846600
2022-10-11,73.13922119140625,74.211891510674,72.78165963245182,73.3650446326211,13744800
2022-10-12,72.94161987304688,73.44972801568333,72.80988893000757,73.18626612960472,2764200
2022-10-13,74.5882568359375,74.86113010055246,71.23851514954212,71.37965748348742,9384300
2022-10-14,73.00747680664062,75.32219380088712,72.92279571550331,75.0869589759984,4166700
2022-10-17,74.8987808227539,75.13401569165627,74.40008404928864,74.40008404928864,5449900
2022-10-18,75.60447692871094,76.42309676481537,74.92699943383798,76.34781989231888,3955700
2022-10-19,74.83289337158203,75.48214371631266,74.32478534250541,75.00226271460757,2844000
2022-10-20,74.47534942626953,75.82089295570101,74.31539146303578,74.88935785000412,6200900
2022-10-21,76.0561294555664,76.14081055132394,73.92960451248565,74.26834325311081,4754500
2022-10-24,76.28195190429688,76.5077753355306,75.29396272710353,75.88675910493852,2362600
2022-10-25,77.62749481201172,77.7121759059839,76.42309361686931,76.46073205156718,5343900
2022-10-26,77.63690185546875,78.5119756713593,77.21347487299442,77.24170190273333,6723700
2022-10-27,77.16643524169922,78.12619018443397,77.06293134273405,77.67454333331077,3342300
2022-10-28,78.3990707397461,78.49316324424922,76.94061179415476,77.01588866927644,5587800
2022-10-31,77.88154602050781,78.17324209751771,77.64631118548553,77.76863789412748,6739400
2022-11-01,77.95681762695312,79.02948782792387,77.71217140498527,79.02008360389212,2923000
2022-11-02,76.35722351074219,78.88834527588489,76.30076227272774,77.94740600200957,10681700
2022-11-03,75.68917083740234,76.18786759190625,75.13401283492566,75.50097864215677,7749200
2022-11-04,77.46754455566406,77.78746051422742,76.28195887052142,77.41108330860139,6669600
2022-11-07,77.95681762695312,78.13559838671391,77.31697863174277,77.78744827002106,7741200
2022-11-08,78.50257873535156,79.104779410081,77.787462742061,78.23911683750723,5007300
2022-11-09,77.05352783203125,78.32379460177357,76.9782509562011,78.05092131098776,8720600
2022-11-10,81.18424224853516,81.25010771286449,79.50937143090587,79.97042968121123,6217200
2022-11-11,82.4168701171875,82.54860822412206,81.36302269208839,81.65471157885015,8577000
2022-11-14,81.67353057861328,82.54860437691259,81.62648074412962,81.98403507829613,5329600
2022-11-15,82.46392059326172,83.24490194384397,81.7299890797207,83.07553258081164,5437000
2022-11-16,81.84291076660156,82.31338045853035,81.70176842326337,82.19105374419827,4502500
2022-11-17,81.64530181884766,81.720578687526,80.52558890714589,80.5349931316327,4756300
2022-11-18,81.80525970458984,82.23809089290872,81.34419430892255,82.15340262845683,4623400
2022-11-21,81.35360717773438,81.53238793351338,80.95841441329354,81.29715311961334,5248600
2022-11-22,82.36983489990234,82.40747333688398,81.48534957782823,81.72999582881002,4189400
2022-11-23,83.00967407226562,83.12258220455048,82.3416079673215,82.3416079673215,1666700
2022-11-25,83.0755386352539,83.17904254125007,82.87794222711514,82.98144613311132,1664600
2022-11-28,81.87112426757812,82.84970192650316,81.73939334991482,82.52036745354827,10513600
2022-11-29,82.04051208496094,82.44511633138264,81.73941175126095,82.15342022334954,3482400
2022-11-30,84.37403106689453,84.37403106689453,81.9275901556763,82.46392530613106,6897400
2022-12-01,84.4963607788086,85.03269594830651,84.03529530523477,84.76922688677952,5332300
2022-12-02,84.42108154296875,84.63749357824443,83.5177806079623,83.5460076404941,4086400
2022-12-05,82.98143768310547,84.11056195143323,82.71797583241546,83.93178119040914,16178500
2022-12-06,82.09696197509766,83.13199387082929,81.71117337844615,83.03790136736238,4401400
2022-12-07,81.94640350341797,82.369830512811,81.74880710388686,81.90877224723842,4579300
2022-12-08,82.57684326171875,82.76502826907758,82.0122810608444,82.30396997588994,2221000
2022-12-09,82.181640625,82.99084905253152,82.15341359268108,82.57684061385787,7892800
2022-12-12,82.91558074951172,82.92498497457728,82.06873387175682,82.33219574954774,7170700
2022-12-13,83.6798324584961,85.26334709853393,83.25313932268033,85.26334709853393,9199600
2022-12-14,83.35745239257812,84.39100163679188,82.73162800910215,83.72725507943396,6056000
2022-12-15,81.3093032836914,82.52301534140108,80.9963911091678,82.37130495133462,3598200
2022-12-16,80.52228546142578,81.09121209179948,80.16196695019117,80.7403777407879,4681100
2022-12-19,80.02921295166016,80.73088884683449,79.74474603600599,80.7024436021279,5020400
2022-12-20,80.20938110351562,80.56022272303053,79.74475848740855,80.02922544747959,9583300
2022-12-21,81.26189422607422,81.48947067524205,80.57918658145545,80.71193589298923,3799300
2022-12-22,80.28523254394531,80.77830759817017,79.26116026298104,80.74037819136097,5524900
2022-12-23,80.655029296875,80.66451345645477,79.81111995162905,80.13351626869392,4502300
2022-12-27,80.62659454345703,80.93002258084405,80.30420541873741,80.7403827703378,4102300
2022-12-28,79.58355712890625,80.96794793225187,79.58355712890625,80.64555882368816,3474700
2022-12-29,80.96795654296875,81.14811943708752,80.22835111239026,80.37058459541583,5039100
2022-12-30,80.4843521118164,80.65503081599624,79.96283907381273,80.42746162185455,4201900
2023-01-03,80.5033187866211,81.5653131604483,80.02921208850707,81.08172953706374,13272000
2023-01-04,81.52739715576172,81.8118568555641,80.70244883431603,81.37567952843139,5696300
2023-01-05,80.69296264648438,81.09121055677784,80.52228393717368,80.99639065922622,8268000
2023-01-06,82.56095123291016,82.73162995657633,80.72141468165198,81.35672324070083,5254100
2023-01-09,82.7411117553711,83.75569990756304,82.70318234738417,83.12039860094548,6658500
2023-01-10,83.20572662353516,83.22468770862201,82.41870775798792,82.67472942957278,4361200
2023-01-11,84.07808685302734,84.09705517367846,83.35744982276793,83.50916021650346,13190300
2023-01-12,84.66597747802734,84.89354667413375,83.5470853485873,84.50478293221424,5230700
2023-01-13,85.0452651977539,85.13060093433987,84.12549700942394,84.13498116936495,8269400
2023-01-17,84.98836517333984,85.40558138792552,84.83665478985954,85.04526289715237,3795100
2023-01-18,84.05912780761719,85.63315844802706,84.02119839968871,85.50989329798067,3426900
2023-01-19,83.72724914550781,84.08756764620917,83.32899400502333,83.72724914550781,3860000
2023-01-20,85.02629089355469,85.03577505282819,83.62293916141944,83.86946942817943,5019800
2023-01-23,85.77538299560547,86.07881099317147,84.91251256645911,85.02629354411256,7665800
2023-01-24,85.6615982055664,85.83227691315874,85.13060099718777,85.39609960137709,5137400
2023-01-25,85.86073303222656,85.93658461214251,84.61856846098517,84.98837113739366,6457200
2023-01-26,86.59085845947266,86.62878786843294,85.7185037562714,86.39173448815248,5496300
2023-01-27,86.63826751708984,87.0554765253344,86.21156711423073,86.24001236089573,5553300
2023-01-30,85.59523010253906,86.45810786645873,85.55730792843474,86.07882101676101,7535100
2023-01-31,86.52447509765625,86.53395925751593,85.4245440513508,85.49092593607429,8372000
2023-02-01,87.40631103515625,87.90886297698863,85.74693759400716,86.30638002456197,3807600
2023-02-02,88.11746978759766,88.4114136207399,87.44423915518844,88.13643087212871,3485900
2023-02-03,87.10289001464844,87.98472883194741,86.8847977332542,87.04599952136937,2997800
2023-02-06,86.38224792480469,86.56241080378142,85.97451583269068,86.5055203090708,4259400
2023-02-07,87.30200958251953,87.49164937343717,85.91761885279666,86.20208577346743,3044800
2023-02-08,86.55293273925781,87.22616349983089,86.42966758060483,87.11238250239595,2544300
2023-02-09,86.17362976074219,87.56750459314867,85.91761533007083,87.50112994561951,3025700
2023-02-10,86.0977783203125,86.18311405256937,85.61418746797489,85.87968605849937,1991800
2023-02-13,87.00806427001953,87.06495475947723,86.13570243733452,86.23052956548958,6341100
2023-02-14,87.05546569824219,87.51061129115983,86.25896995350352,86.67618614415355,3575700
2023-02-15,87.11238098144531,87.11238098144531,86.24950318305392,86.31587784183054,1640700
2023-02-16,86.23053741455078,87.03651743717323,86.06933562259042,86.14519443830179,2273900
2023-02-17,86.01244354248047,86.05985710999981,85.38662641013454,85.73746076631667,4542000
2023-02-21,84.54270935058594,85.4624702623588,84.48581162784868,85.22541691478666,6718300
2023-02-22,84.31513214111328,84.79872299124827,84.04014939238138,84.56166964588913,3636800
2023-02-23,84.72286987304688,85.0073368002954,83.8884446457027,84.88406442248362,2342100
2023-02-24,83.5945053100586,83.71777046023703,83.1203985618871,83.40485827021308,2460100
2023-02-27,84.08757781982422,84.61857509232215,83.92638325271524,84.34359229497993,2749900
2023-02-28,83.6513900756836,84.21083252774889,83.6513900756836,83.98326332981507,5007600
2023-03-01,83.83155059814453,84.2108301726623,83.56604476797027,83.9453315767822,3307700
2023-03-02,84.28669738769531,84.46686026756588,83.28159339324876,83.38589745693226,5607400
2023-03-03,85.55729675292969,85.63314832552554,84.55218564737426,84.78923899318451,3629400
2023-03-06,85.50040435791016,86.0408857306617,85.41506862056255,85.60470841530909,4315600
2023-03-07,84.15394592285156,85.44351682784955,84.01171245471457,85.36765801360384,1492600
2023-03-08,84.33409881591797,84.55218383819236,83.93584370541484,84.24875585141949,1800000
2023-03-09,82.97816467285156,84.71338986435973,82.82644704173892,84.3910007496876,2954900
2023-03-10,81.88770294189453,83.25313243846801,81.66013377056346,82.86436150457948,5485100
2023-03-13,81.67910766601562,82.54198539553222,80.89208875027307,81.08173578470814,5470000
2023-03-14,82.80748748779297,83.08247027355354,82.0109843782977,82.55146578912505,2071200
2023-03-15,81.66014862060547,81.66962554684308,80.55073333574363,81.05329256383574,3277200
2023-03-16,82.98764038085938,83.01609286199646,81.07225233909557,81.2429310544444,4573200
2023-03-17,82.08683013916016,82.79799015788949,81.76444106979721,82.64627978239335,2466800
2023-03-20,82.88334655761719,83.0445411184288,82.23856108007577,82.27648325437676,2152700
2023-03-21,83.98326110839844,84.08756516183718,83.41433451146521,83.78413716118652,2800100
2023-03-22,83.08246612548828,84.94096364246126,83.05401364482742,84.0591248336343,3106200
2023-03-23,83.30054473876953,84.54270919711252,82.81695388499793,83.77465143305314,2834300
2023-03-24,83.49967193603516,83.54708550102872,82.43767752940471,82.83592543189113,5883400
2023-03-27,83.79363250732422,84.06861529998262,83.4996813928024,83.89793657468758,1570500
2023-03-28,83.8694839477539,83.95482692740232,83.4996812492994,83.81259345085172,6464300
2023-03-29,84.89354705810547,84.95992170869897,84.4573697493061,84.66597786096978,5193800
2023-03-30,85.58575439453125,85.71850370867098,85.26335803569543,85.64264489079255,1973900
2023-03-31,86.43914031982422,86.47706249109461,85.76590241391689,85.87020647064651,3182400
2023-04-03,86.94168853759766,86.97961794152825,86.33483254329637,86.41068411686346,7711200
2023-04-04,86.63826751708984,87.13133533930419,86.31587117486553,86.99858603200438,2146600
2023-04-05,86.1926040649414,86.48654791951178,85.87969189016323,86.40121218146018,1678700
2023-04-06,86.53396606445312,86.62878596762576,85.83228286552686,86.02192990616703,1758100
2023-04-10,86.59085845947266,86.59085845947266,85.8796983186313,86.0408928809912,1310600
2023-04-11,86.76153564453125,86.9985890206092,86.6193021720255,86.75205148388555,2008000
2023-04-12,86.61929321289062,87.36838267193316,86.52447331912576,87.28304693783303,2390200
2023-04-13,87.77611541748047,87.85197422680764,87.02702595253668,87.02702595253668,2465600
2023-04-14,87.52011108398438,88.04162418116081,87.07444957059873,87.63389207681811,1095600
2023-04-17,87.6812973022461,87.6812973022461,87.15977702040661,87.44424394400895,3195200
2023-04-18,87.84249877929688,88.10799740397992,87.57700015461383,88.0700679955545,1634700
2023-04-19,87.6623306274414,87.81404825202159,87.33045736654037,87.36838677268543,4394400
2023-04-20,87.33993530273438,87.67180853998585,87.05546839406512,87.17874076382566,1860500
2023-04-21,87.39683532714844,87.4821783027791,86.9322127442986,87.28305433870061,3061900
2023-04-24,87.43476104736328,87.52958094516926,87.10288778789513,87.33045698948837,2106400
2023-04-25,86.03141021728516,86.97962367517336,86.01244189692244,86.91324902249296,3988400
2023-04-26,85.81332397460938,86.4675936215449,85.71850406901025,86.40121896419602,8732000
2023-04-27,87.28305053710938,87.3304568687996,86.27793936573052,86.37275926340546,5115500
2023-04-28,87.79508209228516,87.79508209228516,86.95117267910062,86.98910208617905,1619600
2023-05-01,87.6812973022461,88.0416158024206,87.64336789681283,87.76663303875017,923000
2023-05-02,86.69515228271484,87.35889877536204,86.13570260951718,87.35889877536204,1313600
2023-05-03,86.38224792480469,87.36839082745938,86.34431851689934,86.818425264274,3964000
2023-05-04,86.06934356689453,86.391739946278,85.81332908310678,86.30639696215172,2789300
2023-05-05,87.52958679199219,87.70974967386425,86.69516150754919,86.72360675536162,3620000
2023-05-08,87.5675048828125,87.70025417830995,87.32096737647693,87.70025417830995,1866500
2023-05-09,87.19770812988281,87.37787100063805,86.9985841731876,87.05547466530207,1514800
2023-05-10,87.41580200195312,87.68130061572484,86.7046419003669,87.57699655541528,6397000
2023-05-11,87.19770812988281,87.22615337594006,86.69515615808612,87.08391991135932,3497500
2023-05-12,86.95116424560547,87.34941936415436,86.53395527679777,87.31148996075474,1265300
2023-05-15,87.54854583740234,87.59595216730193,86.95116675945516,87.17874318643229,2903900
2023-05-16,86.84686279296875,87.36838306244783,86.83738586755582,87.20718851889764,3550100
2023-05-17,87.6623306274414,87.75715775995128,86.80894430920861,87.13133340999975,2749100
2023-05-18,88.09850311279297,88.17435468039803,87.40630420548207,87.5580145749857,4237500
2023-05-19,88.1554183959961,88.458846454654,87.93732608775969,88.31661296965595,1909600
2023-05-22,88.28815460205078,88.54416904957331,88.07006232621757,88.27867044198122,1831400
2023-05-23,87.17874908447266,87.94679968317351,87.15030383774962,87.83301146198666,3814000
2023-05-24,86.37275695800781,86.68566912284811,86.20208548732505,86.68566912284811,1917200
2023-05-25,86.72358703613281,86.97012451827446,86.353784430067,86.84685216005698,1838200
2023-05-26,87.86145782470703,87.98472296335477,86.98909599161144,86.98909599161144,2216500
2023-05-30,87.50112915039062,88.10798513208319,87.23563056268686,88.06057880387549,4063500
2023-05-31,86.87532043457031,87.12185072725188,86.44862003392367,86.93221092760535,2274600
2023-06-01,87.90885925292969,88.09850626446064,86.89427125269385,87.01753638446864,5391900
2023-06-02,89.21739959716797,89.37860138093521,88.64847297683824,88.79070644049429,5408800
2023-06-05,88.98035430908203,89.39757057784888,88.85708915435325,89.24586017466693,4295300
2023-06-06,89.40703582763672,89.48289463032982,88.8665545184622,88.96137440468178,5434000
2023-06-07,88.93096923828125,89.63981680769756,88.85434319166671,89.40991674337711,8882900
2023-06-08,89.57276153564453,89.66854957191607,88.93096634549191,89.03633537783823,3750500
2023-06-09,89.69728088378906,90.07085932276617,89.51527850802542,89.74517855367161,3250700
2023-06-12,90.3486557006836,90.35823669692492,89.76433916866303,89.92717956397136,3086600
2023-06-13,91.04792022705078,91.20117962269049,90.7318131315856,90.90423451927946,4370100
2023-06-14,91.26823425292969,91.63223902944239,90.5881296812334,91.27781524919551,1349400
2023-06-15,92.3027572631836,92.49433332846013,91.15328625520748,91.22991229642304,2295700
2023-06-16,92.03455352783203,92.73381278658411,91.95792017372912,92.73381278658411,2292300
2023-06-20,91.19159698486328,91.47896839523214,90.85633521153865,91.3640183694529,4809700
2023-06-21,90.87549591064453,91.22991236247859,90.70307452850743,90.93296726863743,2768500
2023-06-22,90.8946533203125,90.90423431631818,90.42528683025556,90.54022954968904,1609700
2023-06-23,89.95591735839844,90.24328145561546,89.81223165571072,89.85054833030468,1995200
2023-06-26,89.80265045166016,90.29117891640153,89.78349576848683,89.994226516027,1824500
2023-06-27,90.75096893310547,90.82760228594843,89.92717866044057,90.10918104640291,2984900
2023-06-28,90.74139404296875,90.92338911836123,90.38697027188458,90.52107498350374,1317500
2023-06-29,90.8946533203125,90.8946533203125,90.45402251011393,90.54022954968904,1937300
2023-06-30,91.90045166015625,92.04413006835307,91.56518255260602,91.63224222064335,2247800
2023-07-03,92.12075805664062,92.16865572868781,91.92918198476923,91.97707234865774,1508900
2023-07-05,91.6705551147461,91.81424083662563,91.50771470709033,91.65140042896986,3163500
2023-07-06,90.54022979736328,90.67434181733364,90.0229729421803,90.63602514136478,2127100
2023-07-07,90.72223663330078,91.40234122176673,90.4636081930173,90.50192487086653,949000
2023-07-10,90.9521255493164,90.9712875415109,90.58812808736698,90.58812808736698,1066400
2023-07-11,91.6705551147461,91.73760747720196,91.01918617596364,91.24908625423467,725200
2023-07-12,92.77212524414062,92.9541276248174,92.55181349631367,92.69549189352318,3326100
2023-07-13,93.82581329345703,93.95991801018604,93.37560877767187,93.43308013965317,1997500
2023-07-14,93.56718444824219,93.96949859667436,93.46181541296345,93.91202723494374,3898500
2023-07-17,93.80665588378906,93.96949627677826,93.3564440729235,93.43307742544502,4090700
2023-07-18,94.33350372314453,94.41971076605765,93.63423715082719,93.73002519011696,3427400
2023-07-19,94.44844055175781,94.68791428911427,94.29518116009208,94.44844055175781,6198500
2023-07-20,93.81623840332031,94.38139294398664,93.6725526920489,94.24728822897569,6185600
2023-07-21,93.8641357421875,94.18024286883885,93.81624537364479,94.12277150332383,2109400
2023-07-24,94.19938659667969,94.35265329776983,93.83538914382841,93.96949385320302,3472400
2023-07-25,94.50592041015625,94.7070774750936,94.23770368208119,94.24728467798066,4697300
2023-07-26,94.63044738769531,94.88907582063152,94.16108088665464,94.16108088665464,3511300
2023-07-27,94.03654479980469,95.33928250692978,93.86412341773935,95.33928250692978,3035900
2023-07-28,95.02317810058594,95.21476147948081,94.6974973187026,94.8220210338653,4202600
2023-07-31,95.20518493652344,95.32013496923692,94.97529217925546,95.11897789310757,2951900
2023-08-01,94.54422760009766,94.84118000087376,94.38138721434979,94.66875861944708,3209200
2023-08-02,92.98287200927734,93.7108742919812,92.83918629045748,93.64382193095317,5789100
2023-08-03,92.76254272460938,93.0978118010141,92.41770726881207,92.48475962246133,5379100
2023-08-04,92.57097625732422,93.67255701705491,92.46560721807073,93.11697613883815,2931100
2023-08-07,93.193603515625,93.2319201918182,92.66675835316678,92.9924464467297,1602700
2023-08-08,92.65719604492188,92.75298409308974,91.9387747214235,92.39856027589308,2672500
2023-08-09,92.26444244384766,92.82002327574364,92.09202105836816,92.81044227983962,1622300
2023-08-10,92.40813446044922,93.58634125155491,92.2165510700782,92.92539865221237,3729100
2023-08-11,92.06329345703125,92.33150290060962,91.76634833137796,91.8812910596777,912800
2023-08-14,92.24529266357422,92.24529266357422,91.47897373000691,91.60349745074403,3811000
2023-08-15,91.1149673461914,91.84296222291705,90.98086264215466,91.82380754012249,4823700
2023-08-16,90.41571044921875,91.25865543677718,90.39655576438837,90.89465795972765,1946600
2023-08-17,89.82180786132812,90.83718149613708,89.71644613843904,90.76054814480082,2662700
2023-08-18,89.78349304199219,89.98465009591627,89.1033812253788,89.13212421150354,2441400
2023-08-21,90.25286865234375,90.39655436490375,89.57276407492931,90.03254958533057,1641600
2023-08-22,90.05170440673828,90.6743375728088,89.95591637537936,90.6743375728088,1550800
2023-08-23,91.1149673461914,91.24907205022814,90.3390674920837,90.37738416583109,3203100
2023-08-24,89.95591735839844,91.36401678189452,89.93675536702226,91.21075739167713,1937400
2023-08-25,90.50192260742188,90.77970572560312,89.55360129772878,90.29118453860119,2030800
2023-08-28,91.20117950439453,91.3257032199502,90.894653405354,91.01917712090969,2006900
2023-08-29,92.49433898925781,92.54223666258758,91.0958131643035,91.10539416060122,2711500
2023-08-30,92.72423553466797,92.88707592475886,92.36981176668314,92.56138783641848,1707600
2023-08-31,92.4368667602539,92.90623326021321,92.37939539932468,92.7242381812177,3860900
2023-09-01,92.69549560546875,93.28939313429842,92.43686717197643,93.14570742317655,2337800
2023-09-05,92.15907287597656,92.56138700369652,92.15907287597656,92.52307032846244,2095100
2023-09-06,91.6226577758789,92.10160527360105,91.2299173198305,92.02497192000739,1371400
2023-09-07,91.27781677246094,91.39276680509256,90.90423830160691,91.06707870004914,1748700
2023-09-08,91.31613159179688,91.62265769775132,91.18202687720174,91.30655059556612,1110400
2023-09-11,92.10160827636719,92.12076296131067,91.74718448556042,92.03455591682635,1015800
2023-09-12,91.66098022460938,92.1207657588066,91.62266354539973,91.73760627486938,1073700
2023-09-13,91.68970489501953,91.91959763450797,91.45023115983955,91.67054290363642,2860200
2023-09-14,92.53266143798828,92.6571924731497,92.0345592218206,92.29318767272011,1336300
2023-09-15,91.7854995727539,92.44644946831431,91.68971153337851,92.40813279093237,4235400
2023-09-18,91.68970489501953,91.88128095990015,91.4598121555311,91.5747548711961,616000
2023-09-19,91.48855590820312,91.68971298652718,91.05749876194382,91.5460272711074,1716600
2023-09-20,90.8946533203125,91.97707200787691,90.85633664444845,91.78549593671534,1121300
2023-09-21,89.39075469970703,90.18580924667175,89.32370234684002,90.09959490260941,2613600
2023-09-22,89.33329010009766,90.01339467581221,89.2853924266444,89.76433992854132,1521300
2023-09-25,89.44823455810547,89.45781555461372,88.84476332494873,88.90223468768012,1647100
2023-09-26,88.1454849243164,88.96927511775323,88.03054221426537,88.79685374451859,4868200
2023-09-27,88.18380737304688,88.56696681734927,87.4749671513905,88.49033346685708,2563100
2023-09-28,88.72981262207031,89.0267650463138,87.95391999841264,88.11676039702937,2619000
2023-09-29,88.48075103759766,89.51527193440123,88.27959399354813,89.51527193440123,2476000
2023-10-02,88.08802795410156,88.40413507467849,87.63781611112701,88.27003035228088,1748700
2023-10-03,86.90982055664062,87.78150124642711,86.63203011690494,87.51329180341588,1968800
2023-10-04,87.28339385986328,87.4174985734113,86.5458106271904,86.97686775630227,1850900
2023-10-05,87.50370788574219,87.6473935991759,86.87150097805636,87.40791984617269,8876300
2023-10-06,88.58612823486328,88.85433765168894,86.82359772575988,87.15885949679196,5040300
2023-10-09,88.90222930908203,89.00759833982076,87.91559866503621,87.98265102021918,3179700
2023-10-10,89.64938354492188,90.09959533411003,89.20875275137726,89.31412177898123,4807300
2023-10-11,90.061279296875,90.1474936419602,89.47697010533498,90.0325436178994,1612800
2023-10-12,89.3716049194336,90.1570785138903,88.93096679566827,90.1570785138903,2831800
2023-10-13,88.86392211914062,89.74519113467572,88.52866030743893,89.5248720537521,5099400
2023-10-16,89.67813110351562,89.83139050083356,89.11296926226879,89.17044062274317,4269600
2023-10-17,89.7164535522461,90.12834140635837,88.96928927721278,88.98845127070963,5424200
2023-10-18,88.43286895751953,89.33329262514751,88.22213088142286,89.22792358709917,5959300
2023-10-19,87.6378173828125,88.78729584481947,87.49413166154172,88.36581967793431,2798500
2023-10-20,86.59370422363281,87.54201816998541,86.58412322792788,87.43664914170641,3277000
2023-10-23,86.52665710449219,87.19718068123278,85.89444289657203,86.20096900424757,3015100
2023-10-24,87.15885925292969,87.36001631498611,86.64159510414524,86.89064983685445,1578300
2023-10-25,86.0477066040039,86.79486350864971,85.94233757302476,86.79486350864971,2571200
2023-10-26,85.16645050048828,85.94234313504106,84.95571242489146,85.75075974442618,2376400
2023-10-27,84.85990905761719,85.70286128035916,84.62043532309428,85.65496361019122,2660100
2023-10-30,85.84654998779297,86.02854506285345,85.29096915029353,85.58791425288591,2524900
2023-10-31,86.2297134399414,86.26803012081105,85.5400351087668,85.9902396656259,3220000
2023-11-01,87.09181213378906,87.21634316170817,86.29675752537833,86.43086954963557,6827900
2023-11-02,88.81602478027344,88.86391514495266,88.10718453285519,88.19339157417306,2577500
2023-11-03,89.84098052978516,90.109189983177,89.46740203282373,89.46740203282373,3144100
2023-11-06,89.9176025390625,90.1091786078266,89.57275976876024,90.03254525705754,2623400
2023-11-07,89.86969757080078,90.01338326478655,89.40990481167789,89.67812151759173,3239700
2023-11-08,89.8505630493164,90.09961051273757,89.43866786515417,89.90803441654289,2046600
2023-11-09,89.31412506103516,90.25286534832352,89.24707270538303,90.17623199667577,12563900
2023-11-10,90.33906555175781,90.38696321995286,89.1704326061165,89.54401834009002,2003700
2023-11-13,90.35824584960938,90.56898393931185,89.90803398672857,90.00382203436799,3011000
2023-11-14,92.33149719238281,92.5518162549352,91.54602359553841,91.72802598164,3893200
2023-11-15,92.52306365966797,92.93495875354787,92.38895896009386,92.62843268192735,4183700
2023-11-16,92.45601654052734,92.59970224338798,92.06328341474395,92.31233814582515,2122600
2023-11-17,92.867919921875,92.95413427452682,92.54223912069031,92.73381520278024,4134900
2023-11-20,93.519287109375,93.70128949971853,92.81044684891127,92.81044684891127,3102200
2023-11-21,93.2702407836914,93.42350018673967,93.11697407248411,93.42350018673967,3352300
2023-11-22,93.52886962890625,93.71087202221375,93.22234351332254,93.50013394747013,3275500
2023-11-24,93.75875854492188,93.77792053719978,93.53844679083724,93.60549914749241,774500
2023-11-27,93.50971221923828,93.6629716184848,93.42349786928304,93.59591926103467,8016600
2023-11-28,93.6629638671875,93.90243759657105,93.31812111222253,93.48096149424536,6387600
2023-11-29,93.65339660644531,94.18982280848152,93.5863442447107,94.01740140571262,4086800
2023-11-30,93.89286804199219,93.9886633919449,93.47139919646862,93.76834431847645,3946800
2023-12-01,94.59212493896484,94.68791297094225,93.66296568165144,93.71086335171934,5299500
2023-12-04,94.00780487060547,94.17064524959427,93.62464544909915,93.80664781865022,3605500
2023-12-05,93.82581329345703,94.04613236131696,93.54803017177474,93.68213488850375,2374800
2023-12-06,93.6438217163086,94.44845004680072,93.58634304401684,94.44845004680072,3211000
2023-12-07,94.24728393554688,94.36223396095923,93.79707213787995,94.00781019705668,2923200
2023-12-08,94.55381774902344,94.65918678721542,93.9982368764037,93.9982368764037,2459800
2023-12-11,94.88907623291016,94.94655490238037,94.32392169159164,94.38139305290298,4661300
2023-12-12,95.19560241699219,95.22434540582992,94.53465983690175,94.78370727489113,3356200
2023-12-13,96.50792694091797,96.55582461700597,95.00403199456206,95.28182243792197,6968900
2023-12-14,97.13054656982422,97.40833697423295,96.64201811323242,97.06349421759855,3648600
2023-12-15,96.71865844726562,97.13055358587823,96.64202509399844,96.98686787554196,2759200
2023-12-18,97.14971160888672,97.2838163276337,96.9006641644475,97.07307825298585,2490300
2023-12-19,97.84896850585938,97.86812318885889,97.38917572412943,97.45622807686522,8803800
2023-12-20,96.48744201660156,98.00563460403087,96.46810522604233,97.69619431161338,8277200
2023-12-21,97.6961898803711,97.73487083737363,96.96126645259932,97.2803788146416,4268500
2023-12-22,97.84124755859375,98.12167898064108,97.47378951124136,97.81223868349207,3520000
2023-12-26,98.3150634765625,98.47945199895614,97.95727756048663,98.05397625732775,3021300
2023-12-27,98.59549713134766,98.66318695845837,98.24737591259604,98.36341877805918,3906000
2023-12-28,98.59549713134766,98.9049373949449,98.54715147063305,98.75988565752542,3909100
2023-12-29,98.41175842285156,98.77922378553609,98.13133442599083,98.60516318680062,3341500
2024-01-02,97.57048034667969,97.88959270232253,97.27070478033124,97.67685113189397,4067100
2024-01-03,96.796875,97.22235813656076,96.64215855429298,96.96126352907558,3666800
2024-01-04,96.69050598144531,97.29972182494313,96.62281615190535,96.68084127553824,2677000
2024-01-05,96.77754211425781,97.40609476108199,96.56480053739686,96.67117132582734,3524100
2024-01-08,97.93793487548828,97.94760695860995,96.77753574057289,96.80654461230012,7516600
2024-01-09,97.49311828613281,97.69618777278669,97.09665139627657,97.16434122516121,4043600
2024-01-10,97.9476089477539,98.09266068697352,97.5027890244149,97.58981564136391,7878600
2024-01-11,97.89925384521484,98.27638393265369,97.09664801004163,98.12166749101512,5916000
2024-01-12,98.10232543945312,98.60517048530261,97.92826482783414,98.36342004570056,3336100
2024-01-16,97.24169158935547,97.64783792288245,96.92258662552116,97.46410523337352,5238500
2024-01-17,96.49710083007812,96.53578178351559,95.98459110789743,96.30369606289084,13827200
2024-01-18,97.3384017944336,97.39641953984007,96.59380629940634,96.84522882556445,5332200
2024-01-19,98.3150634765625,98.33440764251331,97.24169097305959,97.48344140398119,3887700
2024-01-22,98.46979522705078,98.77923550845564,98.32474348128387,98.50847618443117,17480900
2024-01-23,98.67285919189453,98.70186806389503,98.23770397897353,98.46011762704042,12402400
2024-01-24,99.00163269042969,99.66886623303773,98.94361494851162,99.55282337156403,5796800
2024-01-25,99.39811706542969,99.40778914928109,98.9242882436477,99.36910819151382,4227600
2024-01-26,99.48514556884766,99.72689602623684,99.3110849444219,99.50448973691634,4609900
2024-01-29,100.1427001953125,100.19105323450798,99.37876791737946,99.5044828682325,5161200
2024-01-30,99.97830963134766,100.08468041330228,99.75590336190638,99.89128301573267,2354400
2024-01-31,98.68253326416016,99.90095017856666,98.6631890973447,99.69788069283224,7041000
2024-02-01,99.9106216430664,99.9106216430664,98.86625797064056,99.01130971030604,11843600
2024-02-02,100.31675720214844,100.55850763416089,99.57216911771067,99.71722085244568,5939800
2024-02-05,99.92996215820312,100.20072885857243,99.42712446993657,100.05567711349842,3258400
2024-02-06,100.51016235351562,100.51016235351562,100.07500714766897,100.21038679989564,5034200
2024-02-07,101.02267456054688,101.10970117726107,100.62620029959224,100.68422542170629,2348400
2024-02-08,101.00333404541016,101.0613591696219,100.7712556814777,100.98399725576502,4335400
2024-02-09,101.54486846923828,101.60288622061375,101.05169544963042,101.12905736989023,3663800
2024-02-12,101.67056274414062,102.07670170586847,101.4868300519904,101.4868300519904,3071700
2024-02-13,100.05567169189453,100.50049160908381,99.50448099259066,100.26841325612371,3387200
2024-02-14,101.15805053710938,101.22574036241572,100.41345508110203,100.7229027140883,2691600
2024-02-15,101.97032928466797,101.98967345070852,101.351448768849,101.38045764027211,3224900
2024-02-16,101.71891784667969,102.27010855667851,101.49650419495056,101.98967715999308,2704600
2024-02-20,101.42881774902344,101.77693898564621,101.03235084920419,101.68991236530962,3328500
2024-02-21,101.45783233642578,101.47717650490438,100.84862382684531,101.19674508307375,4057800
2024-02-22,103.20809936523438,103.35314372469875,102.53119371797004,102.57954675621671,4529700
2024-02-23,103.24678039550781,103.57556484851521,103.07271977394822,103.42084101706742,1867900
2024-02-26,102.96635437011719,103.33381239624015,102.88899245588975,103.23711369227497,2002300
2024-02-27,103.16941833496094,103.19842720683266,102.84063390592642,103.01469451479461,5568300
2024-02-28,102.73426055908203,102.8793122924571,102.58920882570696,102.70525168793453,4609100
2024-02-29,103.1307373046875,103.3241347021165,102.59888339530103,103.20809921471422,4878200
2024-03-01,104.12674713134766,104.19443695769958,103.21776313950369,103.39182374692832,3603700
2024-03-04,103.97203063964844,104.27180621545102,103.89467610239325,103.98170272341969,3548200
2024-03-05,103.1307373046875,103.8269797396524,102.7342630490289,103.66258383643616,3913600
2024-03-06,103.93335723876953,104.34916830998989,103.69160678753998,104.08807369118453,2515400
2024-03-07,105.01638793945312,105.16143967660359,104.42651628530896,104.57156802245943,2188000
2024-03-08,104.5038833618164,105.61593689809597,104.33949482781668,105.22913470578504,3063100
2024-03-11,104.29114532470703,104.39751611564157,103.80764441232763,104.14609357546553,1490700
2024-03-12,105.34517669677734,105.40319444296597,104.21377900263228,104.73596085124429,2195700
2024-03-13,105.20979309082031,105.46120823329919,104.97770735949511,105.28714762362421,2082800
2024-03-14,104.79398345947266,105.35483887365488,104.24279275099776,105.35483887365488,3938900
2024-03-15,104.26212310791016,104.62958109834487,104.00103589479767,104.40717483858933,2241000
2024-03-18,104.68760681152344,105.0744089696513,104.61991698717388,104.95836610892168,1913200
2024-03-19,105.05506896972656,105.14210296313425,104.2814646227956,104.50387827027055,3858000
2024-03-20,106.11876678466797,106.15744773882005,104.98737654186036,105.09374732136921,2954100
2024-03-21,106.35084533691406,106.72797539241498,106.31216438537074,106.62160462008015,4229400
2024-03-22,106.09943389892578,106.34118433804012,106.02207198777609,106.27349451019363,1712000
2024-03-25,105.88668823242188,106.10910187395648,105.81899840719615,105.83833519541595,871600
2024-03-26,105.74163818359375,106.26382000549853,105.7223013950659,106.18645809611165,1940300
2024-03-27,106.51525115966797,106.51525115966797,105.8866985057954,106.23481974862825,1268500
2024-03-28,106.49590301513672,106.70864458643904,106.42821318587126,106.46689414225696,986300
2024-04-01,106.2444839477539,106.73764952380246,106.01239821799693,106.60226987026311,1857200
2024-04-02,105.61592864990234,105.65460960387642,105.27747952467617,105.45154012874072,1836400
2024-04-03,105.86735534667969,106.13811465756329,105.42252804721329,105.44187221378378,2473600
2024-04-04,104.80364990234375,106.80534328499859,104.73596007308056,106.80534328499859,2584200
2024-04-05,105.6256103515625,105.95438742382571,104.82299708319533,104.9680488293978,4344700
2024-04-08,105.84801483154297,106.07042848894876,105.71263517143097,105.92537674521786,1934900
2024-04-09,106.00273132324219,106.34118045010065,105.18077395819466,106.30249949594003,1983600
2024-04-10,104.79398345947266,105.20979451166514,104.37817240728016,104.70694946464086,7321600
2024-04-11,105.4128646850586,105.63527095998847,104.3394921334913,105.1130891204986,1702100
2024-04-12,103.78829956054688,104.83266322080175,103.49819608459678,104.52321557838147,3319500
2024-04-15,102.78262329101562,104.71662691140699,102.57955379619114,104.68761803752325,5107700
2024-04-16,102.24110412597656,102.78262277612916,101.9510006333158,102.41516474604536,2512400
2024-04-17,101.86396026611328,102.80195313908477,101.52551113092713,102.77294426715993,2289800
2024-04-18,101.71891784667969,102.54086786999191,101.52551306742872,102.03802282157734,1116500
2024-04-19,101.09036254882812,101.91231255038097,100.84861211439271,101.61254437252515,4029600
2024-04-22,102.1153793334961,102.56019923579466,101.32243822459213,101.58353281836497,2442700
2024-04-23,103.2564468383789,103.37248970562521,102.40548794481981,102.44416890056858,2936800
2024-04-24,103.19844055175781,103.59490748133625,102.76328528449707,103.51755293888793,2191900
2024-04-25,102.87931823730469,103.03404206254879,101.64155714590406,101.90264437895591,2621100
2024-04-26,103.8366470336914,104.05906068615327,103.39182710640567,103.49819789093465,2381300
2024-04-29,104.29114532470703,104.36850724132096,103.82698858030034,104.18477453377248,1799800
2024-04-30,102.71492767333984,104.10741256242537,102.71492767333984,103.90433570140215,2361000
2024-05-01,102.44416809082031,103.91400750946579,102.30878843558867,102.71492740128359,2208200
2024-05-02,103.72061157226562,103.87532801858121,102.58921389810956,103.43050809117166,2099800
2024-05-03,104.85200500488281,105.07441866405892,104.2911421927328,104.81332404773748,3358900
2024-05-06,105.7996597290039,105.7996597290039,105.25813375923414,105.33549566600661,1740500
2024-05-07,105.82867431640625,106.08008946054174,105.6932946610601,105.94470980519559,2224000
2024-05-08,105.7706527709961,105.83834260095809,105.30649604486754,105.30649604486754,564100
2024-05-09,106.40887451171875,106.41854659505337,105.71263206438455,105.83833963718293,925400
2024-05-10,106.54425811767578,106.92138822768983,106.37986958308262,106.82468952367257,856100
2024-05-13,106.61194610595703,106.94072316946196,106.44755757420457,106.94072316946196,787900
2024-05-14,107.20181274414062,107.2598304872947,106.70863979441772,106.7279839605609,1106900
2024-05-15,108.4299087524414,108.47826179330691,107.54994095426734,107.68532061552489,2645100
2024-05-16,108.2074966430664,108.65231656004717,108.17848777116473,108.47825595099924,2796900
2024-05-17,108.45892333984375,108.46858804575803,108.1204668142534,108.20750081094862,1785100
2024-05-20,108.52660369873047,108.77801882804746,108.3815519686553,108.47825066282626,3488600
2024-05-21,108.54594421386719,108.5652810023104,108.19782300078764,108.22683187227132,1540800
2024-05-22,108.03343963623047,108.37188878243158,107.64663745015574,108.30419895319136,2051000
2024-05-23,107.31786346435547,108.7780308766357,107.08577771947368,108.7780308766357,1731900
2024-05-24,108.01409149169922,108.16881531148677,107.56927157626671,107.69498652425355,927600
2024-05-28,108.04310607910156,108.31386538192686,107.56926992151962,108.2848565105724,2290800
2024-05-29,106.95040130615234,107.1631428899377,106.86337468240662,107.01809113938964,5467500
2024-05-30,106.67963409423828,107.11478193610554,106.44755573708494,106.87303149559308,4292300
2024-05-31,107.41455841064453,107.43389519988892,105.95438367181967,106.84402352982185,1879700
2024-06-03,107.6272964477539,107.97541766383026,106.78600227929641,107.89805575411602,3648700
2024-06-04,107.48224639892578,107.60795397095673,106.85369378349529,107.25016804377717,1941400
2024-06-05,108.72000885009766,108.72000885009766,107.66597308875087,108.13013718260702,2322800
2024-06-06,108.82637023925781,109.03911178984032,108.48792112589351,109.03911178984032,2458000
2024-06-07,108.28486633300781,108.83605707165385,108.20750441728666,108.70067740796102,2217600
2024-06-10,108.60397338867188,108.69100738992196,107.92707505734225,108.13014455674114,8037900
2024-06-11,108.38456726074219,108.41381966441116,107.5752160412234,108.28705676865438,8451800
2024-06-12,109.42794799804688,109.99351928228346,109.19392132302872,109.61322314553875,3698100
2024-06-13,109.0866470336914,109.54494705822361,108.60883300879641,109.49619553539584,4186700
2024-06-14,108.88187408447266,108.88187408447266,108.2967962869598,108.52107710128283,1931500
2024-06-17,109.57421112060547,109.76923209857578,108.61859047357464,108.7161009625598,999300
2024-06-18,110.02276611328125,110.02276611328125,109.57421190906312,109.57421190906312,2895100
2024-06-20,109.79847717285156,110.26653790414258,109.41818108349077,110.16902742166573,3286100
2024-06-21,109.35969543457031,109.62297452732436,109.14516787180631,109.4864583400335,1650500
2024-06-24,109.45719146728516,110.24703608072862,109.45719146728516,109.47669058878914,3223300
2024-06-25,109.78873443603516,109.8569999638549,109.36944006507602,109.56446104875812,2770300
2024-06-26,109.66197204589844,109.77898910039109,109.26217679563588,109.40843881428457,2970100
2024-06-27,109.81800079345703,110.0130217887075,109.54496098470264,109.78874094855277,3234100
2024-06-28,109.60346984863281,110.50057830238651,109.29143180212832,110.06177735684308,3997400
2024-07-01,109.78873443603516,110.06177422859321,109.36944006507602,110.00326198182965,2068200
2024-07-02,110.37380981445312,110.38355565571918,109.5059538090706,109.55470533412137,1170400
2024-07-03,111.17341613769531,111.23192094800852,110.54934002910758,110.54934002910758,692700
2024-07-05,111.80723571777344,111.86574052295337,111.09539501659953,111.19290550509055,1694400
2024-07-08,111.80723571777344,112.07051478065654,111.60245402049688,111.94375188957555,1788900
2024-07-09,111.7779769897461,112.01201109194534,111.66096737821994,111.94375300536392,2000600
2024-07-10,112.91887664794922,113.00663385960056,112.13877782637107,112.13877782637107,1685800
2024-07-11,112.48006439208984,113.48443656852363,112.36305478058982,113.20165094144276,3787400
2024-07-12,113.2991714477539,113.9037409597859,112.81161154988365,112.81161154988365,1776500
2024-07-15,113.1821517944336,113.7769754513392,112.88961288660107,113.52344222718924,2661300
2024-07-16,113.78672790527344,113.8452327105854,113.23090993608949,113.33817370554371,12654900
2024-07-17,112.35330200195312,113.04563615152553,112.29479719594161,112.75309724232096,2736900
2024-07-18,111.39768981933594,112.8603695974664,111.02714695378955,112.8603695974664,3432400
2024-07-19,110.66634368896484,111.46594162499787,110.51032839000831,111.2709206414088,3837400
2024-07-22,111.80723571777344,111.86574052295337,111.16365310250058,111.45619200754705,1556400
2024-07-23,111.42694091796875,111.90475499638183,111.35868282670602,111.64146847324417,1374100
2024-07-24,109.23291778564453,110.724857343406,109.10615488865739,110.67609837710201,2834000
2024-07-25,108.6771011352539,110.2080389574951,108.35531724822049,108.8331238776964,3338200
2024-07-26,109.9642562866211,110.37381225563202,109.40843829964946,109.54495447612855,1745200
2024-07-29,109.86673736572266,110.23728762165726,109.50594782966813,110.1007714556518,1641400
2024-07-30,109.49620056152344,110.33480416421578,108.91113018372201,110.09102422016738,2305300
2024-07-31,111.29042053222656,111.83649268127832,110.80286063031438,110.95888336992167,2361800
2024-08-01,109.31092834472656,111.56346014684274,108.69660554755325,111.14415833429071,2101500
2024-08-02,107.38993835449219,108.05302010038405,106.52208234819491,107.77023447232702,3615000
2024-08-05,104.57184600830078,105.54696581519542,102.68986448341117,102.68986448341117,6906000
2024-08-06,105.28369140625,106.52209034247171,104.29881827456245,104.61085632901333,4126700
2024-08-07,105.08865356445312,107.2534206282196,104.97164395424308,106.83411883262903,10883700
2024-08-08,107.30217742919922,107.44844687858667,105.71273492610776,106.0442720677843,2609100
2024-08-09,107.77999114990234,107.9945186979185,106.91213511625426,107.1949207532234,1569500
2024-08-12,107.85800170898438,108.3065559243845,107.44845317834606,108.03352357062562,3017000
2024-08-13,109.51570892333984,109.60347357918006,108.41382616152309,108.48208425403254,4334700
2024-08-14,109.80824279785156,109.99351794308768,109.24267152050093,109.72047814605465,1621100
2024-08-15,111.55370330810547,111.57320243011627,110.84186260174963,110.85161588254175,859700
2024-08-16,111.94375610351562,112.04126659567727,111.36843155248665,111.41719051835432,2234700
2024-08-19,113.06513977050781,113.07489305175547,112.1777846058894,112.34355318923065,2268800
2024-08-20,112.78236389160156,113.21141156086928,112.49957824618993,112.987138164574,1776200
2024-08-21,113.367431640625,113.52344694226174,112.79210708187847,113.10414512472572,2689000
2024-08-22,112.4703140258789,113.75747930232319,112.27529304194269,113.64046224821726,2864100
2024-08-23,113.99150085449219,114.06951222039463,113.12364486765416,113.21140207461443,2086800
2024-08-26,113.57219696044922,114.08900923073537,113.31866374574487,113.99149874494853,2118100
2024-08-27,113.79647827148438,113.93299444902306,113.25041356132967,113.52344591640703,1466500
2024-08-28,113.17240142822266,113.74772597789043,112.60683759919375,113.71847357426851,1113400
2024-08-29,113.2699203491211,114.21578031264417,113.10414432785946,113.54295270474209,2105900
2024-08-30,114.06951904296875,114.17677537803303,113.02614114023177,113.69896875255596,1105300
2024-09-03,111.88524627685547,113.48444218953595,111.4269387702506,113.48444218953595,1730100
2024-09-04,111.54395294189453,112.20703470118917,111.29041971168884,111.41719004657851,1663000
2024-09-05,111.40744018554688,112.07052196519697,110.95888595807384,111.56346292879343,1311900
2024-09-06,109.51570892333984,111.71948188654746,109.33044120914222,111.40744382942219,1865700
2024-09-09,110.6468505859375,110.95888864039996,110.0812792873574,110.42256974699228,1101500
2024-09-10,110.80286407470703,110.88087544693572,109.8374975219924,110.85162304224345,1075800
2024-09-11,111.7779769897461,111.96325212742713,109.28167274954193,110.78335809390646,2528100
2024-09-12,112.75309753417969,112.83110890211263,111.55370437039808,111.96325289268577,1991300
2024-09-13,113.31867218017578,113.49419404348565,112.8896170832908,113.02614070104181,1015100
2024-09-16,113.70872497558594,113.76722978523892,113.06514231110722,113.4356926111067,3171800
2024-09-17,113.59170532226562,114.21578140955677,113.19191006614496,114.05001282627683,1563900
2024-09-18,113.2699203491211,114.67408781225384,113.14315001288726,113.65021647867515,1133600
2024-09-19,115.28841400146484,115.61995115319256,114.62533225843595,115.24940831780744,2830700
2024-09-20,114.83010864257812,115.06413530927911,114.36204786960258,114.9178658527509,2584000
2024-09-23,115.26891326904297,115.41518273026176,115.0056341905082,115.22990758341302,1127100
2024-09-24,116.05874633789062,116.09775201961985,115.31766070375488,115.77596816460675,1765900
2024-09-25,115.57119750976562,116.14652207073411,115.47368701591935,116.04901157688784,2631200
2024-09-26,116.85835266113281,117.19965054103976,116.44880413273285,116.9266181887731,1331600
2024-09-27,116.58531951904297,117.24840127272996,116.38054525623026,117.0046213256329,1619200
2024-09-30,116.57557678222656,116.6633339945233,115.67846089894192,116.45855972625715,3410500
2024-10-01,115.83448028564453,116.60482580942617,115.22990334000521,116.47805547590382,2631100
2024-10-02,116.10751342773438,116.22453048111348,115.36642030214733,115.74671642616238,5192700
2024-10-03,115.53218841552734,115.91248451352004,115.1908905597522,115.51268185484545,1287800
2024-10-04,116.50731658935547,116.60482708111594,115.67845881045724,116.27328248164193,907200
2024-10-07,115.7759780883789,116.40980001198083,115.45418676621028,116.38054760806982,2220200
2024-10-08,116.07826232910156,116.1757728215601,115.59070242723516,115.76622428949001,1346100
2024-10-09,116.55606842041016,116.66333219349943,115.65895999054865,115.74671720149061,1163000
2024-10-10,116.43905639648438,116.62432409560842,115.99049475126152,116.35129174778477,653800
2024-10-11,117.17039489746094,117.29715778905839,116.3512904237377,116.3512904237377,1093800
2024-10-14,117.77497100830078,117.9212404696366,117.15089491687019,117.25815869254487,634100
2024-10-15,116.54631805419922,117.67746062067684,116.29279225653259,117.57995012622246,925500
2024-10-16,117.01437377929688,117.10213098863605,116.53656716944533,116.59507197567144,1476600
2024-10-17,116.96561431884766,117.59944366204823,116.94611519671274,117.48243405009173,2363200
2024-10-18,117.64820098876953,117.75546475795193,117.29715727864047,117.61894858618767,996400
2024-10-21,117.08263397216797,117.44343097605626,116.60482735372301,117.01437588381869,2487700
2024-10-22,116.82909393310547,117.0533747472252,116.41954542687628,116.53656247418743,5334000
2024-10-23,115.79547882080078,116.52681868703742,115.16164944881426,116.52681868703742,3230000
2024-10-24,116.0685043334961,116.3122842745274,115.59069773215528,116.29278515265719,3242300
2024-10-25,115.86373901367188,116.94612263051337,115.79548092250052,116.54631992538545,3116100
2024-10-28,116.46831512451172,116.68284267790153,116.39030375244744,116.52681993377297,1559300
2024-10-29,116.40005493164062,116.64383488525836,116.00025223671213,116.28303787565756,1370800
2024-10-30,115.88323211669922,116.52681474822869,115.75646922241626,115.94174436293055,1196100
2024-10-31,114.13777923583984,115.26891437163229,114.07926698704833,115.2396619670235,2210200
2024-11-01,114.57657623291016,115.37617416946327,114.49856486359432,114.80085705979975,1897000
2024-11-04,114.55707550048828,115.15189172433493,114.28403571171994,114.87885937514012,1935700
2024-11-05,115.89299011230469,115.91249667503321,114.89837116079315,114.90811700258352,1754700
2024-11-06,117.27765655517578,117.42392601493961,116.19528040790048,116.75109840334402,3767200
2024-11-07,118.59407043457031,118.82809709891217,118.05775157923112,118.13576294720292,1079800
2024-11-08,118.28202819824219,118.46729589112346,117.99924257907543,118.26252163715579,1200400
2024-11-11,118.42829895019531,118.69158546728318,118.08700850172384,118.5940749733733,1885300
2024-11-12,117.55069732666016,118.10651532671282,117.02413173088809,118.0772554828584,1440800
2024-11-13,117.31666564941406,117.65796354530505,116.89736382034633,117.45318183194087,2627600
2024-11-14,116.77059936523438,117.6189562935666,116.6730888703807,117.41418202250169,1081900
2024-11-15,115.6882095336914,116.37079040049689,115.3761715032127,116.37079040049689,2126900
2024-11-18,116.26354217529297,116.46831644961105,115.6004603843503,115.82473378211935,2145700
2024-11-19,116.58531951904297,116.74134225618042,115.31766825788232,115.52244252069504,2115400
2024-11-20,116.58531951904297,116.58531951904297,115.5711940463703,116.5463138347586,1851000
2024-11-21,117.02413177490234,117.27765757181201,116.14652244828548,116.96561952674534,3615000
2024-11-22,117.44342803955078,117.53118524827404,116.96561399347921,117.02412623886819,2370400
2024-11-25,117.85298156738281,118.4185528462107,117.44343303012418,118.31128907127528,1392500
2024-11-26,118.02850341796875,118.17477287827927,117.60920159951795,118.02850341796875,1691500
2024-11-27,117.94073486328125,118.39904235195434,117.62869683007861,118.1552624060281,1367900
2024-11-29,118.7403335571289,118.88660301354638,117.98949459222712,118.07725180233344,1756600
2024-12-02,118.99386596679688,119.13038214129418,118.60381656555879,118.86710307321326,2306100
2024-12-03,119.2083969116211,119.29615412362811,118.8378540616352,119.07188073322767,1195800
2024-12-04,119.84222412109375,119.90072892804606,119.43267559328031,119.60819745371087,2090600
2024-12-05,119.91048431396484,120.20301579343513,119.62769867610862,119.9299834367667,2185900
2024-12-06,120.05675506591797,120.31028086294003,119.90073232352854,120.13475899753885,1442500
2024-12-09,119.77396392822266,120.50530376056852,119.68619927976293,120.48579719887815,4113700
2024-12-10,119.06212615966797,119.83247169485408,118.93536326384253,119.83247169485408,2371900
2024-12-11,119.91048431396484,120.06649961510091,119.57893970974337,119.65695108009828,3039700
2024-12-12,119.15963745117188,119.84222577988257,119.14013832844242,119.65695063587093,2622700
2024-12-13,119.02311706542969,119.56918919700728,118.7598380002344,119.45217214604634,2132600
2024-12-16,119.26689147949219,119.53017797205524,119.07187050983839,119.15962771431067,8437000
2024-12-17,118.81047058105469,119.01704526477677,118.5842253343522,118.86948977497987,5852200
2024-12-18,115.27900695800781,119.06622422603742,115.11177341247121,118.78095230127899,6811200
2024-12-19,115.2888412475586,116.48894816494686,115.24950012353133,116.29221252487622,4804800
2024-12-20,116.19384765625,117.09884363153628,114.46254546071432,114.59042287951007,4712000
2024-12-23,116.91193389892578,117.01030171673425,115.63313725744888,115.97742837227023,3194700
2024-12-24,117.89563751220703,117.91531558049887,116.96113190291537,117.01031206367676,825400
2024-12-26,117.99400329589844,118.23009508140846,117.47264706995237,117.55134433178905,1489200
2024-12-27,117.09883880615234,117.47263951837132,116.42992713350864,117.45296895666863,3466700
2024-12-30,115.89873504638672,116.48894947823628,115.31835964814668,115.98727133890517,2461700
2024-12-31,115.58395385742188,116.449601193028,115.36754014727441,116.34139433795428,5077300
2025-01-02,115.35770416259766,116.42993370803589,114.73798011669153,116.08564257142137,4057000
2025-01-03,116.55780792236328,116.70536340684862,115.65281195816264,115.88889623034896,2191900
2025-01-06,117.36443328857422,118.14155181716012,117.08900039337588,117.58084699336821,3330900
2025-01-07,116.23320007324219,117.94482425704705,115.88890142568016,117.86612699446236,15707400
2025-01-08,116.24303436279297,116.44960905324537,115.51510342905821,115.8790726484177,2782700
2025-01-10,114.47238159179688,115.53476455520195,114.14776103118085,115.53476455520195,4178300
2025-01-13,114.45270538330078,114.47238345061841,113.17390869205306,113.40015393131966,2217500
2025-01-14,114.7773208618164,115.14129004122267,114.11824823057941,115.09210238009253,1798300
2025-01-15,116.64634704589844,116.8824313238142,116.12499082571684,116.43977236459915,2160000
2025-01-16,116.65617370605469,117.04965248948145,116.45943806683309,116.9414456364145,4808300
2025-01-17,117.64971160888672,117.91531299010303,117.30542047118401,117.48248555700025,1391100
2025-01-21,118.98753356933594,118.9973726031446,118.11204718496083,118.43666775579219,2330400
2025-01-22,119.42035675048828,119.71546020939968,119.33182045932637,119.70562868092446,2224100
2025-01-23,120.07942962646484,120.07942962646484,119.25313093395734,119.31215012485542,2041900
2025-01-24,120.06959533691406,120.48275220447515,119.88269872335802,120.3056871198015,1253100
2025-01-27,118.63340759277344,118.77112405102419,117.82677940659724,117.82677940659724,5934800
2025-01-28,119.42035675048828,119.56791223243577,118.28910806220232,118.73176700306121,1527600
2025-01-29,119.06623077392578,119.49905820149768,118.62356431254985,119.26296642010365,1495600
2025-01-30,119.98107147216797,120.41389892024486,119.44003716207186,119.67612895465064,2623100
2025-01-31,119.21378326416016,120.7876909089684,119.12524697211714,120.35486349227727,2871000
2025-02-03,118.24976348876953,118.712100512402,116.98079830847523,117.43329629831149,3330800
2025-02-04,119.32199096679688,119.45970741763537,118.5055237904088,118.58422104945473,2030500
2025-02-05,119.9023666381836,119.95155430144486,118.97769260475464,119.44986865511811,2394500
2025-02-06,120.31551361083984,120.34502320621918,119.73513822175673,120.2860040154605,1145200
2025-02-07,119.35150146484375,120.75818308474157,119.25313364278466,120.57127896934068,2692700
2025-02-10,120.31551361083984,120.32535264429416,119.82366700789473,120.16796563394317,1794500
2025-02-11,120.33519744873047,120.49258446662935,119.77449259468234,119.96138920937577,2912800
2025-02-12,120.22698974609375,120.4925836203632,119.17443827290522,119.44987118103174,1542000
2025-02-13,121.62383270263672,121.62383270263672,120.27617024974934,120.70899768089237,1946800
2025-02-14,121.60415649414062,121.99762777147508,121.51562020325188,121.99762777147508,1850600
2025-02-18,122.10584259033203,122.12552065847265,121.64351305880365,121.83040967623545,1465600
2025-02-19,121.95829010009766,122.03697985480196,121.48611404695308,121.67301816246628,1712200
2025-02-20,121.79105377197266,122.0271455456574,121.19100031424519,121.95828732124525,1265200
2025-02-21,120.1384506225586,121.86975279642485,119.97122457584557,121.86975279642485,1722500
2025-02-24,119.49905395507812,120.56143691366398,119.3318204062874,120.40404990331123,3654200
2025-02-25,119.3121566772461,120.04992662392335,118.53503809948128,120.0302485558876,3115400
2025-02-26,119.53839874267578,120.4827508536701,119.11541035097467,119.93187753809278,1515300
2025-02-27,117.71856689453125,119.81383827515796,117.65954770239543,119.69579238590256,2304900
2025-02-28,118.85965728759766,118.9285155149498,116.96112901347828,117.50215579839261,3213100
2025-03-03,117.60052490234375,119.97122160853395,116.86275500334531,119.81383459933905,2080500
2025-03-04,116.74471282958984,118.24976227060208,115.47574766236798,116.93161694487343,2477100
2025-03-05,118.59405517578125,118.87932711733352,116.84308240106664,117.34476805724366,3238500
2025-03-06,116.76438903808594,118.23009742515991,116.35123966272918,117.41363020363292,2601800
2025-03-07,117.55133819580078,117.74807383513924,115.69215863561315,116.63650321340818,3069400
2025-03-10,114.51173400878906,116.10531225910307,113.51820173206104,115.7118334609449,3143300
2025-03-11,113.91168212890625,115.00358224425206,113.05586629377511,114.31499246156531,3854200
2025-03-12,114.59042358398438,115.16096746516607,113.5772207461867,114.90520512101844,6023800
2025-03-13,113.28211975097656,114.45270963036631,112.96733070208332,114.1674376835448,3381500
2025-03-14,115.5347671508789,115.71183223292174,114.22646085548972,114.24613141794615,1630700
2025-03-17,116.6856918334961,117.10868021603089,115.64297192248958,115.71183014732159,1420900
2025-03-18,115.84954833984375,116.42009221416866,115.39705035485687,116.26270520003503,2009500
2025-03-19,116.79389953613281,117.5021523517009,115.78068921340902,116.03645155249353,5359100
2025-03-20,116.30205535888672,116.92177939984579,115.6233046199907,115.71183340942035,2272500
2025-03-21,116.0561294555664,116.20367743465292,115.11177735951067,115.26917187718118,1582900
2025-03-24,117.75791931152344,117.75791931152344,116.9611301721291,117.12835622521463,3691600
2025-03-25,117.81693267822266,118.06285598117918,117.62019703785087,117.94481759894957,2414000
2025-03-26,116.51846313476562,117.79726736915926,116.23319869500071,117.58085365210951,1724100
2025-03-27,116.35123443603516,116.96112694248637,115.89873644930701,116.26270564742876,1785600
2025-03-28,114.34449768066406,116.02661218463693,114.1772716346221,115.9085738015408,2029600
2025-03-31,114.49205780029297,114.7478201489965,112.39679386067924,113.1050542078681,2622600
2025-04-01,114.89537048339844,115.21015201191527,113.57721767305796,114.23629032573638,2637400
2025-04-02,115.48558807373047,115.93808606430326,113.77396393461014,113.78379546343852,2394300
2025-04-03,111.06880187988281,112.86895471694923,110.92124640012761,112.23939167464493,3714800
2025-04-04,104.27147674560547,108.0390234141191,104.27147674560547,107.78326108674398,6192600
2025-04-07,103.2582778930664,106.96679800832483,99.5989379355267,101.11382638595893,10798000
2025-04-08,101.9007797241211,107.0553377354026,100.52361518406805,106.56349111253112,7824500
2025-04-09,110.86222839355469,111.32456543069559,101.24170942533294,101.40893547983548,10941700
2025-04-10,107.4684829711914,108.95386181662799,104.7043074583784,108.81614536791028,10438700
2025-04-11,109.28831481933594,110.01624569793194,107.09468314999049,107.24223112843427,5281600
2025-04-14,110.81304168701172,111.79673489771757,109.8195094428034,111.67868901063878,2556900
2025-04-15,110.88190460205078,111.76723003013352,110.71467855035291,111.12782791513021,2828800
2025-04-16,109.12108612060547,110.68515469394987,108.25543881318687,110.03592108963178,4677800
2025-04-17,109.58342742919922,110.49826243418518,109.18994863582112,109.95722815516733,2470700
2025-04-21,107.81278228759766,109.18011535021121,106.77990884370837,108.95387009797153,6984800
2025-04-22,110.24250030517578,110.73434692160023,108.97353513420266,108.97353513420266,5349000
2025-04-23,111.59016418457031,113.30178833055122,111.32456280546232,112.59352799290839,2144700
2025-04-24,113.62640380859375,113.73461066115927,111.72787562946709,112.07216674900125,2877600
2025-04-25,114.28547668457031,114.33466434673949,113.07553074205413,113.40015130041012,2710400
2025-04-28,114.50189208984375,114.80683458586532,113.54770846747265,114.49205305626715,3091000
2025-04-29,115.082275390625,115.32819871204568,114.10842113919468,114.29532526506932,3759800
2025-04-30,115.082275390625,115.46591517164252,112.97717235966273,113.97070467959783,4055100
2025-05-01,115.50525665283203,116.4889498776151,115.43639842729655,116.0462909284562,1376200
2025-05-02,117.46281433105469,117.70873764302324,116.84308278170423,117.05949649703399,1844000
2025-05-05,117.22672271728516,117.71856934193264,116.86276101823572,116.86276101823572,2752200
2025-05-06,116.54798126220703,117.2365635452574,116.07580519312677,116.42993536869096,3736600
2025-05-07,116.64634704589844,117.059496408497,115.89873807668397,116.35123606976582,3436800
2025-05-08,117.02998352050781,117.93497948121922,116.60699513593866,117.08900271208091,2864500
2025-05-09,117.1873779296875,117.72841223653563,116.92178404586105,117.48248891614723,1836500
2025-05-12,120.04008483886719,120.04992387265958,119.00721144018046,119.76465193255072,3858000
2025-05-13,120.67948913574219,121.07296793975672,119.91220959565501,119.94171919258392,2243100
2025-05-14,120.7876968383789,121.16149757706317,120.46307625992509,120.98443248926873,1840900
2025-05-15,121.43692779541016,121.46644489687421,120.4827516542869,120.65981673815197,2173000
2025-05-16,122.0173110961914,122.04682069276474,121.14182470792454,121.59432270034465,1662200
2025-05-19,122.40094757080078,122.45013523375647,120.9942659670817,121.07296322581735,2018900
2025-05-20,122.26322937011719,122.36159718963663,121.69268550992747,122.13535195524028,1078900
2025-05-21,120.74834442138672,122.4402979839339,120.56144030541257,121.73203765496217,6068200
2025-05-22,120.67948913574219,121.29921318620092,120.2958493656986,120.3745466274983,2633500
2025-05-23,120.3056869506836,120.71883631268003,119.27280604070866,119.31215467113458,2805900
2025-05-27,122.32225799560547,122.36160662744493,121.31889415114361,121.57464900062392,4211100
2025-05-28,121.44676971435547,122.2533978922402,121.32872382064647,121.94845538138865,2161800
2025-05-29,121.88943481445312,122.5091588632327,121.23035462989638,122.5091588632327,5597500
2025-05-30,121.63367462158203,121.95829520263905,120.56144505217723,121.77139107930608,8231700
2025-06-02,122.53866577148438,122.5485048052128,121.06312592154036,121.64350883177657,2623000
2025-06-03,122.81410217285156,123.0206768571274,122.05666166384016,122.17470005200694,1475700
2025-06-04,123.1288833618164,123.49285256924549,123.0010059400092,123.03051553696594,2672900
2025-06-05,122.7649154663086,123.74860867515727,122.43045587270858,123.66007238376943,3730000
2025-06-06,123.70925903320312,123.9453432999982,123.33545081371209,123.6502323377667,1264300
2025-06-09,123.86664581298828,124.20110540322918,123.62072251324601,123.73876839891636,1256000
2025-06-10,124.45687103271484,124.51589773316458,123.76828873566934,124.03388262024856,2072900
2025-06-11,124.28964233398438,124.9192054221839,123.96502175585475,124.79132799973162,2503800
2025-06-12,124.78148651123047,124.83067417542827,124.0732261746916,124.0732261746916,1639300
2025-06-13,123.34529113769531,124.20110693313437,123.03050961034708,123.51251718238389,3165900
2025-06-16,124.42678833007812,124.94226365887552,124.18888071221991,124.23844826562433,3243100
2025-06-17,123.16785430908203,124.05010231841315,122.97950667913037,123.80227967392807,2058600
2025-06-18,123.20750427246094,123.87166713073442,122.9795041165889,123.37602185209211,4647800
2025-06-20,122.66229248046875,123.67341309271958,122.49377489940922,123.50488794871323,2794800
2025-06-23,123.76262664794922,123.82210922519148,122.12699568830426,122.43430090903979,6718500
2025-06-24,125.39825439453125,125.56677197268151,124.64487145999041,124.84313410747309,6680100
2025-06-25,125.30904388427734,125.43790893499698,124.9918236432195,125.41807888845746,2421400
2025-06-26,126.35980987548828,126.43911493601195,125.69564701023285,125.87407961493771,3802200
2025-06-27,126.92483520507812,127.32136050010953,126.2507648923648,126.65719008461528,3147800
2025-06-30,127.47997283935547,127.68813538771731,126.97440497011799,127.29162521167042,4963400
2025-07-01,127.41057586669922,127.58901603492455,126.97440559536368,127.07354070281038,3796500
2025-07-02,127.9260482788086,127.93595573896964,127.07353780226475,127.30153039311561,2118900
2025-07-03,128.6595916748047,128.8182017903633,128.1243014421608,128.25317405178882,1570200
2025-07-07,127.5394515991211,128.24325945115984,127.07354380934036,128.15404692781308,2434800
2025-07-08,127.75753021240234,128.0152603086446,127.47997007002043,127.6881326138602,1526800
2025-07-09,128.45143127441406,128.491076241018,127.84674343392396,128.26308364978533,1904300
2025-07-10,128.71908569335938,128.8776806878064,128.13421276534007,128.30273034599188,1262000
2025-07-11,128.07473754882812,128.28291522218214,127.82691490839855,127.96569498200337,879300
2025-07-14,128.253173828125,128.35229380575643,127.76743602228376,127.97561368932804,3144900
2025-07-15,127.7178726196289,128.90741827110193,127.70796515931184,128.84794325741234,1498800
2025-07-16,128.21351623535156,128.27299124826826,127.1231057047942,127.81700606531132,3145200
2025-07-17,128.72898864746094,128.8182011648195,128.0747332683786,128.13420827995097,7461500
2025-07-18,128.62985229492188,129.23454011652316,128.5109022729324,129.19489515115765,1766400
2025-07-21,128.99664306640625,129.61123836213972,128.90741542195036,129.09576304506695,2426000
2025-07-22,129.21473693847656,129.32377951050654,128.52082141143444,129.18499943027697,1964900
2025-07-23,130.751220703125,130.76114328944027,129.76985271511515,130.1167953405927,3900200
2025-07-24,130.48358154296875,130.80078665740882,130.4538440361742,130.6520991234359,1664300
2025-07-25,130.7313995361328,130.810704593397,130.206016766914,130.28530669828513,1487900
2025-07-28,130.1465301513672,130.48358043533395,129.8987075129203,130.47365784922428,1965300
2025-07-29,129.90863037109375,130.42410569539297,129.74011279170418,130.30514054308176,2139600
2025-07-30,129.4724578857422,130.196095743861,128.96690515624437,129.88879809695686,4468000
2025-07-31,128.828125,130.0672381727513,128.61003987152432,129.9482730225598,5994500
2025-08-01,127.2024154663086,128.00535842215342,126.65719505498117,128.00535842215342,8378900
2025-08-04,129.03628540039062,129.05611544607555,128.08465497001586,128.08465497001586,5921700
2025-08-05,128.67942810058594,129.44272608439923,128.41177540804733,129.26428591407551,2230900
2025-08-06,129.64097595214844,129.7698485629733,128.8578630788815,129.06602562232885,2940400
2025-08-07,129.94827270507812,130.68183314687627,129.32376995314462,130.55296053693914,2779500
2025-08-08,130.71157836914062,130.82062093954914,130.16636551709803,130.26550062688543,2377500
2025-08-11,130.3646240234375,130.8800993812167,130.1564614636864,130.6521067738102,3282500
2025-08-12,131.79208374023438,131.83174383518514,130.70167314339824,130.90983570125948,2548200
2025-08-13,132.39675903320312,132.57519919173126,128.68934218011546,132.29763905703675,2269500
2025-08-14,132.1885986328125,132.3075486564929,131.7325983322157,131.97051350546965,2425700
2025-08-15,132.2183380126953,132.52563566215386,132.0002528822615,132.5058056159617,1600100
2025-08-18,132.24807739257812,132.277814899341,131.93085715258277,132.03989971934448,4721000
2025-08-19,131.54425048828125,132.39676095029947,131.3757329130547,132.26788834093492,3362800
2025-08-20,131.39556884765625,131.65329895204283,130.58270331507006,131.5145188764664,5557200
2025-08-21,130.88999938964844,131.3261696578664,130.61243924185405,130.88009192933205,3152500
2025-08-22,133.051025390625,133.2195429773259,131.3063593819328,131.3063593819328,3234000
2025-08-25,132.1885986328125,132.84283888894788,132.1588611268924,132.77345641709869,2025400
2025-08-26,132.46615600585938,132.54546106195465,131.9110357390852,131.9110357390852,2083100
2025-08-27,132.51571655273438,132.63468170711516,132.0597313596049,132.08946886672666,1565400
2025-08-28,133.051025390625,133.11050040641425,132.45624498094435,132.87258521736314,2764300
2025-08-29,132.27781677246094,132.7238945061142,131.96059652797362,132.69415699893023,2163200
2025-09-02,131.3459930419922,131.3856380071403,130.3745325739882,130.78095018885466,3197200
2025-09-03,131.901123046875,131.99033556946392,131.34600273846303,131.8416480318157,2546400
2025-09-04,132.7833709716797,132.82303106562094,131.78217292512525,131.84164794014316,2397900
2025-09-05,132.90232849121094,133.79448391700575,132.13903054858636,133.58630625051063,3009900
2025-09-08,133.54666137695312,133.61604384857068,133.15015121541344,133.44752627362166,1909200
2025-09-09,133.7449188232422,133.8242238821314,133.20962858310673,133.3781461610363,2261000
2025-09-10,134.0423126220703,134.5577879557841,133.79448997857824,134.18109269739014,1989200
2025-09-11,135.36073303222656,135.43011550803223,134.49829993368468,134.63709513708403,2543600
2025-09-12,135.1624755859375,135.49951075031117,133.81431980254908,135.11290803214285,2009600
2025-09-15,136.0447235107422,136.0447235107422,135.63829074611482,135.9059434357345,4916300
2025-09-16,135.90594482421875,136.22314994495113,135.6283846713677,136.2033198980635,1915900
2025-09-17,135.77706909179688,136.41149444459353,134.89482109922193,136.0149842713057,3275000
2025-09-18,136.34210205078125,136.6593223022383,135.77707427597778,136.08437194089296,2778100
2025-09-19,136.5601806640625,137.2243435171702,136.094272895691,136.35201811915215,1461600
2025-09-22,137.20452880859375,137.30364878816815,136.37184837588038,136.48087581564417,2233900
2025-09-23,136.68905639648438,137.46226183273376,136.16367360328655,137.40278681854437,1646100
2025-09-24,136.1042022705078,136.76836515674336,135.86628708142132,136.6494151251472,3344000
2025-09-25,135.43011474609375,135.65812247105788,134.75604440940134,135.42020728557554,4678400
2025-09-26,136.1438446044922,136.15376719086262,135.41029925598545,135.70767432922125,2429600
2025-09-29,136.4808807373047,137.96781661758214,136.3817607541559,136.82783849306034,2861500
2025-09-30,137.0360107421875,138.0768537164273,136.3222803378615,136.56018038870795,6330300
2025-10-01,137.72991943359375,137.8885295610169,136.89723895346364,136.9071464142172,2748900
2025-10-02,138.047119140625,138.35443192264773,137.4325238283669,138.18589921519597,2031400
2025-10-03,138.2850341796875,138.8203244307963,138.00747403083201,138.32467914699814,2133200
2025-10-06,138.8302459716797,139.01859359824778,138.45355071854357,138.8203233855065,3492300
2025-10-07,137.99757385253906,139.0086793941994,136.6890629738335,139.0086793941994,1473400
2025-10-08,138.8104248046875,138.83025485240884,138.18590687156902,138.28504198428115,2837100
2025-10-09,138.1363525390625,138.95911043448737,137.79930223601892,138.76085533768747,2724000
2025-10-10,134.52804565429688,138.44364025674824,134.5181230683388,138.13634260991262,2873300
2025-10-13,136.6196746826172,136.89723483430893,135.94558922429877,136.03480174607958,1550300
2025-10-14,136.4808807373047,137.1847037093627,134.80561235127635,135.31116510524885,3189600
2025-10-15,137.3532257080078,138.15616868901802,136.2429850553413,137.62087841030936,4040800
2025-10-16,136.87741088867188,138.22556673950754,136.28263046516707,137.91826906685804,6639600
2025-10-17,137.42262268066406,137.6109703174967,136.2826293988486,136.48088449650083,3000200
2025-10-20,138.80050659179688,139.1672792538101,138.07685360202296,138.19581875324099,1959800
2025-10-21,138.39407348632812,138.81041369980156,137.20452785841925,138.41390353246305,1417400
2025-10-22,137.84886169433594,138.61215965436784,137.08556373430403,138.60225219417282,1787400
2025-10-23,138.73110961914062,138.9690247967569,137.96781165944512,138.19581937687076,2042500
2025-10-24,139.63319396972656,140.39649196396323,139.41510882851608,139.45475379696614,3129500
2025-10-27,141.1002960205078,141.17960108116836,140.59474327542722,140.59474327542722,2008600
2025-10-28,141.3084716796875,141.65541429849782,140.9615139349837,141.13003151427333,2245000
2025-10-29,141.31837463378906,141.80411243570725,140.3964817072076,141.7545448843453,4621100
2025-10-30,139.94049072265625,140.87230629704948,139.94049072265625,140.2874484793836,4218600
2025-10-31,140.17840576171875,140.65422100898823,139.5935479446694,140.37666085425653,3685900
2025-11-03,140.48570251464844,140.8822126971573,139.79180213231095,140.8822126971573,3650500
2025-11-04,138.69146728515625,139.62328284114116,138.54276462411332,138.84015482030546,3652000
2025-11-05,139.33580017089844,139.8413680424311,138.57250219635466,138.6022548292922,2888000
2025-11-06,138.1264190673828,139.36553223210217,137.7893839167935,139.1672771509257,4713000
2025-11-07,138.32467651367188,138.35442914595552,136.4313230612864,137.6902511675237,5357700
2025-11-10,140.346923828125,140.4956113665649,139.17719306411962,139.4448457592055,2521400
2025-11-11,140.81283569335938,140.94169318844007,140.10901269728006,140.13875020582904,1579100
2025-11-12,141.09039306640625,141.23908060621014,140.71369779771084,141.1300380350559,3119200
2025-11-13,138.9293670654297,140.6839556061736,138.66172950269274,140.48570051773726,3793400
2025-11-14,138.8599853515625,139.52414822070298,137.27391438359842,137.62087213468237,4763800
2025-11-17,137.373046875,138.89962767372893,136.5304438532116,138.16608234387846,4779900
2025-11-18,136.1934051513672,137.36313584085485,135.3111571857413,136.40158281781513,5636400
2025-11-19,136.3817596435547,137.561397852445,135.6581217562961,136.1934120134436,3049000
2025-11-20,134.3198699951172,138.54276230757563,134.26039498205196,138.27512474878213,6041300
2025-11-21,135.648193359375,136.5899163436973,134.05221499086923,134.81551293908325,7666300
2025-11-24,137.15496826171875,137.40279091215365,135.94559251752497,136.24298272322568,3684600
2025-11-25,138.40399169921875,138.55269436794356,136.53045303008417,137.39288615618355,4441000
2025-11-26,139.54397583007812,139.87110352872796,138.87981297253822,138.9293653996329,2508000
2025-11-28,140.23788452148438,140.2973595382444,139.62328918043832,139.69267165802685,2465800
2025-12-01,139.6133575439453,140.14866291187565,139.32588993960746,139.32588993960746,3559800
2025-12-02,139.920654296875,140.2081370252619,139.42500902465667,140.02969686179875,3396100
2025-12-03,140.446044921875,140.57491754013756,139.6232870348124,139.8611870981966,3339500
2025-12-04,140.7335205078125,140.84256307328178,140.168477634228,140.78308806046098,3013600
2025-12-05,140.86239624023438,141.53646656832836,140.7236161652801,141.08048137600449,9197200
2025-12-08,140.5253448486328,141.0804802699916,140.15857218039193,141.0804802699916,1880300
2025-12-09,140.4163055419922,140.83266089915224,140.30726297243007,140.49561060402772,2184300
2025-12-10,141.55628967285156,141.82394234924217,140.2279640025905,140.3667440707388,3293500
2025-12-11,141.9329833984375,141.9825509545072,140.7236227605251,141.1796079742195,3394900
2025-12-12,140.53526306152344,141.99246135471984,140.0396177951544,141.89332625108878,9587300
2025-12-15,140.56500244140625,141.50672543488355,140.30725721888655,141.34811531731657,2818900
2025-12-16,139.99000549316406,140.5,139.3300018310547,140.02000427246094,2664000
2025-12-17,138.55999755859375,140.24000549316406,138.50999450683594,140.07000732421875,3601000
2025-12-18,139.7100067138672,140.52999877929688,139.44000244140625,139.9499969482422,4226900
2025-12-19,140.91000366210938,141.13999938964844,140.1999969482422,140.3300018310547,2607100
2025-12-22,141.74000549316406,141.85000610351562,141.25999450683594,141.25999450683594,3352800
2025-12-23,142.4600067138672,142.49000549316406,141.6699981689453,141.77000427246094,2152300
2025-12-24,142.7100067138672,142.86000061035156,142.36000061035156,142.5,1780800
2025-12-26,142.89999389648438,143.0399932861328,142.67999267578125,142.8000030517578,2068500
2025-12-29,142.41000366210938,142.6699981689453,142.0500030517578,142.25,2902500
2025-12-30,142.41000366210938,142.75,142.3300018310547,142.49000549316406,2691400
2025-12-31,141.49000549316406,142.89999389648438,141.47999572753906,142.5500030517578,4232700
2026-01-02,142.49000549316406,142.9499969482422,141.49000549316406,142.77000427246094,5218800
2026-01-05,143.67999267578125,144.6999969482422,142.99000549316406,143.08999633789062,7924000
2026-01-06,144.35000610351562,144.47000122070312,143.80999755859375,143.8300018310547,3321300
2026-01-07,143.80999755859375,144.49000549316406,143.72999572753906,144.22999572753906,2909500
2026-01-08,143.77000427246094,143.91000366210938,143.30999755859375,143.61000061035156,7426100
2026-01-09,144.75,144.97000122070312,143.8699951171875,144.08999633789062,2359000
2026-01-12,145.3800048828125,145.47999572753906,144.42999267578125,144.6300048828125,2887000
2026-01-13,144.88999938964844,145.39999389648438,144.52999877929688,145.30999755859375,4752400
2026-01-14,144.7100067138672,144.7899932861328,143.9499969482422,144.72000122070312,3001800
2026-01-15,145.0,145.6300048828125,144.8800048828125,145.47000122070312,3457900
2026-01-16,145.0,145.3000030517578,144.52000427246094,145.25999450683594,2625100
2026-01-20,142.36000061035156,143.66000366210938,142.2100067138672,142.83999633789062,4322400
2026-01-21,144.00999450683594,144.6300048828125,142.57000732421875,142.8800048828125,5535100
2026-01-22,144.80999755859375,145.1699981689453,144.3800048828125,144.9499969482422,2681400
2026-01-23,145.16000366210938,145.25,144.3800048828125,144.6300048828125,3350300
2026-01-26,145.72000122070312,146.1300048828125,145.32000732421875,145.32000732421875,3018900
2026-01-27,147.05999755859375,147.16000366210938,146.44000244140625,146.4499969482422,3690800
2026-01-28,146.83999633789062,147.30999755859375,146.38999938964844,147.25,4428900
2026-01-29,146.6999969482422,147.42999267578125,144.85000610351562,147.38999938964844,4339000
2026-01-30,145.5,146.42999267578125,144.72000122070312,146.11000061035156,6876200
2026-02-02,146.30999755859375,146.57000732421875,145.0500030517578,145.1300048828125,4847400
2026-02-03,145.5399932861328,146.63999938964844,144.36000061035156,146.47999572753906,4628000
2026-02-04,144.99000549316406,146.25,144.1699981689453,146.14999389648438,6793500
2026-02-05,143.2100067138672,144.5399932861328,142.9199981689453,143.80999755859375,4062200
2026-02-06,146.27999877929688,146.47000122070312,144.4199981689453,144.4600067138672,4312200
2026-02-09,147.41000366210938,147.67999267578125,146.0399932861328,146.27999877929688,3577700
2026-02-10,147.30999755859375,148.00999450683594,147.24000549316406,147.82000732421875,6799600
2026-02-11,147.7100067138672,148.41000366210938,146.8800048828125,148.25,7414900
2026-02-12,145.64999389648438,148.3699951171875,145.52999877929688,148.3000030517578,10575900
2026-02-13,145.94000244140625,146.61000061035156,144.77000427246094,145.61000061035156,11700300
2026-02-17,146.0,146.36000061035156,144.38999938964844,145.27999877929688,6739500
2026-02-18,146.6300048828125,147.2899932861328,146.0500030517578,146.33999633789062,4213700
2026-02-19,146.33999633789062,146.39999389648438,145.63999938964844,145.8000030517578,4351100
2026-02-20,147.6300048828125,147.6699981689453,145.8699951171875,146.0,9126700
2026-02-23,146.25999450683594,147.72999572753906,145.83999633789062,147.0800018310547,7129000
2026-02-24,147.3300018310547,147.5399932861328,145.9199981689453,146.2899932861328,4873400
2026-02-25,148.64999389648438,148.75,147.97000122070312,148.1699981689453,4710400
2026-02-26,147.9499969482422,148.60000610351562,146.88999938964844,148.47999572753906,5766700
2026-02-27,147.3800048828125,147.6199951171875,146.69000244140625,147.00999450683594,7754000
2026-03-02,146.5500030517578,147.05999755859375,144.9600067138672,145.13999938964844,8736500
2026-03-03,143.67999267578125,144.27999877929688,140.99000549316406,142.2899932861328,17311900
2026-03-04,145.0,145.35000610351562,143.67999267578125,144.07000732421875,7875000
2026-03-05,143.32000732421875,144.52999877929688,142.07000732421875,143.64999389648438,13123200
2026-03-06,141.67999267578125,142.44000244140625,140.63999938964844,141.24000549316406,9653400
2026-03-09,143.0500030517578,143.49000549316406,139.25,140.3300018310547,9087300
2026-03-10,143.0500030517578,144.80999755859375,142.6300048828125,143.39999389648438,8145900
2026-03-11,142.94000244140625,143.64999389648438,142.19000244140625,142.86000061035156,5533900
2026-03-12,140.4499969482422,141.7899932861328,140.41000366210938,141.7899932861328,14277100
2026-03-13,139.5399932861328,141.83999633789062,139.3000030517578,141.1300048828125,5931900
2026-03-16,141.47999572753906,142.07000732421875,140.88999938964844,141.05999755859375,3359400
2026-03-17,141.8800048828125,142.69000244140625,141.75999450683594,142.55999755859375,3908000
2026-03-18,139.7100067138672,141.55999755859375,139.67999267578125,141.25,3895500
2026-03-19,139.3800048828125,140.0399932861328,137.9199981689453,138.16000366210938,5816000
2026-03-20,136.5399932861328,139.02999877929688,135.85000610351562,138.8000030517578,4892800
2026-03-23,138.80999755859375,140.27999877929688,138.10000610351562,138.72000122070312,7483100
2026-03-24,138.0399932861328,138.86000061035156,137.17999267578125,137.47000122070312,6268600
2026-03-25,139.33999633789062,140.02999877929688,138.67999267578125,139.47000122070312,4464700
2026-03-26,136.3800048828125,138.6699981689453,136.30999755859375,137.88999938964844,6633100
2026-03-27,134.5500030517578,136.1199951171875,134.25999450683594,135.99000549316406,3699300
2026-03-30,134.19000244140625,135.8699951171875,133.64999389648438,135.75999450683594,4458600
2026-03-31,138.3699951171875,138.52000427246094,135.4499969482422,135.72999572753906,9946300
2026-04-01,139.6699981689453,140.49000549316406,139.24000549316406,139.5399932861328,7240300
2026-04-02,139.44000244140625,139.97000122070312,137.07000732421875,137.30999755859375,3515800
2026-04-06,140.14999389648438,140.39999389648438,139.52000427246094,139.72000122070312,2980600
2026-04-07,140.1999969482422,140.27999877929688,138.35000610351562,139.63999938964844,3498400
2026-04-08,144.6199951171875,145.42999267578125,143.72999572753906,145.0800018310547,3983600
2026-04-09,145.07000732421875,145.38999938964844,143.6699981689453,144.1699981689453,1766300
2026-04-10,145.0399932861328,145.69000244140625,144.80999755859375,145.4199981689453,3870300
2026-04-13,146.41000366210938,146.44000244140625,144.25,144.3300018310547,8912500
2026-04-14,148.11000061035156,148.19000244140625,146.83999633789062,146.83999633789062,1635600
2026-04-15,148.8000030517578,148.86000061035156,147.88999938964844,148.0,2763500
2026-04-16,148.89999389648438,149.33999633789062,148.4499969482422,149.07000732421875,4669300
2026-04-17,150.89999389648438,151.4199981689453,150.2100067138672,150.38999938964844,3021500
2026-04-20,150.41000366210938,150.60000610351562,149.75999450683594,150.2899932861328,3310000
2026-04-21,148.74000549316406,150.64999389648438,148.52999877929688,150.36000061035156,3359400
2026-04-22,150.1699981689453,151.47000122070312,149.66000366210938,149.86000061035156,2079600
2026-04-23,149.25,150.27000427246094,147.8800048828125,149.7100067138672,6046500
2026-04-24,150.49000549316406,150.85000610351562,149.5500030517578,149.8000030517578,4702700
2026-04-27,150.50999450683594,150.69000244140625,150.0800018310547,150.4199981689453,2850000
2026-04-28,149.6199951171875,149.9499969482422,149.05999755859375,149.6999969482422,3572700
2026-04-29,149.13999938964844,149.5399932861328,148.4600067138672,149.5399932861328,3350300
2026-04-30,151.5399932861328,151.6699981689453,149.5800018310547,150.22000122070312,5417200
2026-05-01,151.66000366210938,152.5800018310547,151.5800018310547,151.72500610351562,2293030
